MFR URL,Ref URL 1,Ref URL 2,Ref URL 3,Ref URL 4,Ref URL 5,PART_NUMBER,Dept,Class,Fine,SKU - MY_PART_NUMBER,Mfg_Part_Num,Part_Desc,E1_Brand,Unilog_Brand,DIB_Brand,Part_Manuf,MANUFACTURER_NAME,BRAND_NAME,TRADE_NAME,MANUFACTURER_PART_NUMBER,ALTERNATE_PART_NUMBER,Classpath,MOBILE_DESC,INVOICE_DESC,SHORT_DESC,LONG_DESC1,RETAIL_DESC,MARKETING_DESCRIPTION,ITEM_FEATURES_1,ITEM_FEATURES_2,ITEM_FEATURES_3,ITEM_FEATURES_4,ITEM_FEATURES_5,ITEM_FEATURES_6,ITEM_FEATURES_7,ITEM_FEATURES_8,ITEM_FEATURES_9,ITEM_FEATURES_10,ITEM_FEATURES_11,ITEM_FEATURES_12,ITEM_FEATURES_13,ITEM_FEATURES_14,ITEM_FEATURES_15,ITEM_FEATURES_16,ITEM_FEATURES_17,ITEM_FEATURES_18,ITEM_FEATURES_19,ITEM_FEATURES_20,With,Standard/Approvals,Prop 65,Application,Includes,Product Name,ATTRIBUTE_LABEL 1,ATTRIBUTE_VALUE 1,ATTRIBUTE_UOM 1,ATTRIBUTE_LABEL 2,ATTRIBUTE_VALUE 2,ATTRIBUTE_UOM 2,ATTRIBUTE_LABEL 3,ATTRIBUTE_VALUE 3,ATTRIBUTE_UOM 3,ATTRIBUTE_LABEL 4,ATTRIBUTE_VALUE 4,ATTRIBUTE_UOM 4,ATTRIBUTE_LABEL 5,ATTRIBUTE_VALUE 5,ATTRIBUTE_UOM 5,ATTRIBUTE_LABEL 6,ATTRIBUTE_VALUE 6,ATTRIBUTE_UOM 6,ATTRIBUTE_LABEL 7,ATTRIBUTE_VALUE 7,ATTRIBUTE_UOM 7,ATTRIBUTE_LABEL 8,ATTRIBUTE_VALUE 8,ATTRIBUTE_UOM 8,ATTRIBUTE_LABEL 9,ATTRIBUTE_VALUE 9,ATTRIBUTE_UOM 9,ATTRIBUTE_LABEL 10,ATTRIBUTE_VALUE 10,ATTRIBUTE_UOM 10,ATTRIBUTE_LABEL 11,ATTRIBUTE_VALUE 11,ATTRIBUTE_UOM 11,ATTRIBUTE_LABEL 12,ATTRIBUTE_VALUE 12,ATTRIBUTE_UOM 12,ATTRIBUTE_LABEL 13,ATTRIBUTE_VALUE 13,ATTRIBUTE_UOM 13,ATTRIBUTE_LABEL 14,ATTRIBUTE_VALUE 14,ATTRIBUTE_UOM 14,ATTRIBUTE_LABEL 15,ATTRIBUTE_VALUE 15,ATTRIBUTE_UOM 15,ATTRIBUTE_LABEL 16,ATTRIBUTE_VALUE 16,ATTRIBUTE_UOM 16,ATTRIBUTE_LABEL 17,ATTRIBUTE_VALUE 17,ATTRIBUTE_UOM 17,ATTRIBUTE_LABEL 18,ATTRIBUTE_VALUE 18,ATTRIBUTE_UOM 18,ATTRIBUTE_LABEL 19,ATTRIBUTE_VALUE 19,ATTRIBUTE_UOM 19,ATTRIBUTE_LABEL 20,ATTRIBUTE_VALUE 20,ATTRIBUTE_UOM 20,ATTRIBUTE_LABEL 21,ATTRIBUTE_VALUE 21,ATTRIBUTE_UOM 21,ATTRIBUTE_LABEL 22,ATTRIBUTE_VALUE 22,ATTRIBUTE_UOM 22,ATTRIBUTE_LABEL 23,ATTRIBUTE_VALUE 23,ATTRIBUTE_UOM 23,ATTRIBUTE_LABEL 24,ATTRIBUTE_VALUE 24,ATTRIBUTE_UOM 24,ATTRIBUTE_LABEL 25,ATTRIBUTE_VALUE 25,ATTRIBUTE_UOM 25,ATTRIBUTE_LABEL 26,ATTRIBUTE_VALUE 26,ATTRIBUTE_UOM 26,ATTRIBUTE_LABEL 27,ATTRIBUTE_VALUE 27,ATTRIBUTE_UOM 27,ATTRIBUTE_LABEL 28,ATTRIBUTE_VALUE 28,ATTRIBUTE_UOM 28,ATTRIBUTE_LABEL 29,ATTRIBUTE_VALUE 29,ATTRIBUTE_UOM 29,ATTRIBUTE_LABEL 30,ATTRIBUTE_VALUE 30,ATTRIBUTE_UOM 30,ATTRIBUTE_LABEL 31,ATTRIBUTE_VALUE 31,ATTRIBUTE_UOM 31,ATTRIBUTE_LABEL 32,ATTRIBUTE_VALUE 32,ATTRIBUTE_UOM 32,ATTRIBUTE_LABEL 33,ATTRIBUTE_VALUE 33,ATTRIBUTE_UOM 33,ATTRIBUTE_LABEL 34,ATTRIBUTE_VALUE 34,ATTRIBUTE_UOM 34,ATTRIBUTE_LABEL 35,ATTRIBUTE_VALUE 35,ATTRIBUTE_UOM 35,ATTRIBUTE_LABEL 36,ATTRIBUTE_VALUE 36,ATTRIBUTE_UOM 36,ATTRIBUTE_LABEL 37,ATTRIBUTE_VALUE 37,ATTRIBUTE_UOM 37,ATTRIBUTE_LABEL 38,ATTRIBUTE_VALUE 38,ATTRIBUTE_UOM 38,ATTRIBUTE_LABEL 39,ATTRIBUTE_VALUE 39,ATTRIBUTE_UOM 39,ATTRIBUTE_LABEL 40,ATTRIBUTE_VALUE 40,ATTRIBUTE_UOM 40,ATTRIBUTE_LABEL 41,ATTRIBUTE_VALUE 41,ATTRIBUTE_UOM 41,ATTRIBUTE_LABEL 42,ATTRIBUTE_VALUE 42,ATTRIBUTE_UOM 42,ATTRIBUTE_LABEL 43,ATTRIBUTE_VALUE 43,ATTRIBUTE_UOM 43,ATTRIBUTE_LABEL 44,ATTRIBUTE_VALUE 44,ATTRIBUTE_UOM 44,ATTRIBUTE_LABEL 45,ATTRIBUTE_VALUE 45,ATTRIBUTE_UOM 45,ATTRIBUTE_LABEL 46,ATTRIBUTE_VALUE 46,ATTRIBUTE_UOM 46,ATTRIBUTE_LABEL 47,ATTRIBUTE_VALUE 47,ATTRIBUTE_UOM 47,ATTRIBUTE_LABEL 48,ATTRIBUTE_VALUE 48,ATTRIBUTE_UOM 48,ATTRIBUTE_LABEL 49,ATTRIBUTE_VALUE 49,ATTRIBUTE_UOM 49,ATTRIBUTE_LABEL 50,ATTRIBUTE_VALUE 50,ATTRIBUTE_UOM 50,UPC,EAN,GTIN,UNSPSC,Warranty,List Price,Selling Qty,Selling UOM,Standard Packaging Information,LENGTH,LENGTH_UOM,HEIGHT,HEIGHT_UOM,WIDTH,WIDTH_UOM,WEIGHT,WEIGHT_UOM,VOLUME,VOLUME_UOM,Product Image,Alternate Image 1,Alternate Image 2,Alternate Image 3,Alternate Image 4,SDS,SDS_1,Warranty Information,Catalog,Specification Sheet,Instruction/Installation Manual,Service Manual,Owners/User Manual,Line Drawing,MTR,RoHS,Full Engineering Drawing,Energy Star Guide,Technical Bulletin,Submittal,Compatibility Chart,Size Chart,Product Label/Insert,Video Link,Video Link 1,Country Of Origin,Discontinued,Actual Image (Yes/No)
,,,,,,67059430,Abrasives & Industrial,Abrasive Products,Sanding & Grinding Discs,5059430,DCB518ASTS06G,"DCB518ASTS06G Diablo 1/2""x18"" - Sanding Belt 6pc",-- Unbranded --,-- No Unilog Brand --,-- No DIB Brand --,Freud Inc (2435),Freud Inc,Freud Inc,,DCB518ASTS06G,,Abrasives & Industrial>Abrasive Products>Discs & Sheets,"Freud Inc, Sanding & Grinding Disc, DCB518ASTS06G",SANDING & GRINDING DISC,Freud Inc DCB518ASTS06G Sanding & Grinding Disc,Freud Inc Sanding & Grinding Disc,Sanding & Grinding Disc,,,,,,,,,,,,,,,,,,,,,,,,,,,Sanding & Grinding Disc,Model,DCB518ASTS06G,,,,,,,,,,,,,,,,,,,,,,,,,,,,,,,,,,,,,,,,,,,,,,,,,,,,,,,,,,,,,,,,,,,,,,,,,,,,,,,,,,,,,,,,,,,,,,,,,,,,,,,,,,,,,,,,,,,,,,,,,,,,,,,,,,,,,,,,,,,,,,,,,,,,,,,,,,,,,,,,,,,,,,,,Freud_Inc_DCB518ASTS06G.jpg,,,,,,,,,Freud_Inc_DCB518ASTS06G_Specification_Sheet.pdf,,,,,,,,,,,,,,,,,,No
,,,,,,66638728,Tools & Hardware,Power Tools,Cutting & Drilling Tools,4638728,3MABR-7100075678,3M 775L Stikit Film P150 - Cubitron II 50 Disc/Box,-- Unbranded --,-- No Unilog Brand --,-- No DIB Brand --,Jam Industrial Supply LLC (JAMIN),Jam Industrial Supply LLC,Jam Industrial Supply LLC,,3MABR-7100075678,,Tools & Hardware>Power Tools>Cutting & Drilling Tools,"Jam Industrial Supply LLC, Cutting & Drilling Tool, 3MABR-7100075678",CUTTING & DRILLING TOOL,Jam Industrial Supply LLC 3MABR-7100075678 Cutting & Drilling Tool,Jam Industrial Supply LLC Cutting & Drilling Tool,Cutting & Drilling Tool,,,,,,,,,,,,,,,,,,,,,,,,,,,Cutting & Drilling Tool,Model,3MABR-7100075678,,,,,,,,,,,,,,,,,,,,,,,,,,,,,,,,,,,,,,,,,,,,,,,,,,,,,,,,,,,,,,,,,,,,,,,,,,,,,,,,,,,,,,,,,,,,,,,,,,,,,,,,,,,,,,,,,,,,,,,,,,,,,,,,,,,,,,,,,,,,,,,,,,,,,,,,,,,,,,,,,,,,,,,,Jam_Industrial_Supply_LLC_3MABR-7100075678.jpg,,,,,,,,,Jam_Industrial_Supply_LLC_3MABR-7100075678_Specification_Sheet.pdf,,,,,,,,,,,,,,,,,,No
,,,,,,88370312,Tools & Hardware,Power Tools,Cutting & Drilling Tools,8370312,3MABR-7100045865,3M 775L Stikit Film P120 - Cubitron II 50 Disc/Box,-- Unbranded --,-- No Unilog Brand --,-- No DIB Brand --,Jam Industrial Supply LLC (JAMIN),Jam Industrial Supply LLC,Jam Industrial Supply LLC,,3MABR-7100045865,,Tools & Hardware>Power Tools>Cutting & Drilling Tools,"Jam Industrial Supply LLC, Cutting & Drilling Tool, 3MABR-7100045865",CUTTING & DRILLING TOOL,Jam Industrial Supply LLC 3MABR-7100045865 Cutting & Drilling Tool,Jam Industrial Supply LLC Cutting & Drilling Tool,Cutting & Drilling Tool,,,,,,,,,,,,,,,,,,,,,,,,,,,Cutting & Drilling Tool,Model,3MABR-7100045865,,,,,,,,,,,,,,,,,,,,,,,,,,,,,,,,,,,,,,,,,,,,,,,,,,,,,,,,,,,,,,,,,,,,,,,,,,,,,,,,,,,,,,,,,,,,,,,,,,,,,,,,,,,,,,,,,,,,,,,,,,,,,,,,,,,,,,,,,,,,,,,,,,,,,,,,,,,,,,,,,,,,,,,,Jam_Industrial_Supply_LLC_3MABR-7100045865.jpg,,,,,,,,,Jam_Industrial_Supply_LLC_3MABR-7100045865_Specification_Sheet.pdf,,,,,,,,,,,,,,,,,,No
,,,,,,37745421,Tools & Hardware,Power Tools,Cutting & Drilling Tools,2745421,3MABR-7100048736,3M 775L Stikit Film P80 - Cubitron II 50 Disc/Box,-- Unbranded --,-- No Unilog Brand --,-- No DIB Brand --,Jam Industrial Supply LLC (JAMIN),Jam Industrial Supply LLC,Jam Industrial Supply LLC,,3MABR-7100048736,,Tools & Hardware>Power Tools>Cutting & Drilling Tools,"Jam Industrial Supply LLC, Cutting & Drilling Tool, 3MABR-7100048736",CUTTING & DRILLING TOOL,Jam Industrial Supply LLC 3MABR-7100048736 Cutting & Drilling Tool,Jam Industrial Supply LLC Cutting & Drilling Tool,Cutting & Drilling Tool,,,,,,,,,,,,,,,,,,,,,,,,,,,Cutting & Drilling Tool,Model,3MABR-7100048736,,,,,,,,,,,,,,,,,,,,,,,,,,,,,,,,,,,,,,,,,,,,,,,,,,,,,,,,,,,,,,,,,,,,,,,,,,,,,,,,,,,,,,,,,,,,,,,,,,,,,,,,,,,,,,,,,,,,,,,,,,,,,,,,,,,,,,,,,,,,,,,,,,,,,,,,,,,,,,,,,,,,,,,,Jam_Industrial_Supply_LLC_3MABR-7100048736.jpg,,,,,,,,,Jam_Industrial_Supply_LLC_3MABR-7100048736_Specification_Sheet.pdf,,,,,,,,,,,,,,,,,,No
,,,,,,28939314,Tools & Hardware,Power Tools,Cutting & Drilling Tools,2939314,3MABR-7100075690,3M 775L Stikit Film P180 - Cubitron II 50 Disc/Box,-- Unbranded --,-- No Unilog Brand --,-- No DIB Brand --,Jam Industrial Supply LLC (JAMIN),Jam Industrial Supply LLC,Jam Industrial Supply LLC,,3MABR-7100075690,3MABR-7100075692,Tools & Hardware>Power Tools>Cutting & Drilling Tools,"Jam Industrial Supply LLC, Cutting & Drilling Tool, 3MABR-7100075690",CUTTING & DRILLING TOOL,Jam Industrial Supply LLC 3MABR-7100075690 Cutting & Drilling Tool,Jam Industrial Supply LLC Cutting & Drilling Tool,Cutting & Drilling Tool,,,,,,,,,,,,,,,,,,,,,,,,,,,Cutting & Drilling Tool,Model,3MABR-7100075690,,,,,,,,,,,,,,,,,,,,,,,,,,,,,,,,,,,,,,,,,,,,,,,,,,,,,,,,,,,,,,,,,,,,,,,,,,,,,,,,,,,,,,,,,,,,,,,,,,,,,,,,,,,,,,,,,,,,,,,,,,,,,,,,,,,,,,,,,,,,,,,,,,,,,,,,,,,,,,,,,,,,,,,,Jam_Industrial_Supply_LLC_3MABR-7100075690.jpg,,,,,,,,,Jam_Industrial_Supply_LLC_3MABR-7100075690_Specification_Sheet.pdf,,,,,,,,,,,,,,,,,,No
,,,,,,22977266,Tools & Hardware,Power Tools,Cutting & Drilling Tools,5977266,3MABR-7100075692,3M 775L Stikit Film P220 - Cubitron II 50 Disc/Box,-- Unbranded --,-- No Unilog Brand --,-- No DIB Brand --,Jam Industrial Supply LLC (JAMIN),Jam Industrial Supply LLC,Jam Industrial Supply LLC,,3MABR-7100075692,3MABR-7100075690,Tools & Hardware>Power Tools>Cutting & Drilling Tools,"Jam Industrial Supply LLC, Cutting & Drilling Tool, 3MABR-7100075692",CUTTING & DRILLING TOOL,Jam Industrial Supply LLC 3MABR-7100075692 Cutting & Drilling Tool,Jam Industrial Supply LLC Cutting & Drilling Tool,Cutting & Drilling Tool,,,,,,,,,,,,,,,,,,,,,,,,,,,Cutting & Drilling Tool,Model,3MABR-7100075692,,,,,,,,,,,,,,,,,,,,,,,,,,,,,,,,,,,,,,,,,,,,,,,,,,,,,,,,,,,,,,,,,,,,,,,,,,,,,,,,,,,,,,,,,,,,,,,,,,,,,,,,,,,,,,,,,,,,,,,,,,,,,,,,,,,,,,,,,,,,,,,,,,,,,,,,,,,,,,,,,,,,,,,,Jam_Industrial_Supply_LLC_3MABR-7100075692.jpg,,,,,,,,,Jam_Industrial_Supply_LLC_3MABR-7100075692_Specification_Sheet.pdf,,,,,,,,,,,,,,,,,,No
,,,,,,23430062,Tools & Hardware,Power Tools,Cutting & Drilling Tools,6430062,3MABR-7100145365,3M 775L Stikit Film P320 - Cubitron II 50 Disc/Box,-- Unbranded --,-- No Unilog Brand --,-- No DIB Brand --,Jam Industrial Supply LLC (JAMIN),Jam Industrial Supply LLC,Jam Industrial Supply LLC,,3MABR-7100145365,,Tools & Hardware>Power Tools>Cutting & Drilling Tools,"Jam Industrial Supply LLC, Cutting & Drilling Tool, 3MABR-7100145365",CUTTING & DRILLING TOOL,Jam Industrial Supply LLC 3MABR-7100145365 Cutting & Drilling Tool,Jam Industrial Supply LLC Cutting & Drilling Tool,Cutting & Drilling Tool,,,,,,,,,,,,,,,,,,,,,,,,,,,Cutting & Drilling Tool,Model,3MABR-7100145365,,,,,,,,,,,,,,,,,,,,,,,,,,,,,,,,,,,,,,,,,,,,,,,,,,,,,,,,,,,,,,,,,,,,,,,,,,,,,,,,,,,,,,,,,,,,,,,,,,,,,,,,,,,,,,,,,,,,,,,,,,,,,,,,,,,,,,,,,,,,,,,,,,,,,,,,,,,,,,,,,,,,,,,,Jam_Industrial_Supply_LLC_3MABR-7100145365.jpg,,,,,,,,,Jam_Industrial_Supply_LLC_3MABR-7100145365_Specification_Sheet.pdf,,,,,,,,,,,,,,,,,,No
,,,,,,72947907,Abrasives & Industrial,Abrasive Products,Sanding & Grinding Discs,1947907,5B-332-080,"5B-332-080 HIOLIT 5"" P80",-- Unbranded --,-- No Unilog Brand --,-- No DIB Brand --,Mirka Abrasives Inc (MIRUS),Mirka Abrasives Inc,Mirka Abrasives Inc,,5B-332-080,,Abrasives & Industrial>Abrasive Products>Discs & Sheets,"Mirka Abrasives Inc, Sanding & Grinding Disc, 5B-332-080",SANDING & GRINDING DISC,Mirka Abrasives Inc 5B-332-080 Sanding & Grinding Disc,Mirka Abrasives Inc Sanding & Grinding Disc,Sanding & Grinding Disc,,,,,,,,,,,,,,,,,,,,,,,,,,,Sanding & Grinding Disc,Model,5B-332-080,,,,,,,,,,,,,,,,,,,,,,,,,,,,,,,,,,,,,,,,,,,,,,,,,,,,,,,,,,,,,,,,,,,,,,,,,,,,,,,,,,,,,,,,,,,,,,,,,,,,,,,,,,,,,,,,,,,,,,,,,,,,,,,,,,,,,,,,,,,,,,,,,,,,,,,,,,,,,,,,,,,,,,,,Mirka_Abrasives_Inc_5B-332-080.jpg,,,,,,,,,Mirka_Abrasives_Inc_5B-332-080_Specification_Sheet.pdf,,,,,,,,,,,,,,,,,,No
,,,,,,87613403,Abrasives & Industrial,Abrasive Products,Sanding & Grinding Discs,7613403,5B-332-120,"5B-332-120 HIOLIT 5"" P120",-- Unbranded --,-- No Unilog Brand --,-- No DIB Brand --,Mirka Abrasives Inc (MIRUS),Mirka Abrasives Inc,Mirka Abrasives Inc,,5B-332-120,,Abrasives & Industrial>Abrasive Products>Discs & Sheets,"Mirka Abrasives Inc, Sanding & Grinding Disc, 5B-332-120",SANDING & GRINDING DISC,Mirka Abrasives Inc 5B-332-120 Sanding & Grinding Disc,Mirka Abrasives Inc Sanding & Grinding Disc,Sanding & Grinding Disc,,,,,,,,,,,,,,,,,,,,,,,,,,,Sanding & Grinding Disc,Model,5B-332-120,,,,,,,,,,,,,,,,,,,,,,,,,,,,,,,,,,,,,,,,,,,,,,,,,,,,,,,,,,,,,,,,,,,,,,,,,,,,,,,,,,,,,,,,,,,,,,,,,,,,,,,,,,,,,,,,,,,,,,,,,,,,,,,,,,,,,,,,,,,,,,,,,,,,,,,,,,,,,,,,,,,,,,,,Mirka_Abrasives_Inc_5B-332-120.jpg,,,,,,,,,Mirka_Abrasives_Inc_5B-332-120_Specification_Sheet.pdf,,,,,,,,,,,,,,,,,,No
,,,,,,19848922,Abrasives & Industrial,Abrasive Products,Sanding & Grinding Discs,2848922,9A-570-240,9A-570-240 Abranet 2.75x30,-- Unbranded --,-- No Unilog Brand --,-- No DIB Brand --,Mirka Abrasives Inc (MIRUS),Mirka Abrasives Inc,Mirka Abrasives Inc,,9A-570-240,9A-570-320,Abrasives & Industrial>Abrasive Products>Discs & Sheets,"Mirka Abrasives Inc, Sanding & Grinding Disc, 9A-570-240",SANDING & GRINDING DISC 9A,Mirka Abrasives Inc 9A-570-240 Sanding & Grinding Disc,"Mirka Abrasives Inc Sanding & Grinding Disc, 9 A",Sanding & Grinding Disc,,,,,,,,,,,,,,,,,,,,,,,,,,,Sanding & Grinding Disc,Model,9A-570-240,,Amperage Rating,9,A,,,,,,,,,,,,,,,,,,,,,,,,,,,,,,,,,,,,,,,,,,,,,,,,,,,,,,,,,,,,,,,,,,,,,,,,,,,,,,,,,,,,,,,,,,,,,,,,,,,,,,,,,,,,,,,,,,,,,,,,,,,,,,,,,,,,,,,,,,,,,,,,,,,,,,,,,,,,,,,,,,,,Mirka_Abrasives_Inc_9A-570-240.jpg,,,,,,,,,Mirka_Abrasives_Inc_9A-570-240_Specification_Sheet.pdf,,,,,,,,,,,,,,,,,,No
,,,,,,80478200,Abrasives & Industrial,Abrasive Products,Sanding & Grinding Discs,9478200,9A-570-320,9A-570-320 Abranet 2.75x30,-- Unbranded --,-- No Unilog Brand --,-- No DIB Brand --,Mirka Abrasives Inc (MIRUS),Mirka Abrasives Inc,Mirka Abrasives Inc,,9A-570-320,9A-570-240,Abrasives & Industrial>Abrasive Products>Discs & Sheets,"Mirka Abrasives Inc, Sanding & Grinding Disc, 9A-570-320",SANDING & GRINDING DISC 9A,Mirka Abrasives Inc 9A-570-320 Sanding & Grinding Disc,"Mirka Abrasives Inc Sanding & Grinding Disc, 9 A",Sanding & Grinding Disc,,,,,,,,,,,,,,,,,,,,,,,,,,,Sanding & Grinding Disc,Model,9A-570-320,,Amperage Rating,9,A,,,,,,,,,,,,,,,,,,,,,,,,,,,,,,,,,,,,,,,,,,,,,,,,,,,,,,,,,,,,,,,,,,,,,,,,,,,,,,,,,,,,,,,,,,,,,,,,,,,,,,,,,,,,,,,,,,,,,,,,,,,,,,,,,,,,,,,,,,,,,,,,,,,,,,,,,,,,,,,,,,,,Mirka_Abrasives_Inc_9A-570-320.jpg,,,,,,,,,Mirka_Abrasives_Inc_9A-570-320_Specification_Sheet.pdf,,,,,,,,,,,,,,,,,,No
,,,,,,30661815,Tools & Industrial Hardware,Industrial Maintenance,General Supplies,4661815,DBD090094101F,"DBD090094101F Diablo 9"" - Metal Cut-Off Disc",-- Unbranded --,-- No Unilog Brand --,-- No DIB Brand --,Freud Inc (2435),Freud Inc,Freud Inc,,DBD090094101F,,Tools & Industrial Hardware>Industrial Maintenance>General Supplies,"Freud Inc, General Supplie, DBD090094101F",GENERAL SUPPLIE,Freud Inc DBD090094101F General Supplie,Freud Inc General Supplie,General Supplie,,,,,,,,,,,,,,,,,,,,,,,,,,,General Supplie,Model,DBD090094101F,,,,,,,,,,,,,,,,,,,,,,,,,,,,,,,,,,,,,,,,,,,,,,,,,,,,,,,,,,,,,,,,,,,,,,,,,,,,,,,,,,,,,,,,,,,,,,,,,,,,,,,,,,,,,,,,,,,,,,,,,,,,,,,,,,,,,,,,,,,,,,,,,,,,,,,,,,,,,,,,,,,,,,,,Freud_Inc_DBD090094101F.jpg,,,,,,,,,Freud_Inc_DBD090094101F_Specification_Sheet.pdf,,,,,,,,,,,,,,,,,,No
,,,,,,43884755,Tools & Industrial Hardware,Industrial Maintenance,General Supplies,8884755,DBDS12125A01F,"DBDS12125A01F Diablo 12"" - Steel Demon Metal Cut-Off Disc",-- Unbranded --,-- No Unilog Brand --,-- No DIB Brand --,Freud Inc (2435),Freud Inc,Freud Inc,,DBDS12125A01F,"DBDS12125G01F, DBDS14125A01F",Tools & Industrial Hardware>Industrial Maintenance>General Supplies,"Freud Inc, General Supplie, DBDS12125A01F",GENERAL SUPPLIE STEE,"Freud Inc DBDS12125A01F General Supplie, Steel","Freud Inc General Supplie, Steel","General Supplie, Steel",,,,,,,,,,,,,,,,,,,,,,,,,,,General Supplie,Model,DBDS12125A01F,,Material,Steel,,Color,Steel,,,,,,,,,,,,,,,,,,,,,,,,,,,,,,,,,,,,,,,,,,,,,,,,,,,,,,,,,,,,,,,,,,,,,,,,,,,,,,,,,,,,,,,,,,,,,,,,,,,,,,,,,,,,,,,,,,,,,,,,,,,,,,,,,,,,,,,,,,,,,,,,,,,,,,,,,,,,,,,,,,Freud_Inc_DBDS12125A01F.jpg,,,,,,,,,Freud_Inc_DBDS12125A01F_Specification_Sheet.pdf,,,,,,,,,,,,,,,,,,No
,,,,,,42360506,Tools & Industrial Hardware,Industrial Maintenance,General Supplies,7360506,DBDS12125G01F,"DBDS12125G01F Diablo 12""x20mm - Speed Demon Metal Cut-Off Disc",-- Unbranded --,-- No Unilog Brand --,-- No DIB Brand --,Freud Inc (2435),Freud Inc,Freud Inc,,DBDS12125G01F,"DBDS12125A01F, DBDS14125G01F",Tools & Industrial Hardware>Industrial Maintenance>General Supplies,"Freud Inc, General Supplie, DBDS12125G01F",GENERAL SUPPLIE,Freud Inc DBDS12125G01F General Supplie,Freud Inc General Supplie,General Supplie,,,,,,,,,,,,,,,,,,,,,,,,,,,General Supplie,Model,DBDS12125G01F,,,,,,,,,,,,,,,,,,,,,,,,,,,,,,,,,,,,,,,,,,,,,,,,,,,,,,,,,,,,,,,,,,,,,,,,,,,,,,,,,,,,,,,,,,,,,,,,,,,,,,,,,,,,,,,,,,,,,,,,,,,,,,,,,,,,,,,,,,,,,,,,,,,,,,,,,,,,,,,,,,,,,,,,Freud_Inc_DBDS12125G01F.jpg,,,,,,,,,Freud_Inc_DBDS12125G01F_Specification_Sheet.pdf,,,,,,,,,,,,,,,,,,No
,,,,,,44206248,Tools & Industrial Hardware,Industrial Maintenance,General Supplies,9206248,DBDS14125A01F,"DBDS14125A01F Diablo 14""x1"" - Steel Demon Metal Cut-Off Disc",-- Unbranded --,-- No Unilog Brand --,-- No DIB Brand --,Freud Inc (2435),Freud Inc,Freud Inc,,DBDS14125A01F,"DBDS12125A01F, DBDS14125G01F",Tools & Industrial Hardware>Industrial Maintenance>General Supplies,"Freud Inc, General Supplie, DBDS14125A01F",GENERAL SUPPLIE STEE,"Freud Inc DBDS14125A01F General Supplie, Steel","Freud Inc General Supplie, Steel","General Supplie, Steel",,,,,,,,,,,,,,,,,,,,,,,,,,,General Supplie,Model,DBDS14125A01F,,Material,Steel,,Color,Steel,,,,,,,,,,,,,,,,,,,,,,,,,,,,,,,,,,,,,,,,,,,,,,,,,,,,,,,,,,,,,,,,,,,,,,,,,,,,,,,,,,,,,,,,,,,,,,,,,,,,,,,,,,,,,,,,,,,,,,,,,,,,,,,,,,,,,,,,,,,,,,,,,,,,,,,,,,,,,,,,,,Freud_Inc_DBDS14125A01F.jpg,,,,,,,,,Freud_Inc_DBDS14125A01F_Specification_Sheet.pdf,,,,,,,,,,,,,,,,,,No
,,,,,,30909330,Tools & Industrial Hardware,Industrial Maintenance,General Supplies,4909330,DBDS14125G01F,"DBDS14125G01F Diablo 14""x20mm - Steel Demon Metal Cut-Off Disc",-- Unbranded --,-- No Unilog Brand --,-- No DIB Brand --,Freud Inc (2435),Freud Inc,Freud Inc,,DBDS14125G01F,"DBDS12125G01F, DBDS14125A01F",Tools & Industrial Hardware>Industrial Maintenance>General Supplies,"Freud Inc, General Supplie, DBDS14125G01F",GENERAL SUPPLIE STEE,"Freud Inc DBDS14125G01F General Supplie, Steel","Freud Inc General Supplie, Steel","General Supplie, Steel",,,,,,,,,,,,,,,,,,,,,,,,,,,General Supplie,Model,DBDS14125G01F,,Material,Steel,,Color,Steel,,,,,,,,,,,,,,,,,,,,,,,,,,,,,,,,,,,,,,,,,,,,,,,,,,,,,,,,,,,,,,,,,,,,,,,,,,,,,,,,,,,,,,,,,,,,,,,,,,,,,,,,,,,,,,,,,,,,,,,,,,,,,,,,,,,,,,,,,,,,,,,,,,,,,,,,,,,,,,,,,,Freud_Inc_DBDS14125G01F.jpg,,,,,,,,,Freud_Inc_DBDS14125G01F_Specification_Sheet.pdf,,,,,,,,,,,,,,,,,,No
,,,,,,24767949,Tools & Industrial Hardware,Industrial Maintenance,General Supplies,7767949,49-94-0013,"49-94-0013 Milw 5""x.045""x7/8"" Metal Cut Off Disc",-- Unbranded --,-- No Unilog Brand --,-- No DIB Brand --,Milwaukee Accessory (4031),Milwaukee Accessory,Milwaukee Accessory,,49-94-0013,"49-94-0001, 49-94-0023, 49-94-0033, 49-94-0039, 49-94-0043, 49-94-0053, 49-94-0063, 49-94-0073, 49-94-0101, 49-94-0123, 49-94-0137, 49-94-0501, 49-94-0503, 49-94-0513, 49-94-0803, 49-94-0903",Tools & Industrial Hardware>Industrial Maintenance>General Supplies,"Milwaukee Accessory, General Supplie, 49-94-0013",GENERAL SUPPLIE,Milwaukee Accessory 49-94-0013 General Supplie,Milwaukee Accessory General Supplie,General Supplie,,,,,,,,,,,,,,,,,,,,,,,,,,,General Supplie,Model,49-94-0013,,,,,,,,,,,,,,,,,,,,,,,,,,,,,,,,,,,,,,,,,,,,,,,,,,,,,,,,,,,,,,,,,,,,,,,,,,,,,,,,,,,,,,,,,,,,,,,,,,,,,,,,,,,,,,,,,,,,,,,,,,,,,,,,,,,,,,,,,,,,,,,,,,,,,,,,,,,,,,,,,,,,,,,,Milwaukee_Accessory_49-94-0013.jpg,,,,,,,,,Milwaukee_Accessory_49-94-0013_Specification_Sheet.pdf,,,,,,,,,,,,,,,,,,No
,,,,,,59904323,Tools & Industrial Hardware,Industrial Maintenance,General Supplies,6904323,49-94-0029,"49-94-0029 Milw 6-1/2""x1/8""x5/8"" DKO Metal Cut Off Disc",-- Unbranded --,-- No Unilog Brand --,-- No DIB Brand --,Milwaukee Accessory (4031),Milwaukee Accessory,Milwaukee Accessory,,49-94-0029,"49-94-0023, 49-94-0039",Tools & Industrial Hardware>Industrial Maintenance>General Supplies,"Milwaukee Accessory, General Supplie, 49-94-0029",GENERAL SUPPLIE,Milwaukee Accessory 49-94-0029 General Supplie,Milwaukee Accessory General Supplie,General Supplie,,,,,,,,,,,,,,,,,,,,,,,,,,,General Supplie,Model,49-94-0029,,,,,,,,,,,,,,,,,,,,,,,,,,,,,,,,,,,,,,,,,,,,,,,,,,,,,,,,,,,,,,,,,,,,,,,,,,,,,,,,,,,,,,,,,,,,,,,,,,,,,,,,,,,,,,,,,,,,,,,,,,,,,,,,,,,,,,,,,,,,,,,,,,,,,,,,,,,,,,,,,,,,,,,,Milwaukee_Accessory_49-94-0029.jpg,,,,,,,,,Milwaukee_Accessory_49-94-0029_Specification_Sheet.pdf,,,,,,,,,,,,,,,,,,No
,,,,,,62362821,Tools & Industrial Hardware,Industrial Maintenance,General Supplies,9362821,49-94-0033,"49-94-0033 Milw 7""x1/16""x7/8"" Metal Cut Off Disc",-- Unbranded --,-- No Unilog Brand --,-- No DIB Brand --,Milwaukee Accessory (4031),Milwaukee Accessory,Milwaukee Accessory,,49-94-0033,"49-94-0013, 49-94-0023, 49-94-0039, 49-94-0043, 49-94-0053, 49-94-0063, 49-94-0073, 49-94-0503, 49-94-0533, 49-94-0803, 49-94-0903",Tools & Industrial Hardware>Industrial Maintenance>General Supplies,"Milwaukee Accessory, General Supplie, 49-94-0033",GENERAL SUPPLIE,Milwaukee Accessory 49-94-0033 General Supplie,Milwaukee Accessory General Supplie,General Supplie,,,,,,,,,,,,,,,,,,,,,,,,,,,General Supplie,Model,49-94-0033,,,,,,,,,,,,,,,,,,,,,,,,,,,,,,,,,,,,,,,,,,,,,,,,,,,,,,,,,,,,,,,,,,,,,,,,,,,,,,,,,,,,,,,,,,,,,,,,,,,,,,,,,,,,,,,,,,,,,,,,,,,,,,,,,,,,,,,,,,,,,,,,,,,,,,,,,,,,,,,,,,,,,,,,Milwaukee_Accessory_49-94-0033.jpg,,,,,,,,,Milwaukee_Accessory_49-94-0033_Specification_Sheet.pdf,,,,,,,,,,,,,,,,,,No
,,,,,,89782429,Tools & Industrial Hardware,Industrial Maintenance,General Supplies,9782429,49-94-0001,"49-94-0001 Milw 4""x.040""x5/8"" Metal Cut Off Disc",-- Unbranded --,-- No Unilog Brand --,-- No DIB Brand --,Milwaukee Accessory (4031),Milwaukee Accessory,Milwaukee Accessory,,49-94-0001,"49-94-0013, 49-94-0101, 49-94-0501",Tools & Industrial Hardware>Industrial Maintenance>General Supplies,"Milwaukee Accessory, General Supplie, 49-94-0001",GENERAL SUPPLIE,Milwaukee Accessory 49-94-0001 General Supplie,Milwaukee Accessory General Supplie,General Supplie,,,,,,,,,,,,,,,,,,,,,,,,,,,General Supplie,Model,49-94-0001,,,,,,,,,,,,,,,,,,,,,,,,,,,,,,,,,,,,,,,,,,,,,,,,,,,,,,,,,,,,,,,,,,,,,,,,,,,,,,,,,,,,,,,,,,,,,,,,,,,,,,,,,,,,,,,,,,,,,,,,,,,,,,,,,,,,,,,,,,,,,,,,,,,,,,,,,,,,,,,,,,,,,,,,Milwaukee_Accessory_49-94-0001.jpg,,,,,,,,,Milwaukee_Accessory_49-94-0001_Specification_Sheet.pdf,,,,,,,,,,,,,,,,,,No
,,,,,,50177674,Tools & Industrial Hardware,Industrial Maintenance,General Supplies,6177674,49-94-0039,"49-94-0039 Milw 7""x1/8""x5/8"" DKO Metal Cut Off Disc",-- Unbranded --,-- No Unilog Brand --,-- No DIB Brand --,Milwaukee Accessory (4031),Milwaukee Accessory,Milwaukee Accessory,,49-94-0039,"49-94-0013, 49-94-0023, 49-94-0029, 49-94-0033, 49-94-0043, 49-94-0053, 49-94-0063, 49-94-0073, 49-94-0503, 49-94-0803, 49-94-0903",Tools & Industrial Hardware>Industrial Maintenance>General Supplies,"Milwaukee Accessory, General Supplie, 49-94-0039",GENERAL SUPPLIE,Milwaukee Accessory 49-94-0039 General Supplie,Milwaukee Accessory General Supplie,General Supplie,,,,,,,,,,,,,,,,,,,,,,,,,,,General Supplie,Model,49-94-0039,,,,,,,,,,,,,,,,,,,,,,,,,,,,,,,,,,,,,,,,,,,,,,,,,,,,,,,,,,,,,,,,,,,,,,,,,,,,,,,,,,,,,,,,,,,,,,,,,,,,,,,,,,,,,,,,,,,,,,,,,,,,,,,,,,,,,,,,,,,,,,,,,,,,,,,,,,,,,,,,,,,,,,,,Milwaukee_Accessory_49-94-0039.jpg,,,,,,,,,Milwaukee_Accessory_49-94-0039_Specification_Sheet.pdf,,,,,,,,,,,,,,,,,,No
,,,,,,69106165,Tools & Industrial Hardware,Industrial Maintenance,General Supplies,7106165,49-94-0043,"49-94-0043 Milw 9""x3/32""x7/8"" Metal Cut Off Disc",-- Unbranded --,-- No Unilog Brand --,-- No DIB Brand --,Milwaukee Accessory (4031),Milwaukee Accessory,Milwaukee Accessory,,49-94-0043,"49-94-0013, 49-94-0023, 49-94-0033, 49-94-0039, 49-94-0048, 49-94-0053, 49-94-0063, 49-94-0073, 49-94-0503, 49-94-0803, 49-94-0903",Tools & Industrial Hardware>Industrial Maintenance>General Supplies,"Milwaukee Accessory, General Supplie, 49-94-0043",GENERAL SUPPLIE,Milwaukee Accessory 49-94-0043 General Supplie,Milwaukee Accessory General Supplie,General Supplie,,,,,,,,,,,,,,,,,,,,,,,,,,,General Supplie,Model,49-94-0043,,,,,,,,,,,,,,,,,,,,,,,,,,,,,,,,,,,,,,,,,,,,,,,,,,,,,,,,,,,,,,,,,,,,,,,,,,,,,,,,,,,,,,,,,,,,,,,,,,,,,,,,,,,,,,,,,,,,,,,,,,,,,,,,,,,,,,,,,,,,,,,,,,,,,,,,,,,,,,,,,,,,,,,,Milwaukee_Accessory_49-94-0043.jpg,,,,,,,,,Milwaukee_Accessory_49-94-0043_Specification_Sheet.pdf,,,,,,,,,,,,,,,,,,No
,,,,,,97160725,Tools & Industrial Hardware,Industrial Maintenance,General Supplies,8160725,49-94-0048,"49-94-0048 Milw 12""x7/64""x1"" Metal Cut Off Disc General Purpose",-- Unbranded --,-- No Unilog Brand --,-- No DIB Brand --,Milwaukee Accessory (4031),Milwaukee Accessory,Milwaukee Accessory,,49-94-0048,"49-94-0043, 49-94-0058, 49-94-0068",Tools & Industrial Hardware>Industrial Maintenance>General Supplies,"Milwaukee Accessory, General Supplie, 49-94-0048",GENERAL SUPPLIE,Milwaukee Accessory 49-94-0048 General Supplie,Milwaukee Accessory General Supplie,General Supplie,,,,,,,,,,,,,,,,,,,,,,,,,,,General Supplie,Model,49-94-0048,,,,,,,,,,,,,,,,,,,,,,,,,,,,,,,,,,,,,,,,,,,,,,,,,,,,,,,,,,,,,,,,,,,,,,,,,,,,,,,,,,,,,,,,,,,,,,,,,,,,,,,,,,,,,,,,,,,,,,,,,,,,,,,,,,,,,,,,,,,,,,,,,,,,,,,,,,,,,,,,,,,,,,,,Milwaukee_Accessory_49-94-0048.jpg,,,,,,,,,Milwaukee_Accessory_49-94-0048_Specification_Sheet.pdf,,,,,,,,,,,,,,,,,,No
,,,,,,76376926,Tools & Industrial Hardware,Industrial Maintenance,General Supplies,5376926,49-94-0053,"49-94-0053 Milw 12""x1/8""x1"" Metal Cut Off Disc",-- Unbranded --,-- No Unilog Brand --,-- No DIB Brand --,Milwaukee Accessory (4031),Milwaukee Accessory,Milwaukee Accessory,,49-94-0053,"49-94-0013, 49-94-0023, 49-94-0033, 49-94-0039, 49-94-0043, 49-94-0058, 49-94-0063, 49-94-0073, 49-94-0503, 49-94-0513, 49-94-0523, 49-94-0533, 49-94-0803, 49-94-0903",Tools & Industrial Hardware>Industrial Maintenance>General Supplies,"Milwaukee Accessory, General Supplie, 49-94-0053",GENERAL SUPPLIE,Milwaukee Accessory 49-94-0053 General Supplie,Milwaukee Accessory General Supplie,General Supplie,,,,,,,,,,,,,,,,,,,,,,,,,,,General Supplie,Model,49-94-0053,,,,,,,,,,,,,,,,,,,,,,,,,,,,,,,,,,,,,,,,,,,,,,,,,,,,,,,,,,,,,,,,,,,,,,,,,,,,,,,,,,,,,,,,,,,,,,,,,,,,,,,,,,,,,,,,,,,,,,,,,,,,,,,,,,,,,,,,,,,,,,,,,,,,,,,,,,,,,,,,,,,,,,,,Milwaukee_Accessory_49-94-0053.jpg,,,,,,,,,Milwaukee_Accessory_49-94-0053_Specification_Sheet.pdf,,,,,,,,,,,,,,,,,,No
,,,,,,82775304,Tools & Industrial Hardware,Industrial Maintenance,General Supplies,2775304,49-94-0058,"49-94-0058 Milw 12""x1/8""x20mm Metal Cut Off Disc",-- Unbranded --,-- No Unilog Brand --,-- No DIB Brand --,Milwaukee Accessory (4031),Milwaukee Accessory,Milwaukee Accessory,,49-94-0058,"49-94-0048, 49-94-0053, 49-94-0068",Tools & Industrial Hardware>Industrial Maintenance>General Supplies,"Milwaukee Accessory, General Supplie, 49-94-0058",GENERAL SUPPLIE,Milwaukee Accessory 49-94-0058 General Supplie,Milwaukee Accessory General Supplie,General Supplie,,,,,,,,,,,,,,,,,,,,,,,,,,,General Supplie,Model,49-94-0058,,,,,,,,,,,,,,,,,,,,,,,,,,,,,,,,,,,,,,,,,,,,,,,,,,,,,,,,,,,,,,,,,,,,,,,,,,,,,,,,,,,,,,,,,,,,,,,,,,,,,,,,,,,,,,,,,,,,,,,,,,,,,,,,,,,,,,,,,,,,,,,,,,,,,,,,,,,,,,,,,,,,,,,,Milwaukee_Accessory_49-94-0058.jpg,,,,,,,,,Milwaukee_Accessory_49-94-0058_Specification_Sheet.pdf,,,,,,,,,,,,,,,,,,No
,,,,,,82084557,Tools & Industrial Hardware,Industrial Maintenance,General Supplies,2084557,49-94-0063,"49-94-0063 Milw 14""x7/64""x1"" Metal Cut Off Disc General Purpose",-- Unbranded --,-- No Unilog Brand --,-- No DIB Brand --,Milwaukee Accessory (4031),Milwaukee Accessory,Milwaukee Accessory,,49-94-0063,"49-94-0013, 49-94-0023, 49-94-0033, 49-94-0039, 49-94-0043, 49-94-0053, 49-94-0068, 49-94-0073, 49-94-0503, 49-94-0803, 49-94-0903",Tools & Industrial Hardware>Industrial Maintenance>General Supplies,"Milwaukee Accessory, General Supplie, 49-94-0063",GENERAL SUPPLIE,Milwaukee Accessory 49-94-0063 General Supplie,Milwaukee Accessory General Supplie,General Supplie,,,,,,,,,,,,,,,,,,,,,,,,,,,General Supplie,Model,49-94-0063,,,,,,,,,,,,,,,,,,,,,,,,,,,,,,,,,,,,,,,,,,,,,,,,,,,,,,,,,,,,,,,,,,,,,,,,,,,,,,,,,,,,,,,,,,,,,,,,,,,,,,,,,,,,,,,,,,,,,,,,,,,,,,,,,,,,,,,,,,,,,,,,,,,,,,,,,,,,,,,,,,,,,,,,Milwaukee_Accessory_49-94-0063.jpg,,,,,,,,,Milwaukee_Accessory_49-94-0063_Specification_Sheet.pdf,,,,,,,,,,,,,,,,,,No
,,,,,,98502399,Tools & Industrial Hardware,Industrial Maintenance,General Supplies,9502399,49-94-0068,"49-94-0068 Milw 14""x1/8""x20mm Metal Cut Off Disc",-- Unbranded --,-- No Unilog Brand --,-- No DIB Brand --,Milwaukee Accessory (4031),Milwaukee Accessory,Milwaukee Accessory,,49-94-0068,"49-94-0048, 49-94-0058, 49-94-0063",Tools & Industrial Hardware>Industrial Maintenance>General Supplies,"Milwaukee Accessory, General Supplie, 49-94-0068",GENERAL SUPPLIE,Milwaukee Accessory 49-94-0068 General Supplie,Milwaukee Accessory General Supplie,General Supplie,,,,,,,,,,,,,,,,,,,,,,,,,,,General Supplie,Model,49-94-0068,,,,,,,,,,,,,,,,,,,,,,,,,,,,,,,,,,,,,,,,,,,,,,,,,,,,,,,,,,,,,,,,,,,,,,,,,,,,,,,,,,,,,,,,,,,,,,,,,,,,,,,,,,,,,,,,,,,,,,,,,,,,,,,,,,,,,,,,,,,,,,,,,,,,,,,,,,,,,,,,,,,,,,,,Milwaukee_Accessory_49-94-0068.jpg,,,,,,,,,Milwaukee_Accessory_49-94-0068_Specification_Sheet.pdf,,,,,,,,,,,,,,,,,,No
,,,,,,11689721,Tools & Industrial Hardware,Industrial Maintenance,General Supplies,3689721,49-94-0073,"49-94-0073 Milw 14""x1/8""x1"" Metal Cut Off Disc",-- Unbranded --,-- No Unilog Brand --,-- No DIB Brand --,Milwaukee Accessory (4031),Milwaukee Accessory,Milwaukee Accessory,,49-94-0073,"49-94-0013, 49-94-0023, 49-94-0033, 49-94-0039, 49-94-0043, 49-94-0053, 49-94-0063, 49-94-0107, 49-94-0503, 49-94-0803, 49-94-0903, 49-94-0907",Tools & Industrial Hardware>Industrial Maintenance>General Supplies,"Milwaukee Accessory, General Supplie, 49-94-0073",GENERAL SUPPLIE,Milwaukee Accessory 49-94-0073 General Supplie,Milwaukee Accessory General Supplie,General Supplie,,,,,,,,,,,,,,,,,,,,,,,,,,,General Supplie,Model,49-94-0073,,,,,,,,,,,,,,,,,,,,,,,,,,,,,,,,,,,,,,,,,,,,,,,,,,,,,,,,,,,,,,,,,,,,,,,,,,,,,,,,,,,,,,,,,,,,,,,,,,,,,,,,,,,,,,,,,,,,,,,,,,,,,,,,,,,,,,,,,,,,,,,,,,,,,,,,,,,,,,,,,,,,,,,,Milwaukee_Accessory_49-94-0073.jpg,,,,,,,,,Milwaukee_Accessory_49-94-0073_Specification_Sheet.pdf,,,,,,,,,,,,,,,,,,No
,,,,,,68572103,Tools & Industrial Hardware,Industrial Maintenance,General Supplies,6572103,49-94-0101,"49-94-0101 Milw 4-1/2""x.045""x7/8"" Perform+ Metal Cut Off Disc 10pc",-- Unbranded --,-- No Unilog Brand --,-- No DIB Brand --,Milwaukee Accessory (4031),Milwaukee Accessory,Milwaukee Accessory,,49-94-0101,"49-94-0001, 49-94-0013, 49-94-0107, 49-94-0117, 49-94-0121, 49-94-0160, 49-94-0501",Tools & Industrial Hardware>Industrial Maintenance>General Supplies,"Milwaukee Accessory, General Supplie, 49-94-0101",GENERAL SUPPLIE,Milwaukee Accessory 49-94-0101 General Supplie,Milwaukee Accessory General Supplie,General Supplie,,,,,,,,,,,,,,,,,,,,,,,,,,,General Supplie,Model,49-94-0101,,,,,,,,,,,,,,,,,,,,,,,,,,,,,,,,,,,,,,,,,,,,,,,,,,,,,,,,,,,,,,,,,,,,,,,,,,,,,,,,,,,,,,,,,,,,,,,,,,,,,,,,,,,,,,,,,,,,,,,,,,,,,,,,,,,,,,,,,,,,,,,,,,,,,,,,,,,,,,,,,,,,,,,,Milwaukee_Accessory_49-94-0101.jpg,,,,,,,,,Milwaukee_Accessory_49-94-0101_Specification_Sheet.pdf,,,,,,,,,,,,,,,,,,No
,,,,,,49377136,Tools & Industrial Hardware,Industrial Maintenance,General Supplies,5377136,49-94-0107,"49-94-0107 Milw 4-1/2""x.045""x7/8"" Performance+ Metal Cut Off Disc",-- Unbranded --,-- No Unilog Brand --,-- No DIB Brand --,Milwaukee Accessory (4031),Milwaukee Accessory,Milwaukee Accessory,,49-94-0107,"49-94-0073, 49-94-0101, 49-94-0117, 49-94-0127, 49-94-0137, 49-94-0160, 49-94-0907",Tools & Industrial Hardware>Industrial Maintenance>General Supplies,"Milwaukee Accessory, General Supplie, 49-94-0107",GENERAL SUPPLIE,Milwaukee Accessory 49-94-0107 General Supplie,Milwaukee Accessory General Supplie,General Supplie,,,,,,,,,,,,,,,,,,,,,,,,,,,General Supplie,Model,49-94-0107,,,,,,,,,,,,,,,,,,,,,,,,,,,,,,,,,,,,,,,,,,,,,,,,,,,,,,,,,,,,,,,,,,,,,,,,,,,,,,,,,,,,,,,,,,,,,,,,,,,,,,,,,,,,,,,,,,,,,,,,,,,,,,,,,,,,,,,,,,,,,,,,,,,,,,,,,,,,,,,,,,,,,,,,Milwaukee_Accessory_49-94-0107.jpg,,,,,,,,,Milwaukee_Accessory_49-94-0107_Specification_Sheet.pdf,,,,,,,,,,,,,,,,,,No
,,,,,,72522144,Tools & Industrial Hardware,Industrial Maintenance,General Supplies,1522144,49-94-0117,"49-94-0117 Milw 5""x.045""x7/8"" Performance+ Metal Cut Off Disc",-- Unbranded --,-- No Unilog Brand --,-- No DIB Brand --,Milwaukee Accessory (4031),Milwaukee Accessory,Milwaukee Accessory,,49-94-0117,"49-94-0101, 49-94-0107, 49-94-0121, 49-94-0127, 49-94-0137",Tools & Industrial Hardware>Industrial Maintenance>General Supplies,"Milwaukee Accessory, General Supplie, 49-94-0117",GENERAL SUPPLIE,Milwaukee Accessory 49-94-0117 General Supplie,Milwaukee Accessory General Supplie,General Supplie,,,,,,,,,,,,,,,,,,,,,,,,,,,General Supplie,Model,49-94-0117,,,,,,,,,,,,,,,,,,,,,,,,,,,,,,,,,,,,,,,,,,,,,,,,,,,,,,,,,,,,,,,,,,,,,,,,,,,,,,,,,,,,,,,,,,,,,,,,,,,,,,,,,,,,,,,,,,,,,,,,,,,,,,,,,,,,,,,,,,,,,,,,,,,,,,,,,,,,,,,,,,,,,,,,Milwaukee_Accessory_49-94-0117.jpg,,,,,,,,,Milwaukee_Accessory_49-94-0117_Specification_Sheet.pdf,,,,,,,,,,,,,,,,,,No
,,,,,,13606923,Tools & Industrial Hardware,Industrial Maintenance,General Supplies,5606923,49-94-0123,"49-94-0123 Milw 6""x.045""x7/8"" Performance+ Metal Cut Off Disc",-- Unbranded --,-- No Unilog Brand --,-- No DIB Brand --,Milwaukee Accessory (4031),Milwaukee Accessory,Milwaukee Accessory,,49-94-0123,"49-94-0013, 49-94-0023, 49-94-0121, 49-94-0127, 49-94-0137, 49-94-0223, 49-94-0513, 49-94-0523, 49-94-0923",Tools & Industrial Hardware>Industrial Maintenance>General Supplies,"Milwaukee Accessory, General Supplie, 49-94-0123",GENERAL SUPPLIE,Milwaukee Accessory 49-94-0123 General Supplie,Milwaukee Accessory General Supplie,General Supplie,,,,,,,,,,,,,,,,,,,,,,,,,,,General Supplie,Model,49-94-0123,,,,,,,,,,,,,,,,,,,,,,,,,,,,,,,,,,,,,,,,,,,,,,,,,,,,,,,,,,,,,,,,,,,,,,,,,,,,,,,,,,,,,,,,,,,,,,,,,,,,,,,,,,,,,,,,,,,,,,,,,,,,,,,,,,,,,,,,,,,,,,,,,,,,,,,,,,,,,,,,,,,,,,,,Milwaukee_Accessory_49-94-0123.jpg,,,,,,,,,Milwaukee_Accessory_49-94-0123_Specification_Sheet.pdf,,,,,,,,,,,,,,,,,,No
,,,,,,98234433,Tools & Industrial Hardware,Industrial Maintenance,General Supplies,9234433,49-94-0023,"49-94-0023 Milw 6""x.045""x7/8"" Metal Cut Off Disc",-- Unbranded --,-- No Unilog Brand --,-- No DIB Brand --,Milwaukee Accessory (4031),Milwaukee Accessory,Milwaukee Accessory,,49-94-0023,"49-94-0013, 49-94-0029, 49-94-0033, 49-94-0039, 49-94-0043, 49-94-0053, 49-94-0063, 49-94-0073, 49-94-0123, 49-94-0223, 49-94-0503, 49-94-0523, 49-94-0803, 49-94-0903, 49-94-0923",Tools & Industrial Hardware>Industrial Maintenance>General Supplies,"Milwaukee Accessory, General Supplie, 49-94-0023",GENERAL SUPPLIE,Milwaukee Accessory 49-94-0023 General Supplie,Milwaukee Accessory General Supplie,General Supplie,,,,,,,,,,,,,,,,,,,,,,,,,,,General Supplie,Model,49-94-0023,,,,,,,,,,,,,,,,,,,,,,,,,,,,,,,,,,,,,,,,,,,,,,,,,,,,,,,,,,,,,,,,,,,,,,,,,,,,,,,,,,,,,,,,,,,,,,,,,,,,,,,,,,,,,,,,,,,,,,,,,,,,,,,,,,,,,,,,,,,,,,,,,,,,,,,,,,,,,,,,,,,,,,,,Milwaukee_Accessory_49-94-0023.jpg,,,,,,,,,Milwaukee_Accessory_49-94-0023_Specification_Sheet.pdf,,,,,,,,,,,,,,,,,,No
,,,,,,68164194,Tools & Industrial Hardware,Industrial Maintenance,General Supplies,6164194,49-94-0121,"49-94-0121 Milw 6""x.045""x7/8"" Performance+ Metal Cut Off Disc 10pc",-- Unbranded --,-- No Unilog Brand --,-- No DIB Brand --,Milwaukee Accessory (4031),Milwaukee Accessory,Milwaukee Accessory,,49-94-0121,"49-94-0101, 49-94-0117, 49-94-0123, 49-94-0127",Tools & Industrial Hardware>Industrial Maintenance>General Supplies,"Milwaukee Accessory, General Supplie, 49-94-0121",GENERAL SUPPLIE,Milwaukee Accessory 49-94-0121 General Supplie,Milwaukee Accessory General Supplie,General Supplie,,,,,,,,,,,,,,,,,,,,,,,,,,,General Supplie,Model,49-94-0121,,,,,,,,,,,,,,,,,,,,,,,,,,,,,,,,,,,,,,,,,,,,,,,,,,,,,,,,,,,,,,,,,,,,,,,,,,,,,,,,,,,,,,,,,,,,,,,,,,,,,,,,,,,,,,,,,,,,,,,,,,,,,,,,,,,,,,,,,,,,,,,,,,,,,,,,,,,,,,,,,,,,,,,,Milwaukee_Accessory_49-94-0121.jpg,,,,,,,,,Milwaukee_Accessory_49-94-0121_Specification_Sheet.pdf,,,,,,,,,,,,,,,,,,No
,,,,,,27302481,Tools & Industrial Hardware,Industrial Maintenance,General Supplies,1302481,49-94-0127,"49-94-0127 Milw 6""x.045""x7/8"" Performance+Metal Cut Off Disc",-- Unbranded --,-- No Unilog Brand --,-- No DIB Brand --,Milwaukee Accessory (4031),Milwaukee Accessory,Milwaukee Accessory,,49-94-0127,"49-94-0107, 49-94-0117, 49-94-0121, 49-94-0123, 49-94-0137",Tools & Industrial Hardware>Industrial Maintenance>General Supplies,"Milwaukee Accessory, General Supplie, 49-94-0127",GENERAL SUPPLIE,Milwaukee Accessory 49-94-0127 General Supplie,Milwaukee Accessory General Supplie,General Supplie,,,,,,,,,,,,,,,,,,,,,,,,,,,General Supplie,Model,49-94-0127,,,,,,,,,,,,,,,,,,,,,,,,,,,,,,,,,,,,,,,,,,,,,,,,,,,,,,,,,,,,,,,,,,,,,,,,,,,,,,,,,,,,,,,,,,,,,,,,,,,,,,,,,,,,,,,,,,,,,,,,,,,,,,,,,,,,,,,,,,,,,,,,,,,,,,,,,,,,,,,,,,,,,,,,Milwaukee_Accessory_49-94-0127.jpg,,,,,,,,,Milwaukee_Accessory_49-94-0127_Specification_Sheet.pdf,,,,,,,,,,,,,,,,,,No
,,,,,,91803484,Tools & Industrial Hardware,Industrial Maintenance,General Supplies,2803484,49-94-0137,"49-94-0137 Milw 7""x3/32""x7/8"" Performance+ Metal Cut Off Disc",-- Unbranded --,-- No Unilog Brand --,-- No DIB Brand --,Milwaukee Accessory (4031),Milwaukee Accessory,Milwaukee Accessory,,49-94-0137,"49-94-0013, 49-94-0107, 49-94-0117, 49-94-0123, 49-94-0127, 49-94-0513",Tools & Industrial Hardware>Industrial Maintenance>General Supplies,"Milwaukee Accessory, General Supplie, 49-94-0137",GENERAL SUPPLIE,Milwaukee Accessory 49-94-0137 General Supplie,Milwaukee Accessory General Supplie,General Supplie,,,,,,,,,,,,,,,,,,,,,,,,,,,General Supplie,Model,49-94-0137,,,,,,,,,,,,,,,,,,,,,,,,,,,,,,,,,,,,,,,,,,,,,,,,,,,,,,,,,,,,,,,,,,,,,,,,,,,,,,,,,,,,,,,,,,,,,,,,,,,,,,,,,,,,,,,,,,,,,,,,,,,,,,,,,,,,,,,,,,,,,,,,,,,,,,,,,,,,,,,,,,,,,,,,Milwaukee_Accessory_49-94-0137.jpg,,,,,,,,,Milwaukee_Accessory_49-94-0137_Specification_Sheet.pdf,,,,,,,,,,,,,,,,,,No
,,,,,,96206653,Tools & Industrial Hardware,Industrial Maintenance,General Supplies,7206653,49-94-0160,"49-94-0160 Milw 14""x7/64""x1"" Performance+ Metal Cut Off Disc",-- Unbranded --,-- No Unilog Brand --,-- No DIB Brand --,Milwaukee Accessory (4031),Milwaukee Accessory,Milwaukee Accessory,,49-94-0160,"49-94-0101, 49-94-0107",Tools & Industrial Hardware>Industrial Maintenance>General Supplies,"Milwaukee Accessory, General Supplie, 49-94-0160",GENERAL SUPPLIE,Milwaukee Accessory 49-94-0160 General Supplie,Milwaukee Accessory General Supplie,General Supplie,,,,,,,,,,,,,,,,,,,,,,,,,,,General Supplie,Model,49-94-0160,,,,,,,,,,,,,,,,,,,,,,,,,,,,,,,,,,,,,,,,,,,,,,,,,,,,,,,,,,,,,,,,,,,,,,,,,,,,,,,,,,,,,,,,,,,,,,,,,,,,,,,,,,,,,,,,,,,,,,,,,,,,,,,,,,,,,,,,,,,,,,,,,,,,,,,,,,,,,,,,,,,,,,,,Milwaukee_Accessory_49-94-0160.jpg,,,,,,,,,Milwaukee_Accessory_49-94-0160_Specification_Sheet.pdf,,,,,,,,,,,,,,,,,,No
,,,,,,97321775,Tools & Industrial Hardware,Industrial Maintenance,General Supplies,8321775,49-94-0223,"49-94-0223 Milw 6""x.045""x7/8"" Ceramic+ Metal Cut Off Disc",-- Unbranded --,-- No Unilog Brand --,-- No DIB Brand --,Milwaukee Accessory (4031),Milwaukee Accessory,Milwaukee Accessory,,49-94-0223,"49-94-0023, 49-94-0123, 49-94-0523, 49-94-0923",Tools & Industrial Hardware>Industrial Maintenance>General Supplies,"Milwaukee Accessory, General Supplie, 49-94-0223",GENERAL SUPPLIE,Milwaukee Accessory 49-94-0223 General Supplie,Milwaukee Accessory General Supplie,General Supplie,,,,,,,,,,,,,,,,,,,,,,,,,,,General Supplie,Model,49-94-0223,,,,,,,,,,,,,,,,,,,,,,,,,,,,,,,,,,,,,,,,,,,,,,,,,,,,,,,,,,,,,,,,,,,,,,,,,,,,,,,,,,,,,,,,,,,,,,,,,,,,,,,,,,,,,,,,,,,,,,,,,,,,,,,,,,,,,,,,,,,,,,,,,,,,,,,,,,,,,,,,,,,,,,,,Milwaukee_Accessory_49-94-0223.jpg,,,,,,,,,Milwaukee_Accessory_49-94-0223_Specification_Sheet.pdf,,,,,,,,,,,,,,,,,,No
,,,,,,68373319,Tools & Industrial Hardware,Industrial Maintenance,General Supplies,6373319,49-94-0445,"49-94-0445 Milw 10""x3/32""x5/8"" Performance+ Metal Cut Off Disc",-- Unbranded --,-- No Unilog Brand --,-- No DIB Brand --,Milwaukee Accessory (4031),Milwaukee Accessory,Milwaukee Accessory,,49-94-0445,,Tools & Industrial Hardware>Industrial Maintenance>General Supplies,"Milwaukee Accessory, General Supplie, 49-94-0445",GENERAL SUPPLIE,Milwaukee Accessory 49-94-0445 General Supplie,Milwaukee Accessory General Supplie,General Supplie,,,,,,,,,,,,,,,,,,,,,,,,,,,General Supplie,Model,49-94-0445,,,,,,,,,,,,,,,,,,,,,,,,,,,,,,,,,,,,,,,,,,,,,,,,,,,,,,,,,,,,,,,,,,,,,,,,,,,,,,,,,,,,,,,,,,,,,,,,,,,,,,,,,,,,,,,,,,,,,,,,,,,,,,,,,,,,,,,,,,,,,,,,,,,,,,,,,,,,,,,,,,,,,,,,Milwaukee_Accessory_49-94-0445.jpg,,,,,,,,,Milwaukee_Accessory_49-94-0445_Specification_Sheet.pdf,,,,,,,,,,,,,,,,,,No
,,,,,,93302399,Tools & Industrial Hardware,Industrial Maintenance,General Supplies,4302399,49-94-0803,"49-94-0803 Milw 4-1/2""x1/8""x7/8"" Dual Metal Cut and Grind Disc",-- Unbranded --,-- No Unilog Brand --,-- No DIB Brand --,Milwaukee Accessory (4031),Milwaukee Accessory,Milwaukee Accessory,,49-94-0803,"49-94-0013, 49-94-0023, 49-94-0033, 49-94-0039, 49-94-0043, 49-94-0053, 49-94-0063, 49-94-0073, 49-94-0503, 49-94-0903",Tools & Industrial Hardware>Industrial Maintenance>General Supplies,"Milwaukee Accessory, General Supplie, 49-94-0803",GENERAL SUPPLIE,Milwaukee Accessory 49-94-0803 General Supplie,Milwaukee Accessory General Supplie,General Supplie,,,,,,,,,,,,,,,,,,,,,,,,,,,General Supplie,Model,49-94-0803,,,,,,,,,,,,,,,,,,,,,,,,,,,,,,,,,,,,,,,,,,,,,,,,,,,,,,,,,,,,,,,,,,,,,,,,,,,,,,,,,,,,,,,,,,,,,,,,,,,,,,,,,,,,,,,,,,,,,,,,,,,,,,,,,,,,,,,,,,,,,,,,,,,,,,,,,,,,,,,,,,,,,,,,Milwaukee_Accessory_49-94-0803.jpg,,,,,,,,,Milwaukee_Accessory_49-94-0803_Specification_Sheet.pdf,,,,,,,,,,,,,,,,,,No
,,,,,,79691227,Tools & Industrial Hardware,Industrial Maintenance,General Supplies,8691227,49-94-0903,"49-94-0903 Milw 4-1/2""x1/8""x7/8""Perform+Dual Metal Cut and Grind Disc",-- Unbranded --,-- No Unilog Brand --,-- No DIB Brand --,Milwaukee Accessory (4031),Milwaukee Accessory,Milwaukee Accessory,,49-94-0903,"49-94-0013, 49-94-0023, 49-94-0033, 49-94-0039, 49-94-0043, 49-94-0053, 49-94-0063, 49-94-0073, 49-94-0503, 49-94-0803, 49-94-0907, 49-94-0923",Tools & Industrial Hardware>Industrial Maintenance>General Supplies,"Milwaukee Accessory, General Supplie, 49-94-0903",GENERAL SUPPLIE,Milwaukee Accessory 49-94-0903 General Supplie,Milwaukee Accessory General Supplie,General Supplie,,,,,,,,,,,,,,,,,,,,,,,,,,,General Supplie,Model,49-94-0903,,,,,,,,,,,,,,,,,,,,,,,,,,,,,,,,,,,,,,,,,,,,,,,,,,,,,,,,,,,,,,,,,,,,,,,,,,,,,,,,,,,,,,,,,,,,,,,,,,,,,,,,,,,,,,,,,,,,,,,,,,,,,,,,,,,,,,,,,,,,,,,,,,,,,,,,,,,,,,,,,,,,,,,,Milwaukee_Accessory_49-94-0903.jpg,,,,,,,,,Milwaukee_Accessory_49-94-0903_Specification_Sheet.pdf,,,,,,,,,,,,,,,,,,No
,,,,,,10862437,Tools & Industrial Hardware,Industrial Maintenance,General Supplies,2862437,49-94-0907,"49-94-0907 Milw 4-1/2""x1/8""x5/8-11""Perform+Dual Metal Cut n Grind Disc",-- Unbranded --,-- No Unilog Brand --,-- No DIB Brand --,Milwaukee Accessory (4031),Milwaukee Accessory,Milwaukee Accessory,,49-94-0907,"49-94-0073, 49-94-0107, 49-94-0903",Tools & Industrial Hardware>Industrial Maintenance>General Supplies,"Milwaukee Accessory, General Supplie, 49-94-0907",GENERAL SUPPLIE,Milwaukee Accessory 49-94-0907 General Supplie,Milwaukee Accessory General Supplie,General Supplie,,,,,,,,,,,,,,,,,,,,,,,,,,,General Supplie,Model,49-94-0907,,,,,,,,,,,,,,,,,,,,,,,,,,,,,,,,,,,,,,,,,,,,,,,,,,,,,,,,,,,,,,,,,,,,,,,,,,,,,,,,,,,,,,,,,,,,,,,,,,,,,,,,,,,,,,,,,,,,,,,,,,,,,,,,,,,,,,,,,,,,,,,,,,,,,,,,,,,,,,,,,,,,,,,,Milwaukee_Accessory_49-94-0907.jpg,,,,,,,,,Milwaukee_Accessory_49-94-0907_Specification_Sheet.pdf,,,,,,,,,,,,,,,,,,No
,,,,,,39120554,Tools & Industrial Hardware,Industrial Maintenance,General Supplies,4120554,49-94-0923,"49-94-0923 Milw 6""x1/8""x7/8"" Perform+Dual Metal Cut and Grind Disc",-- Unbranded --,-- No Unilog Brand --,-- No DIB Brand --,Milwaukee Accessory (4031),Milwaukee Accessory,Milwaukee Accessory,,49-94-0923,"49-94-0023, 49-94-0123, 49-94-0223, 49-94-0523, 49-94-0903",Tools & Industrial Hardware>Industrial Maintenance>General Supplies,"Milwaukee Accessory, General Supplie, 49-94-0923",GENERAL SUPPLIE,Milwaukee Accessory 49-94-0923 General Supplie,Milwaukee Accessory General Supplie,General Supplie,,,,,,,,,,,,,,,,,,,,,,,,,,,General Supplie,Model,49-94-0923,,,,,,,,,,,,,,,,,,,,,,,,,,,,,,,,,,,,,,,,,,,,,,,,,,,,,,,,,,,,,,,,,,,,,,,,,,,,,,,,,,,,,,,,,,,,,,,,,,,,,,,,,,,,,,,,,,,,,,,,,,,,,,,,,,,,,,,,,,,,,,,,,,,,,,,,,,,,,,,,,,,,,,,,Milwaukee_Accessory_49-94-0923.jpg,,,,,,,,,Milwaukee_Accessory_49-94-0923_Specification_Sheet.pdf,,,,,,,,,,,,,,,,,,No
,,,,,,88755155,Tools & Industrial Hardware,Industrial Maintenance,General Supplies,8755155,49-94-1900,"49-94-1900 Milw 4""x1/8""x5/8"" Masonry Cut Off Disc",-- Unbranded --,-- No Unilog Brand --,-- No DIB Brand --,Milwaukee Accessory (4031),Milwaukee Accessory,Milwaukee Accessory,,49-94-1900,"49-94-1905, 49-94-1920, 49-94-1940",Tools & Industrial Hardware>Industrial Maintenance>General Supplies,"Milwaukee Accessory, General Supplie, 49-94-1900",GENERAL SUPPLIE,Milwaukee Accessory 49-94-1900 General Supplie,Milwaukee Accessory General Supplie,General Supplie,,,,,,,,,,,,,,,,,,,,,,,,,,,General Supplie,Model,49-94-1900,,,,,,,,,,,,,,,,,,,,,,,,,,,,,,,,,,,,,,,,,,,,,,,,,,,,,,,,,,,,,,,,,,,,,,,,,,,,,,,,,,,,,,,,,,,,,,,,,,,,,,,,,,,,,,,,,,,,,,,,,,,,,,,,,,,,,,,,,,,,,,,,,,,,,,,,,,,,,,,,,,,,,,,,Milwaukee_Accessory_49-94-1900.jpg,,,,,,,,,Milwaukee_Accessory_49-94-1900_Specification_Sheet.pdf,,,,,,,,,,,,,,,,,,No
,,,,,,99412814,Tools & Industrial Hardware,Industrial Maintenance,General Supplies,1412814,49-94-1905,"49-94-1905 Milw 4-1/2""x1/8""x7/8"" Masonry Cut Off Disc",-- Unbranded --,-- No Unilog Brand --,-- No DIB Brand --,Milwaukee Accessory (4031),Milwaukee Accessory,Milwaukee Accessory,,49-94-1905,"49-94-1900, 49-94-1915, 49-94-1920, 49-94-1925, 49-94-1935, 49-94-1940, 49-94-1955, 49-94-1965",Tools & Industrial Hardware>Industrial Maintenance>General Supplies,"Milwaukee Accessory, General Supplie, 49-94-1905",GENERAL SUPPLIE,Milwaukee Accessory 49-94-1905 General Supplie,Milwaukee Accessory General Supplie,General Supplie,,,,,,,,,,,,,,,,,,,,,,,,,,,General Supplie,Model,49-94-1905,,,,,,,,,,,,,,,,,,,,,,,,,,,,,,,,,,,,,,,,,,,,,,,,,,,,,,,,,,,,,,,,,,,,,,,,,,,,,,,,,,,,,,,,,,,,,,,,,,,,,,,,,,,,,,,,,,,,,,,,,,,,,,,,,,,,,,,,,,,,,,,,,,,,,,,,,,,,,,,,,,,,,,,,Milwaukee_Accessory_49-94-1905.jpg,,,,,,,,,Milwaukee_Accessory_49-94-1905_Specification_Sheet.pdf,,,,,,,,,,,,,,,,,,No
,,,,,,49204576,Tools & Industrial Hardware,Industrial Maintenance,General Supplies,5204576,49-94-1915,"49-94-1915 Milw 6-1/2""x1/8""x5/8"" DKO Masonry Cut Off Disc",-- Unbranded --,-- No Unilog Brand --,-- No DIB Brand --,Milwaukee Accessory (4031),Milwaukee Accessory,Milwaukee Accessory,,49-94-1915,"49-94-1905, 49-94-1925, 49-94-1935, 49-94-1955, 49-94-1965",Tools & Industrial Hardware>Industrial Maintenance>General Supplies,"Milwaukee Accessory, General Supplie, 49-94-1915",GENERAL SUPPLIE,Milwaukee Accessory 49-94-1915 General Supplie,Milwaukee Accessory General Supplie,General Supplie,,,,,,,,,,,,,,,,,,,,,,,,,,,General Supplie,Model,49-94-1915,,,,,,,,,,,,,,,,,,,,,,,,,,,,,,,,,,,,,,,,,,,,,,,,,,,,,,,,,,,,,,,,,,,,,,,,,,,,,,,,,,,,,,,,,,,,,,,,,,,,,,,,,,,,,,,,,,,,,,,,,,,,,,,,,,,,,,,,,,,,,,,,,,,,,,,,,,,,,,,,,,,,,,,,Milwaukee_Accessory_49-94-1915.jpg,,,,,,,,,Milwaukee_Accessory_49-94-1915_Specification_Sheet.pdf,,,,,,,,,,,,,,,,,,No
,,,,,,11866558,Tools & Industrial Hardware,Industrial Maintenance,General Supplies,3866558,49-94-1920,"49-94-1920 Milw 7""x1/8""x5/8"" DKO Masonry Cut Off Disc",-- Unbranded --,-- No Unilog Brand --,-- No DIB Brand --,Milwaukee Accessory (4031),Milwaukee Accessory,Milwaukee Accessory,,49-94-1920,"49-94-1900, 49-94-1905, 49-94-1925, 49-94-1940",Tools & Industrial Hardware>Industrial Maintenance>General Supplies,"Milwaukee Accessory, General Supplie, 49-94-1920",GENERAL SUPPLIE,Milwaukee Accessory 49-94-1920 General Supplie,Milwaukee Accessory General Supplie,General Supplie,,,,,,,,,,,,,,,,,,,,,,,,,,,General Supplie,Model,49-94-1920,,,,,,,,,,,,,,,,,,,,,,,,,,,,,,,,,,,,,,,,,,,,,,,,,,,,,,,,,,,,,,,,,,,,,,,,,,,,,,,,,,,,,,,,,,,,,,,,,,,,,,,,,,,,,,,,,,,,,,,,,,,,,,,,,,,,,,,,,,,,,,,,,,,,,,,,,,,,,,,,,,,,,,,,Milwaukee_Accessory_49-94-1920.jpg,,,,,,,,,Milwaukee_Accessory_49-94-1920_Specification_Sheet.pdf,,,,,,,,,,,,,,,,,,No
,,,,,,34336987,Tools & Industrial Hardware,Industrial Maintenance,General Supplies,8336987,49-94-1925,"49-94-1925 Milw 10""x1/8""x5/8"" Masonry Cut Off Disc",-- Unbranded --,-- No Unilog Brand --,-- No DIB Brand --,Milwaukee Accessory (4031),Milwaukee Accessory,Milwaukee Accessory,,49-94-1925,"49-94-1905, 49-94-1915, 49-94-1920, 49-94-1935, 49-94-1955, 49-94-1965",Tools & Industrial Hardware>Industrial Maintenance>General Supplies,"Milwaukee Accessory, General Supplie, 49-94-1925",GENERAL SUPPLIE,Milwaukee Accessory 49-94-1925 General Supplie,Milwaukee Accessory General Supplie,General Supplie,,,,,,,,,,,,,,,,,,,,,,,,,,,General Supplie,Model,49-94-1925,,,,,,,,,,,,,,,,,,,,,,,,,,,,,,,,,,,,,,,,,,,,,,,,,,,,,,,,,,,,,,,,,,,,,,,,,,,,,,,,,,,,,,,,,,,,,,,,,,,,,,,,,,,,,,,,,,,,,,,,,,,,,,,,,,,,,,,,,,,,,,,,,,,,,,,,,,,,,,,,,,,,,,,,Milwaukee_Accessory_49-94-1925.jpg,,,,,,,,,Milwaukee_Accessory_49-94-1925_Specification_Sheet.pdf,,,,,,,,,,,,,,,,,,No
,,,,,,14651969,Tools & Industrial Hardware,Industrial Maintenance,General Supplies,6651969,49-94-1935,"49-94-1935 Milw 12""x1/8""x1"" Masonry Cut Off Disc",-- Unbranded --,-- No Unilog Brand --,-- No DIB Brand --,Milwaukee Accessory (4031),Milwaukee Accessory,Milwaukee Accessory,,49-94-1935,"49-94-1905, 49-94-1915, 49-94-1925, 49-94-1955, 49-94-1965",Tools & Industrial Hardware>Industrial Maintenance>General Supplies,"Milwaukee Accessory, General Supplie, 49-94-1935",GENERAL SUPPLIE,Milwaukee Accessory 49-94-1935 General Supplie,Milwaukee Accessory General Supplie,General Supplie,,,,,,,,,,,,,,,,,,,,,,,,,,,General Supplie,Model,49-94-1935,,,,,,,,,,,,,,,,,,,,,,,,,,,,,,,,,,,,,,,,,,,,,,,,,,,,,,,,,,,,,,,,,,,,,,,,,,,,,,,,,,,,,,,,,,,,,,,,,,,,,,,,,,,,,,,,,,,,,,,,,,,,,,,,,,,,,,,,,,,,,,,,,,,,,,,,,,,,,,,,,,,,,,,,Milwaukee_Accessory_49-94-1935.jpg,,,,,,,,,Milwaukee_Accessory_49-94-1935_Specification_Sheet.pdf,,,,,,,,,,,,,,,,,,No
,,,,,,40136573,Tools & Industrial Hardware,Industrial Maintenance,General Supplies,5136573,49-94-1940,"49-94-1940 Milw 14""x1/8""x1"" Masonry Cut Off Disc",-- Unbranded --,-- No Unilog Brand --,-- No DIB Brand --,Milwaukee Accessory (4031),Milwaukee Accessory,Milwaukee Accessory,,49-94-1940,"49-94-1900, 49-94-1905, 49-94-1920",Tools & Industrial Hardware>Industrial Maintenance>General Supplies,"Milwaukee Accessory, General Supplie, 49-94-1940",GENERAL SUPPLIE,Milwaukee Accessory 49-94-1940 General Supplie,Milwaukee Accessory General Supplie,General Supplie,,,,,,,,,,,,,,,,,,,,,,,,,,,General Supplie,Model,49-94-1940,,,,,,,,,,,,,,,,,,,,,,,,,,,,,,,,,,,,,,,,,,,,,,,,,,,,,,,,,,,,,,,,,,,,,,,,,,,,,,,,,,,,,,,,,,,,,,,,,,,,,,,,,,,,,,,,,,,,,,,,,,,,,,,,,,,,,,,,,,,,,,,,,,,,,,,,,,,,,,,,,,,,,,,,Milwaukee_Accessory_49-94-1940.jpg,,,,,,,,,Milwaukee_Accessory_49-94-1940_Specification_Sheet.pdf,,,,,,,,,,,,,,,,,,No
,,,,,,19896093,Abrasives & Industrial,Abrasive Products,Sanding & Grinding Discs,2896093,49-94-0501,"49-94-0501 Milw 4""x1/4""x5/8"" Metal Grinding Wheel",-- Unbranded --,-- No Unilog Brand --,-- No DIB Brand --,Milwaukee Accessory (4031),Milwaukee Accessory,Milwaukee Accessory,,49-94-0501,"49-94-0001, 49-94-0013, 49-94-0101, 49-94-0503, 49-94-0513",Abrasives & Industrial>Abrasive Products>Discs & Sheets,"Milwaukee Accessory, Sanding & Grinding Disc, 49-94-0501",SANDING & GRINDING DISC,Milwaukee Accessory 49-94-0501 Sanding & Grinding Disc,Milwaukee Accessory Sanding & Grinding Disc,Sanding & Grinding Disc,,,,,,,,,,,,,,,,,,,,,,,,,,,Sanding & Grinding Disc,Model,49-94-0501,,,,,,,,,,,,,,,,,,,,,,,,,,,,,,,,,,,,,,,,,,,,,,,,,,,,,,,,,,,,,,,,,,,,,,,,,,,,,,,,,,,,,,,,,,,,,,,,,,,,,,,,,,,,,,,,,,,,,,,,,,,,,,,,,,,,,,,,,,,,,,,,,,,,,,,,,,,,,,,,,,,,,,,,Milwaukee_Accessory_49-94-0501.jpg,,,,,,,,,Milwaukee_Accessory_49-94-0501_Specification_Sheet.pdf,,,,,,,,,,,,,,,,,,No
,,,,,,61877308,Abrasives & Industrial,Abrasive Products,Sanding & Grinding Discs,8877308,49-94-0503,"49-94-0503 Milw 4-1/2""x1/4""x7/8"" Metal Grinding Wheel",-- Unbranded --,-- No Unilog Brand --,-- No DIB Brand --,Milwaukee Accessory (4031),Milwaukee Accessory,Milwaukee Accessory,,49-94-0503,"49-94-0013, 49-94-0023, 49-94-0033, 49-94-0039, 49-94-0043, 49-94-0053, 49-94-0063, 49-94-0073, 49-94-0501, 49-94-0513, 49-94-0523, 49-94-0533, 49-94-0803, 49-94-0903",Abrasives & Industrial>Abrasive Products>Discs & Sheets,"Milwaukee Accessory, Sanding & Grinding Disc, 49-94-0503",SANDING & GRINDING DISC,Milwaukee Accessory 49-94-0503 Sanding & Grinding Disc,Milwaukee Accessory Sanding & Grinding Disc,Sanding & Grinding Disc,,,,,,,,,,,,,,,,,,,,,,,,,,,Sanding & Grinding Disc,Model,49-94-0503,,,,,,,,,,,,,,,,,,,,,,,,,,,,,,,,,,,,,,,,,,,,,,,,,,,,,,,,,,,,,,,,,,,,,,,,,,,,,,,,,,,,,,,,,,,,,,,,,,,,,,,,,,,,,,,,,,,,,,,,,,,,,,,,,,,,,,,,,,,,,,,,,,,,,,,,,,,,,,,,,,,,,,,,Milwaukee_Accessory_49-94-0503.jpg,,,,,,,,,Milwaukee_Accessory_49-94-0503_Specification_Sheet.pdf,,,,,,,,,,,,,,,,,,No
,,,,,,17193957,Abrasives & Industrial,Abrasive Products,Sanding & Grinding Discs,9193957,49-94-0523,"49-94-0523 Milw 6""x1/4""x7/8"" Metal Grinding Wheel",-- Unbranded --,-- No Unilog Brand --,-- No DIB Brand --,Milwaukee Accessory (4031),Milwaukee Accessory,Milwaukee Accessory,,49-94-0523,"49-94-0023, 49-94-0053, 49-94-0123, 49-94-0223, 49-94-0503, 49-94-0513, 49-94-0533, 49-94-0923",Abrasives & Industrial>Abrasive Products>Discs & Sheets,"Milwaukee Accessory, Sanding & Grinding Disc, 49-94-0523",SANDING & GRINDING DISC,Milwaukee Accessory 49-94-0523 Sanding & Grinding Disc,Milwaukee Accessory Sanding & Grinding Disc,Sanding & Grinding Disc,,,,,,,,,,,,,,,,,,,,,,,,,,,Sanding & Grinding Disc,Model,49-94-0523,,,,,,,,,,,,,,,,,,,,,,,,,,,,,,,,,,,,,,,,,,,,,,,,,,,,,,,,,,,,,,,,,,,,,,,,,,,,,,,,,,,,,,,,,,,,,,,,,,,,,,,,,,,,,,,,,,,,,,,,,,,,,,,,,,,,,,,,,,,,,,,,,,,,,,,,,,,,,,,,,,,,,,,,Milwaukee_Accessory_49-94-0523.jpg,,,,,,,,,Milwaukee_Accessory_49-94-0523_Specification_Sheet.pdf,,,,,,,,,,,,,,,,,,No
,,,,,,71068766,Abrasives & Industrial,Abrasive Products,Sanding & Grinding Discs,9068766,49-94-1955,"49-94-1955 Milw 4-1/2""x1/4""x7/8"" Masonry Grinding Wheel",-- Unbranded --,-- No Unilog Brand --,-- No DIB Brand --,Milwaukee Accessory (4031),Milwaukee Accessory,Milwaukee Accessory,,49-94-1955,"49-94-1905, 49-94-1915, 49-94-1925, 49-94-1935, 49-94-1965",Abrasives & Industrial>Abrasive Products>Discs & Sheets,"Milwaukee Accessory, Sanding & Grinding Disc, 49-94-1955",SANDING & GRINDING DISC,Milwaukee Accessory 49-94-1955 Sanding & Grinding Disc,Milwaukee Accessory Sanding & Grinding Disc,Sanding & Grinding Disc,,,,,,,,,,,,,,,,,,,,,,,,,,,Sanding & Grinding Disc,Model,49-94-1955,,,,,,,,,,,,,,,,,,,,,,,,,,,,,,,,,,,,,,,,,,,,,,,,,,,,,,,,,,,,,,,,,,,,,,,,,,,,,,,,,,,,,,,,,,,,,,,,,,,,,,,,,,,,,,,,,,,,,,,,,,,,,,,,,,,,,,,,,,,,,,,,,,,,,,,,,,,,,,,,,,,,,,,,Milwaukee_Accessory_49-94-1955.jpg,,,,,,,,,Milwaukee_Accessory_49-94-1955_Specification_Sheet.pdf,,,,,,,,,,,,,,,,,,No
,,,,,,51744748,Abrasives & Industrial,Abrasive Products,Sanding & Grinding Discs,7744748,49-94-1965,"49-94-1965 Milw 7""x1/4""x7/8"" Masonry Grinding Wheel",-- Unbranded --,-- No Unilog Brand --,-- No DIB Brand --,Milwaukee Accessory (4031),Milwaukee Accessory,Milwaukee Accessory,,49-94-1965,"49-94-1905, 49-94-1915, 49-94-1925, 49-94-1935, 49-94-1955",Abrasives & Industrial>Abrasive Products>Discs & Sheets,"Milwaukee Accessory, Sanding & Grinding Disc, 49-94-1965",SANDING & GRINDING DISC,Milwaukee Accessory 49-94-1965 Sanding & Grinding Disc,Milwaukee Accessory Sanding & Grinding Disc,Sanding & Grinding Disc,,,,,,,,,,,,,,,,,,,,,,,,,,,Sanding & Grinding Disc,Model,49-94-1965,,,,,,,,,,,,,,,,,,,,,,,,,,,,,,,,,,,,,,,,,,,,,,,,,,,,,,,,,,,,,,,,,,,,,,,,,,,,,,,,,,,,,,,,,,,,,,,,,,,,,,,,,,,,,,,,,,,,,,,,,,,,,,,,,,,,,,,,,,,,,,,,,,,,,,,,,,,,,,,,,,,,,,,,Milwaukee_Accessory_49-94-1965.jpg,,,,,,,,,Milwaukee_Accessory_49-94-1965_Specification_Sheet.pdf,,,,,,,,,,,,,,,,,,No
,,,,,,45696049,Abrasives & Industrial,Abrasive Products,Sanding & Grinding Discs,1696049,49-94-0513,"49-94-0513 Milw 5""x1/4""x7/8"" Metal Grinding Wheel",-- Unbranded --,-- No Unilog Brand --,-- No DIB Brand --,Milwaukee Accessory (4031),Milwaukee Accessory,Milwaukee Accessory,,49-94-0513,"49-94-0013, 49-94-0053, 49-94-0123, 49-94-0137, 49-94-0501, 49-94-0503, 49-94-0523, 49-94-0533",Abrasives & Industrial>Abrasive Products>Discs & Sheets,"Milwaukee Accessory, Sanding & Grinding Disc, 49-94-0513",SANDING & GRINDING DISC,Milwaukee Accessory 49-94-0513 Sanding & Grinding Disc,Milwaukee Accessory Sanding & Grinding Disc,Sanding & Grinding Disc,,,,,,,,,,,,,,,,,,,,,,,,,,,Sanding & Grinding Disc,Model,49-94-0513,,,,,,,,,,,,,,,,,,,,,,,,,,,,,,,,,,,,,,,,,,,,,,,,,,,,,,,,,,,,,,,,,,,,,,,,,,,,,,,,,,,,,,,,,,,,,,,,,,,,,,,,,,,,,,,,,,,,,,,,,,,,,,,,,,,,,,,,,,,,,,,,,,,,,,,,,,,,,,,,,,,,,,,,Milwaukee_Accessory_49-94-0513.jpg,,,,,,,,,Milwaukee_Accessory_49-94-0513_Specification_Sheet.pdf,,,,,,,,,,,,,,,,,,No
,,,,,,11601111,Abrasives & Industrial,Abrasive Products,Sanding & Grinding Discs,3601111,49-94-0533,"49-94-0533 Milw 7""x1/4""x7/8"" Metal Grinding Wheel",-- Unbranded --,-- No Unilog Brand --,-- No DIB Brand --,Milwaukee Accessory (4031),Milwaukee Accessory,Milwaukee Accessory,,49-94-0533,"49-94-0033, 49-94-0053, 49-94-0503, 49-94-0513, 49-94-0523",Abrasives & Industrial>Abrasive Products>Discs & Sheets,"Milwaukee Accessory, Sanding & Grinding Disc, 49-94-0533",SANDING & GRINDING DISC,Milwaukee Accessory 49-94-0533 Sanding & Grinding Disc,Milwaukee Accessory Sanding & Grinding Disc,Sanding & Grinding Disc,,,,,,,,,,,,,,,,,,,,,,,,,,,Sanding & Grinding Disc,Model,49-94-0533,,,,,,,,,,,,,,,,,,,,,,,,,,,,,,,,,,,,,,,,,,,,,,,,,,,,,,,,,,,,,,,,,,,,,,,,,,,,,,,,,,,,,,,,,,,,,,,,,,,,,,,,,,,,,,,,,,,,,,,,,,,,,,,,,,,,,,,,,,,,,,,,,,,,,,,,,,,,,,,,,,,,,,,,Milwaukee_Accessory_49-94-0533.jpg,,,,,,,,,Milwaukee_Accessory_49-94-0533_Specification_Sheet.pdf,,,,,,,,,,,,,,,,,,No
,,,,,,35566900,Abrasives & Industrial,Abrasive Products,Sanding & Grinding Discs,9566900,DFBLBLOMFN01G,DFBLBLOMFN01G Diablo 220 Grit - Flat Edge Sanding Sponge,-- Unbranded --,-- No Unilog Brand --,-- No DIB Brand --,Freud Inc (2435),Freud Inc,Freud Inc,,DFBLBLOMFN01G,,Abrasives & Industrial>Abrasive Products>Discs & Sheets,"Freud Inc, Sanding & Grinding Disc, DFBLBLOMFN01G",SANDING & GRINDING DISC,Freud Inc DFBLBLOMFN01G Sanding & Grinding Disc,Freud Inc Sanding & Grinding Disc,Sanding & Grinding Disc,,,,,,,,,,,,,,,,,,,,,,,,,,,Sanding & Grinding Disc,Model,DFBLBLOMFN01G,,,,,,,,,,,,,,,,,,,,,,,,,,,,,,,,,,,,,,,,,,,,,,,,,,,,,,,,,,,,,,,,,,,,,,,,,,,,,,,,,,,,,,,,,,,,,,,,,,,,,,,,,,,,,,,,,,,,,,,,,,,,,,,,,,,,,,,,,,,,,,,,,,,,,,,,,,,,,,,,,,,,,,,,Freud_Inc_DFBLBLOMFN01G.jpg,,,,,,,,,Freud_Inc_DFBLBLOMFN01G_Specification_Sheet.pdf,,,,,,,,,,,,,,,,,,No
,,,,,,22203868,Adhesives & Tapes,Tapes & Adhesives,Industrial Tapes,5203868,1700-1PK-BB40,3/4x60' Vinyl Elect Tape,-- Unbranded --,-- No Unilog Brand --,3M,3 M Co (5293),3 M Co,3M®,,1700-1PK-BB40,,Adhesives & Tapes>Tapes & Adhesives>Industrial Tapes,"3 M Co, Industrial Tape, 1700-1PK-BB40",INDUSTRIAL TAPE,3M® 1700-1PK-BB40 Industrial Tape,3M® Industrial Tape,Industrial Tape,,,,,,,,,,,,,,,,,,,,,,,,,,,Industrial Tape,Model,1700-1PK-BB40,,,,,,,,,,,,,,,,,,,,,,,,,,,,,,,,,,,,,,,,,,,,,,,,,,,,,,,,,,,,,,,,,,,,,,,,,,,,,,,,,,,,,,,,,,,,,,,,,,,,,,,,,,,,,,,,,,,,,,,,,,,,,,,,,,,,,,,,,,,,,,,,,,,,,,,,,,,,,,,,,,,,,,,,3M_1700-1PK-BB40.jpg,,,,,,,,,3M_1700-1PK-BB40_Specification_Sheet.pdf,,,,,,,,,,,,,,,,,,No
,,,,,,26591875,Adhesives & Tapes,Tapes & Adhesives,Industrial Tapes,9591875,ASH-40-40-04,1.5x1.5x13' Legacy Emseal Tape,-- Unbranded --,-- No Unilog Brand --,-- No DIB Brand --,Emseal Joint Systems Ltd (EMSJO),Emseal Joint Systems Ltd,Emseal Joint Systems Ltd,,ASH-40-40-04,,Adhesives & Tapes>Tapes & Adhesives>Industrial Tapes,"Emseal Joint Systems Ltd, Industrial Tape, ASH-40-40-04",INDUSTRIAL TAPE,Emseal Joint Systems Ltd ASH-40-40-04 Industrial Tape,Emseal Joint Systems Ltd Industrial Tape,Industrial Tape,,,,,,,,,,,,,,,,,,,,,,,,,,,Industrial Tape,Model,ASH-40-40-04,,,,,,,,,,,,,,,,,,,,,,,,,,,,,,,,,,,,,,,,,,,,,,,,,,,,,,,,,,,,,,,,,,,,,,,,,,,,,,,,,,,,,,,,,,,,,,,,,,,,,,,,,,,,,,,,,,,,,,,,,,,,,,,,,,,,,,,,,,,,,,,,,,,,,,,,,,,,,,,,,,,,,,,,Emseal_Joint_Systems_Ltd_ASH-40-40-04.jpg,,,,,,,,,Emseal_Joint_Systems_Ltd_ASH-40-40-04_Specification_Sheet.pdf,,,,,,,,,,,,,,,,,,No
,,,,,,68435769,Appliances,Large Appliances,Dishwashers,6435769,KDFM404KPS,KDFM404KPS Dishwasher SS,-- Unbranded --,-- No Unilog Brand --,-- No DIB Brand --,Appliance Dealers Cooperative (APPDE),Appliance Dealers Cooperative,Appliance Dealers Cooperative,,KDFM404KPS,,Appliances & Consumer Electronics>Kitchen Appliances>Built-In Dishwashers,"Appliance Dealers Cooperative, Dishwasher, KDFM404KPS",DISHWASHER SST,"Appliance Dealers Cooperative KDFM404KPS Dishwasher, Stainless Steel","Appliance Dealers Cooperative Dishwasher, Stainless Steel","Dishwasher, Stainless Steel",,,,,,,,,,,,,,,,,,,,,,,,,,,Dishwasher,Model,KDFM404KPS,,Material,Stainless Steel,,Color,Stainless Steel,,,,,,,,,,,,,,,,,,,,,,,,,,,,,,,,,,,,,,,,,,,,,,,,,,,,,,,,,,,,,,,,,,,,,,,,,,,,,,,,,,,,,,,,,,,,,,,,,,,,,,,,,,,,,,,,,,,,,,,,,,,,,,,,,,,,,,,,,,,,,,,,,,,,,,,,,,,,,,,,,,Appliance_Dealers_Cooperative_KDFM404KPS.jpg,,,,,,,,,Appliance_Dealers_Cooperative_KDFM404KPS_Specification_Sheet.pdf,,,,,,,,,,,,,,,,,,No
,,,,,,27850443,Appliances,Large Appliances,Dishwashers,1850443,PDSH4816AF,PDSH4816AF Dishwasher SS - Display Only,-- Unbranded --,-- No Unilog Brand --,-- No DIB Brand --,Appliance Dealers Cooperative (APPDE),Rheem Manufacturing,FRIGIDAIRE®,,PDSH4816AF,,Appliances & Consumer Electronics>Kitchen Appliances>Built-In Dishwashers,"Rheem Manufacturing, Dishwasher, Professional Series, PDSH4816AF",DISHWASHER SST,"FRIGIDAIRE® Professional Series PDSH4816AF Dishwasher, Stainless Steel","FRIGIDAIRE® Dishwasher, Professional Series, Stainless Steel","Professional Series Dishwasher, Stainless Steel",,,,,,,,,,,,,,,,,,,,,,,,,,,Dishwasher,Series,Professional Series,,Model,PDSH4816AF,,Material,Stainless Steel,,Color,Stainless Steel,,,,,,,,,,,,,,,,,,,,,,,,,,,,,,,,,,,,,,,,,,,,,,,,,,,,,,,,,,,,,,,,,,,,,,,,,,,,,,,,,,,,,,,,,,,,,,,,,,,,,,,,,,,,,,,,,,,,,,,,,,,,,,,,,,,,,,,,,,,,,,,,,,,,,,,,,,,,,,,FRIGIDAIRE_PDSH4816AF.jpg,,,,,,,,,FRIGIDAIRE_PDSH4816AF_Specification_Sheet.pdf,,,,,,,,,,,,,,,,,,No
,,,,,,75879250,Appliances,Large Appliances,Dishwashers,4879250,PDT715SYVFS,PDT715SYVFS Ge Dishwasher SS,-- Unbranded --,-- No Unilog Brand --,-- No DIB Brand --,Appliance Dealers Cooperative (APPDE),Rheem Manufacturing,FRIGIDAIRE®,,PDT715SYVFS,,Appliances & Consumer Electronics>Kitchen Appliances>Built-In Dishwashers,"Rheem Manufacturing, Dishwasher, Professional Series, PDT715SYVFS",DISHWASHER SST,"FRIGIDAIRE® Professional Series PDT715SYVFS Dishwasher, Stainless Steel","FRIGIDAIRE® Dishwasher, Professional Series, Stainless Steel","Professional Series Dishwasher, Stainless Steel",,,,,,,,,,,,,,,,,,,,,,,,,,,Dishwasher,Series,Professional Series,,Model,PDT715SYVFS,,Material,Stainless Steel,,Color,Stainless Steel,,,,,,,,,,,,,,,,,,,,,,,,,,,,,,,,,,,,,,,,,,,,,,,,,,,,,,,,,,,,,,,,,,,,,,,,,,,,,,,,,,,,,,,,,,,,,,,,,,,,,,,,,,,,,,,,,,,,,,,,,,,,,,,,,,,,,,,,,,,,,,,,,,,,,,,,,,,,,,,FRIGIDAIRE_PDT715SYVFS.jpg,,,,,,,,,FRIGIDAIRE_PDT715SYVFS_Specification_Sheet.pdf,,,,,,,,,,,,,,,,,,No
,,,,,,21124638,Appliances,Large Appliances,Dishwashers,4124638,LDPH5554D,LDPH5554D LG Dishwasher BSS,-- Unbranded --,-- No Unilog Brand --,-- No DIB Brand --,Appliance Dealers Cooperative (APPDE),Appliance Dealers Cooperative,Appliance Dealers Cooperative,,LDPH5554D,,Appliances & Consumer Electronics>Kitchen Appliances>Built-In Dishwashers,"Appliance Dealers Cooperative, Dishwasher, LDPH5554D",DISHWASHER,Appliance Dealers Cooperative LDPH5554D Dishwasher,Appliance Dealers Cooperative Dishwasher,Dishwasher,,,,,,,,,,,,,,,,,,,,,,,,,,,Dishwasher,Model,LDPH5554D,,,,,,,,,,,,,,,,,,,,,,,,,,,,,,,,,,,,,,,,,,,,,,,,,,,,,,,,,,,,,,,,,,,,,,,,,,,,,,,,,,,,,,,,,,,,,,,,,,,,,,,,,,,,,,,,,,,,,,,,,,,,,,,,,,,,,,,,,,,,,,,,,,,,,,,,,,,,,,,,,,,,,,,,Appliance_Dealers_Cooperative_LDPH5554D.jpg,,,,,,,,,Appliance_Dealers_Cooperative_LDPH5554D_Specification_Sheet.pdf,,,,,,,,,,,,,,,,,,No
,,,,,,30148205,Appliances,Large Appliances,Dishwashers,4148205,WDTS7024RZ,WDTS7024RZ Dishwasher SS - Display Only,-- Unbranded --,-- No Unilog Brand --,-- No DIB Brand --,Appliance Dealers Cooperative (APPDE),Whirlpool Corporation,Whirlpool®,,WDTS7024RZ,,Appliances & Consumer Electronics>Kitchen Appliances>Built-In Dishwashers,"Whirlpool Corporation, Dishwasher, Eco Series, WDTS7024RZ",DISHWASHER SST,"Whirlpool® Eco Series WDTS7024RZ Dishwasher, Stainless Steel","Whirlpool® Dishwasher, Eco Series, Stainless Steel","Eco Series Dishwasher, Stainless Steel",,,,,,,,,,,,,,,,,,,,,,,,,,,Dishwasher,Series,Eco Series,,Model,WDTS7024RZ,,Material,Stainless Steel,,Color,Stainless Steel,,,,,,,,,,,,,,,,,,,,,,,,,,,,,,,,,,,,,,,,,,,,,,,,,,,,,,,,,,,,,,,,,,,,,,,,,,,,,,,,,,,,,,,,,,,,,,,,,,,,,,,,,,,,,,,,,,,,,,,,,,,,,,,,,,,,,,,,,,,,,,,,,,,,,,,,,,,,,,,Whirlpool_WDTS7024RZ.jpg,,,,,,,,,Whirlpool_WDTS7024RZ_Specification_Sheet.pdf,,,,,,,,,,,,,,,,,,No
,,,,,,35012285,Appliances,Large Appliances,Dishwashers,9012285,PDD415PYYFS,PDD415PYYFS GE Dishwasher SS,-- Unbranded --,-- No Unilog Brand --,-- No DIB Brand --,Appliance Dealers Cooperative (APPDE),Rheem Manufacturing,FRIGIDAIRE®,,PDD415PYYFS,,Appliances & Consumer Electronics>Kitchen Appliances>Built-In Dishwashers,"Rheem Manufacturing, Dishwasher, Professional Series, PDD415PYYFS",DISHWASHER SST,"FRIGIDAIRE® Professional Series PDD415PYYFS Dishwasher, Stainless Steel","FRIGIDAIRE® Dishwasher, Professional Series, Stainless Steel","Professional Series Dishwasher, Stainless Steel",,,,,,,,,,,,,,,,,,,,,,,,,,,Dishwasher,Series,Professional Series,,Model,PDD415PYYFS,,Material,Stainless Steel,,Color,Stainless Steel,,,,,,,,,,,,,,,,,,,,,,,,,,,,,,,,,,,,,,,,,,,,,,,,,,,,,,,,,,,,,,,,,,,,,,,,,,,,,,,,,,,,,,,,,,,,,,,,,,,,,,,,,,,,,,,,,,,,,,,,,,,,,,,,,,,,,,,,,,,,,,,,,,,,,,,,,,,,,,,FRIGIDAIRE_PDD415PYYFS.jpg,,,,,,,,,FRIGIDAIRE_PDD415PYYFS_Specification_Sheet.pdf,,,,,,,,,,,,,,,,,,No
,,,,,,25536126,Appliances,Large Appliances,Dishwashers,8536126,KDTS424SBE,KDTS424SBE Kitchen Aid Dishwasher Bk,-- Unbranded --,-- No Unilog Brand --,-- No DIB Brand --,Appliance Dealers Cooperative (APPDE),Appliance Dealers Cooperative,Appliance Dealers Cooperative,,KDTS424SBE,KDTS624SBE,Appliances & Consumer Electronics>Kitchen Appliances>Built-In Dishwashers,"Appliance Dealers Cooperative, Dishwasher, KDTS424SBE",DISHWASHER,Appliance Dealers Cooperative KDTS424SBE Dishwasher,Appliance Dealers Cooperative Dishwasher,Dishwasher,,,,,,,,,,,,,,,,,,,,,,,,,,,Dishwasher,Model,KDTS424SBE,,,,,,,,,,,,,,,,,,,,,,,,,,,,,,,,,,,,,,,,,,,,,,,,,,,,,,,,,,,,,,,,,,,,,,,,,,,,,,,,,,,,,,,,,,,,,,,,,,,,,,,,,,,,,,,,,,,,,,,,,,,,,,,,,,,,,,,,,,,,,,,,,,,,,,,,,,,,,,,,,,,,,,,,Appliance_Dealers_Cooperative_KDTS424SBE.jpg,,,,,,,,,Appliance_Dealers_Cooperative_KDTS424SBE_Specification_Sheet.pdf,,,,,,,,,,,,,,,,,,No
,,,,,,50662916,Appliances,Large Appliances,Dishwashers,6662916,KDTS324SPS,KDTS324SPS Kitchen Aid Dishwasher SS,-- Unbranded --,-- No Unilog Brand --,-- No DIB Brand --,Appliance Dealers Cooperative (APPDE),Appliance Dealers Cooperative,Appliance Dealers Cooperative,,KDTS324SPS,,Appliances & Consumer Electronics>Kitchen Appliances>Built-In Dishwashers,"Appliance Dealers Cooperative, Dishwasher, KDTS324SPS",DISHWASHER SST,"Appliance Dealers Cooperative KDTS324SPS Dishwasher, Stainless Steel","Appliance Dealers Cooperative Dishwasher, Stainless Steel","Dishwasher, Stainless Steel",,,,,,,,,,,,,,,,,,,,,,,,,,,Dishwasher,Model,KDTS324SPS,,Material,Stainless Steel,,Color,Stainless Steel,,,,,,,,,,,,,,,,,,,,,,,,,,,,,,,,,,,,,,,,,,,,,,,,,,,,,,,,,,,,,,,,,,,,,,,,,,,,,,,,,,,,,,,,,,,,,,,,,,,,,,,,,,,,,,,,,,,,,,,,,,,,,,,,,,,,,,,,,,,,,,,,,,,,,,,,,,,,,,,,,,Appliance_Dealers_Cooperative_KDTS324SPS.jpg,,,,,,,,,Appliance_Dealers_Cooperative_KDTS324SPS_Specification_Sheet.pdf,,,,,,,,,,,,,,,,,,No
,,,,,,60196596,Appliances,Large Appliances,Dishwashers,7196596,KDPS624SJP,KDPS624SJP Dishwasher Juniper - Display Only,-- Unbranded --,-- No Unilog Brand --,-- No DIB Brand --,Appliance Dealers Cooperative (APPDE),Appliance Dealers Cooperative,Appliance Dealers Cooperative,,KDPS624SJP,,Appliances & Consumer Electronics>Kitchen Appliances>Built-In Dishwashers,"Appliance Dealers Cooperative, Dishwasher, KDPS624SJP",DISHWASHER,Appliance Dealers Cooperative KDPS624SJP Dishwasher,Appliance Dealers Cooperative Dishwasher,Dishwasher,,,,,,,,,,,,,,,,,,,,,,,,,,,Dishwasher,Model,KDPS624SJP,,,,,,,,,,,,,,,,,,,,,,,,,,,,,,,,,,,,,,,,,,,,,,,,,,,,,,,,,,,,,,,,,,,,,,,,,,,,,,,,,,,,,,,,,,,,,,,,,,,,,,,,,,,,,,,,,,,,,,,,,,,,,,,,,,,,,,,,,,,,,,,,,,,,,,,,,,,,,,,,,,,,,,,,Appliance_Dealers_Cooperative_KDPS624SJP.jpg,,,,,,,,,Appliance_Dealers_Cooperative_KDPS624SJP_Specification_Sheet.pdf,,,,,,,,,,,,,,,,,,No
,,,,,,26878984,Appliances,Large Appliances,Dishwashers,9878984,KDTS624SBE,KDTS624SBE Dishwasher BO Display Only,-- Unbranded --,-- No Unilog Brand --,-- No DIB Brand --,Appliance Dealers Cooperative (APPDE),Appliance Dealers Cooperative,Appliance Dealers Cooperative,,KDTS624SBE,KDTS424SBE,Appliances & Consumer Electronics>Kitchen Appliances>Built-In Dishwashers,"Appliance Dealers Cooperative, Dishwasher, KDTS624SBE",DISHWASHER,Appliance Dealers Cooperative KDTS624SBE Dishwasher,Appliance Dealers Cooperative Dishwasher,Dishwasher,,,,,,,,,,,,,,,,,,,,,,,,,,,Dishwasher,Model,KDTS624SBE,,,,,,,,,,,,,,,,,,,,,,,,,,,,,,,,,,,,,,,,,,,,,,,,,,,,,,,,,,,,,,,,,,,,,,,,,,,,,,,,,,,,,,,,,,,,,,,,,,,,,,,,,,,,,,,,,,,,,,,,,,,,,,,,,,,,,,,,,,,,,,,,,,,,,,,,,,,,,,,,,,,,,,,,Appliance_Dealers_Cooperative_KDTS624SBE.jpg,,,,,,,,,Appliance_Dealers_Cooperative_KDTS624SBE_Specification_Sheet.pdf,,,,,,,,,,,,,,,,,,No
,,,,,,41801248,Tools & Industrial Hardware,Industrial Maintenance,General Supplies,6801248,D519127,D519127 Heater Kit,-- Unbranded --,-- No Unilog Brand --,-- No DIB Brand --,V & V Appliance Parts Inc (VVAPP),V & V Appliance Parts Inc,V & V Appliance Parts Inc,,D519127,,Tools & Industrial Hardware>Industrial Maintenance>General Supplies,"V & V Appliance Parts Inc, General Supplie, D519127",GENERAL SUPPLIE,V & V Appliance Parts Inc D519127 General Supplie,V & V Appliance Parts Inc General Supplie,General Supplie,,,,,,,,,,,,,,,,,,,,,,,,,,,General Supplie,Model,D519127,,,,,,,,,,,,,,,,,,,,,,,,,,,,,,,,,,,,,,,,,,,,,,,,,,,,,,,,,,,,,,,,,,,,,,,,,,,,,,,,,,,,,,,,,,,,,,,,,,,,,,,,,,,,,,,,,,,,,,,,,,,,,,,,,,,,,,,,,,,,,,,,,,,,,,,,,,,,,,,,,,,,,,,,V_AND_V_Appliance_Parts_Inc_D519127.jpg,,,,,,,,,V_AND_V_Appliance_Parts_Inc_D519127_Specification_Sheet.pdf,,,,,,,,,,,,,,,,,,No
,,,,,,67839746,Tools & Industrial Hardware,Industrial Maintenance,General Supplies,5839746,DF7004WE,DF7004WE Speed Queen Elect Dryer Wh,-- Unbranded --,-- No Unilog Brand --,-- No DIB Brand --,Appliance Dealers Cooperative (APPDE),Appliance Dealers Cooperative,Appliance Dealers Cooperative,,DF7004WE,,Tools & Industrial Hardware>Industrial Maintenance>General Supplies,"Appliance Dealers Cooperative, General Supplie, DF7004WE",GENERAL SUPPLIE,Appliance Dealers Cooperative DF7004WE General Supplie,Appliance Dealers Cooperative General Supplie,General Supplie,,,,,,,,,,,,,,,,,,,,,,,,,,,General Supplie,Model,DF7004WE,,,,,,,,,,,,,,,,,,,,,,,,,,,,,,,,,,,,,,,,,,,,,,,,,,,,,,,,,,,,,,,,,,,,,,,,,,,,,,,,,,,,,,,,,,,,,,,,,,,,,,,,,,,,,,,,,,,,,,,,,,,,,,,,,,,,,,,,,,,,,,,,,,,,,,,,,,,,,,,,,,,,,,,,Appliance_Dealers_Cooperative_DF7004WE.jpg,,,,,,,,,Appliance_Dealers_Cooperative_DF7004WE_Specification_Sheet.pdf,,,,,,,,,,,,,,,,,,No
,,,,,,94653724,Tools & Industrial Hardware,Industrial Maintenance,General Supplies,5653724,DR7004BE,DR7004BE SQ Elect Dryer Bk,-- Unbranded --,-- No Unilog Brand --,-- No DIB Brand --,Appliance Dealers Cooperative (APPDE),Appliance Dealers Cooperative,Appliance Dealers Cooperative,,DR7004BE,,Tools & Industrial Hardware>Industrial Maintenance>General Supplies,"Appliance Dealers Cooperative, General Supplie, DR7004BE",GENERAL SUPPLIE,Appliance Dealers Cooperative DR7004BE General Supplie,Appliance Dealers Cooperative General Supplie,General Supplie,,,,,,,,,,,,,,,,,,,,,,,,,,,General Supplie,Model,DR7004BE,,,,,,,,,,,,,,,,,,,,,,,,,,,,,,,,,,,,,,,,,,,,,,,,,,,,,,,,,,,,,,,,,,,,,,,,,,,,,,,,,,,,,,,,,,,,,,,,,,,,,,,,,,,,,,,,,,,,,,,,,,,,,,,,,,,,,,,,,,,,,,,,,,,,,,,,,,,,,,,,,,,,,,,,Appliance_Dealers_Cooperative_DR7004BE.jpg,,,,,,,,,Appliance_Dealers_Cooperative_DR7004BE_Specification_Sheet.pdf,,,,,,,,,,,,,,,,,,No
,,,,,,11196372,Tools & Industrial Hardware,Industrial Maintenance,General Supplies,3196372,DV2000WE,DV2000WE SQ Elect Dryer Wh,-- Unbranded --,-- No Unilog Brand --,-- No DIB Brand --,Appliance Dealers Cooperative (APPDE),Appliance Dealers Cooperative,Appliance Dealers Cooperative,,DV2000WE,,Tools & Industrial Hardware>Industrial Maintenance>General Supplies,"Appliance Dealers Cooperative, General Supplie, DV2000WE",GENERAL SUPPLIE,Appliance Dealers Cooperative DV2000WE General Supplie,Appliance Dealers Cooperative General Supplie,General Supplie,,,,,,,,,,,,,,,,,,,,,,,,,,,General Supplie,Model,DV2000WE,,,,,,,,,,,,,,,,,,,,,,,,,,,,,,,,,,,,,,,,,,,,,,,,,,,,,,,,,,,,,,,,,,,,,,,,,,,,,,,,,,,,,,,,,,,,,,,,,,,,,,,,,,,,,,,,,,,,,,,,,,,,,,,,,,,,,,,,,,,,,,,,,,,,,,,,,,,,,,,,,,,,,,,,Appliance_Dealers_Cooperative_DV2000WE.jpg,,,,,,,,,Appliance_Dealers_Cooperative_DV2000WE_Specification_Sheet.pdf,,,,,,,,,,,,,,,,,,No
,,,,,,70012672,Tools & Industrial Hardware,Industrial Maintenance,General Supplies,8012672,DC5004WE,DC5004WE SQ Elect Dryer Wh,-- Unbranded --,-- No Unilog Brand --,-- No DIB Brand --,Appliance Dealers Cooperative (APPDE),Appliance Dealers Cooperative,Appliance Dealers Cooperative,,DC5004WE,,Tools & Industrial Hardware>Industrial Maintenance>General Supplies,"Appliance Dealers Cooperative, General Supplie, DC5004WE",GENERAL SUPPLIE,Appliance Dealers Cooperative DC5004WE General Supplie,Appliance Dealers Cooperative General Supplie,General Supplie,,,,,,,,,,,,,,,,,,,,,,,,,,,General Supplie,Model,DC5004WE,,,,,,,,,,,,,,,,,,,,,,,,,,,,,,,,,,,,,,,,,,,,,,,,,,,,,,,,,,,,,,,,,,,,,,,,,,,,,,,,,,,,,,,,,,,,,,,,,,,,,,,,,,,,,,,,,,,,,,,,,,,,,,,,,,,,,,,,,,,,,,,,,,,,,,,,,,,,,,,,,,,,,,,,Appliance_Dealers_Cooperative_DC5004WE.jpg,,,,,,,,,Appliance_Dealers_Cooperative_DC5004WE_Specification_Sheet.pdf,,,,,,,,,,,,,,,,,,No
,,,,,,48132910,Tools & Industrial Hardware,Industrial Maintenance,General Supplies,4132910,DC5004BE,DC5004BE SQ Elect Dryer Bk,-- Unbranded --,-- No Unilog Brand --,-- No DIB Brand --,Appliance Dealers Cooperative (APPDE),Appliance Dealers Cooperative,Appliance Dealers Cooperative,,DC5004BE,,Tools & Industrial Hardware>Industrial Maintenance>General Supplies,"Appliance Dealers Cooperative, General Supplie, DC5004BE",GENERAL SUPPLIE,Appliance Dealers Cooperative DC5004BE General Supplie,Appliance Dealers Cooperative General Supplie,General Supplie,,,,,,,,,,,,,,,,,,,,,,,,,,,General Supplie,Model,DC5004BE,,,,,,,,,,,,,,,,,,,,,,,,,,,,,,,,,,,,,,,,,,,,,,,,,,,,,,,,,,,,,,,,,,,,,,,,,,,,,,,,,,,,,,,,,,,,,,,,,,,,,,,,,,,,,,,,,,,,,,,,,,,,,,,,,,,,,,,,,,,,,,,,,,,,,,,,,,,,,,,,,,,,,,,,Appliance_Dealers_Cooperative_DC5004BE.jpg,,,,,,,,,Appliance_Dealers_Cooperative_DC5004BE_Specification_Sheet.pdf,,,,,,,,,,,,,,,,,,No
,,,,,,25711479,Tools & Industrial Hardware,Industrial Maintenance,General Supplies,8711479,WKE100HWA,WKE100HWA LG Laundry Center Wh - Display,-- Unbranded --,-- No Unilog Brand --,-- No DIB Brand --,Appliance Dealers Cooperative (APPDE),Appliance Dealers Cooperative,Appliance Dealers Cooperative,,WKE100HWA,,Tools & Industrial Hardware>Industrial Maintenance>General Supplies,"Appliance Dealers Cooperative, General Supplie, WKE100HWA",GENERAL SUPPLIE,Appliance Dealers Cooperative WKE100HWA General Supplie,Appliance Dealers Cooperative General Supplie,General Supplie,,,,,,,,,,,,,,,,,,,,,,,,,,,General Supplie,Model,WKE100HWA,,,,,,,,,,,,,,,,,,,,,,,,,,,,,,,,,,,,,,,,,,,,,,,,,,,,,,,,,,,,,,,,,,,,,,,,,,,,,,,,,,,,,,,,,,,,,,,,,,,,,,,,,,,,,,,,,,,,,,,,,,,,,,,,,,,,,,,,,,,,,,,,,,,,,,,,,,,,,,,,,,,,,,,,Appliance_Dealers_Cooperative_WKE100HWA.jpg,,,,,,,,,Appliance_Dealers_Cooperative_WKE100HWA_Specification_Sheet.pdf,,,,,,,,,,,,,,,,,,No
,,,,,,44160435,Tools & Hardware,Hardware,Fasteners,9160435,FF7011WN,FF7011WN Speed Queen Washer Wh,-- Unbranded --,-- No Unilog Brand --,-- No DIB Brand --,Appliance Dealers Cooperative (APPDE),Appliance Dealers Cooperative,Appliance Dealers Cooperative,,FF7011WN,,Tools & Hardware>Hardware>Fasteners,"Appliance Dealers Cooperative, Fastener, FF7011WN",FASTENER,Appliance Dealers Cooperative FF7011WN Fastener,Appliance Dealers Cooperative Fastener,Fastener,,,,,,,,,,,,,,,,,,,,,,,,,,,Fastener,Model,FF7011WN,,,,,,,,,,,,,,,,,,,,,,,,,,,,,,,,,,,,,,,,,,,,,,,,,,,,,,,,,,,,,,,,,,,,,,,,,,,,,,,,,,,,,,,,,,,,,,,,,,,,,,,,,,,,,,,,,,,,,,,,,,,,,,,,,,,,,,,,,,,,,,,,,,,,,,,,,,,,,,,,,,,,,,,,Appliance_Dealers_Cooperative_FF7011WN.jpg,,,,,,,,,Appliance_Dealers_Cooperative_FF7011WN_Specification_Sheet.pdf,,,,,,,,,,,,,,,,,,No
,,,,,,85167060,Tools & Industrial Hardware,Industrial Maintenance,General Supplies,5167060,PTD70GBPTDG,PTD70GBPTDG GE Gas Dryer DG,-- Unbranded --,-- No Unilog Brand --,-- No DIB Brand --,Appliance Dealers Cooperative (APPDE),Appliance Dealers Cooperative,Appliance Dealers Cooperative,,PTD70GBPTDG,,Tools & Industrial Hardware>Industrial Maintenance>General Supplies,"Appliance Dealers Cooperative, General Supplie, PTD70GBPTDG",GENERAL SUPPLIE,Appliance Dealers Cooperative PTD70GBPTDG General Supplie,Appliance Dealers Cooperative General Supplie,General Supplie,,,,,,,,,,,,,,,,,,,,,,,,,,,General Supplie,Model,PTD70GBPTDG,,,,,,,,,,,,,,,,,,,,,,,,,,,,,,,,,,,,,,,,,,,,,,,,,,,,,,,,,,,,,,,,,,,,,,,,,,,,,,,,,,,,,,,,,,,,,,,,,,,,,,,,,,,,,,,,,,,,,,,,,,,,,,,,,,,,,,,,,,,,,,,,,,,,,,,,,,,,,,,,,,,,,,,,Appliance_Dealers_Cooperative_PTD70GBPTDG.jpg,,,,,,,,,Appliance_Dealers_Cooperative_PTD70GBPTDG_Specification_Sheet.pdf,,,,,,,,,,,,,,,,,,No
,,,,,,21679809,Tools & Industrial Hardware,Industrial Maintenance,General Supplies,4679809,PTD70GBSTWS,PTD70GBSTWS GE Gas Dryer Wh,-- Unbranded --,-- No Unilog Brand --,-- No DIB Brand --,Appliance Dealers Cooperative (APPDE),Appliance Dealers Cooperative,Appliance Dealers Cooperative,,PTD70GBSTWS,,Tools & Industrial Hardware>Industrial Maintenance>General Supplies,"Appliance Dealers Cooperative, General Supplie, PTD70GBSTWS",GENERAL SUPPLIE,Appliance Dealers Cooperative PTD70GBSTWS General Supplie,Appliance Dealers Cooperative General Supplie,General Supplie,,,,,,,,,,,,,,,,,,,,,,,,,,,General Supplie,Model,PTD70GBSTWS,,,,,,,,,,,,,,,,,,,,,,,,,,,,,,,,,,,,,,,,,,,,,,,,,,,,,,,,,,,,,,,,,,,,,,,,,,,,,,,,,,,,,,,,,,,,,,,,,,,,,,,,,,,,,,,,,,,,,,,,,,,,,,,,,,,,,,,,,,,,,,,,,,,,,,,,,,,,,,,,,,,,,,,,Appliance_Dealers_Cooperative_PTD70GBSTWS.jpg,,,,,,,,,Appliance_Dealers_Cooperative_PTD70GBSTWS_Specification_Sheet.pdf,,,,,,,,,,,,,,,,,,No
,,,,,,81189128,Tools & Industrial Hardware,Industrial Maintenance,General Supplies,1189128,DR5004WG,DR5004WG SQ Gas Dryer Wh,-- Unbranded --,-- No Unilog Brand --,-- No DIB Brand --,Appliance Dealers Cooperative (APPDE),Appliance Dealers Cooperative,Appliance Dealers Cooperative,,DR5004WG,,Tools & Industrial Hardware>Industrial Maintenance>General Supplies,"Appliance Dealers Cooperative, General Supplie, DR5004WG",GENERAL SUPPLIE,Appliance Dealers Cooperative DR5004WG General Supplie,Appliance Dealers Cooperative General Supplie,General Supplie,,,,,,,,,,,,,,,,,,,,,,,,,,,General Supplie,Model,DR5004WG,,,,,,,,,,,,,,,,,,,,,,,,,,,,,,,,,,,,,,,,,,,,,,,,,,,,,,,,,,,,,,,,,,,,,,,,,,,,,,,,,,,,,,,,,,,,,,,,,,,,,,,,,,,,,,,,,,,,,,,,,,,,,,,,,,,,,,,,,,,,,,,,,,,,,,,,,,,,,,,,,,,,,,,,Appliance_Dealers_Cooperative_DR5004WG.jpg,,,,,,,,,Appliance_Dealers_Cooperative_DR5004WG_Specification_Sheet.pdf,,,,,,,,,,,,,,,,,,No
,,,,,,25012910,Tools & Industrial Hardware,Industrial Maintenance,General Supplies,8012910,DR7004BG,DR7004BG SQ Gas Dryer Bk,-- Unbranded --,-- No Unilog Brand --,-- No DIB Brand --,Appliance Dealers Cooperative (APPDE),Appliance Dealers Cooperative,Appliance Dealers Cooperative,,DR7004BG,,Tools & Industrial Hardware>Industrial Maintenance>General Supplies,"Appliance Dealers Cooperative, General Supplie, DR7004BG",GENERAL SUPPLIE,Appliance Dealers Cooperative DR7004BG General Supplie,Appliance Dealers Cooperative General Supplie,General Supplie,,,,,,,,,,,,,,,,,,,,,,,,,,,General Supplie,Model,DR7004BG,,,,,,,,,,,,,,,,,,,,,,,,,,,,,,,,,,,,,,,,,,,,,,,,,,,,,,,,,,,,,,,,,,,,,,,,,,,,,,,,,,,,,,,,,,,,,,,,,,,,,,,,,,,,,,,,,,,,,,,,,,,,,,,,,,,,,,,,,,,,,,,,,,,,,,,,,,,,,,,,,,,,,,,,Appliance_Dealers_Cooperative_DR7004BG.jpg,,,,,,,,,Appliance_Dealers_Cooperative_DR7004BG_Specification_Sheet.pdf,,,,,,,,,,,,,,,,,,No
,,,,,,34662150,Tools & Industrial Hardware,Industrial Maintenance,General Supplies,8662150,DR7004WG,DR7004WG SQ Gas Dryer Wh,-- Unbranded --,-- No Unilog Brand --,-- No DIB Brand --,Appliance Dealers Cooperative (APPDE),Appliance Dealers Cooperative,Appliance Dealers Cooperative,,DR7004WG,,Tools & Industrial Hardware>Industrial Maintenance>General Supplies,"Appliance Dealers Cooperative, General Supplie, DR7004WG",GENERAL SUPPLIE,Appliance Dealers Cooperative DR7004WG General Supplie,Appliance Dealers Cooperative General Supplie,General Supplie,,,,,,,,,,,,,,,,,,,,,,,,,,,General Supplie,Model,DR7004WG,,,,,,,,,,,,,,,,,,,,,,,,,,,,,,,,,,,,,,,,,,,,,,,,,,,,,,,,,,,,,,,,,,,,,,,,,,,,,,,,,,,,,,,,,,,,,,,,,,,,,,,,,,,,,,,,,,,,,,,,,,,,,,,,,,,,,,,,,,,,,,,,,,,,,,,,,,,,,,,,,,,,,,,,Appliance_Dealers_Cooperative_DR7004WG.jpg,,,,,,,,,Appliance_Dealers_Cooperative_DR7004WG_Specification_Sheet.pdf,,,,,,,,,,,,,,,,,,No
,,,,,,18962649,Tools & Industrial Hardware,Industrial Maintenance,General Supplies,1962649,DV2000WG,DV2000WG SQ Gas Dryer Wh,-- Unbranded --,-- No Unilog Brand --,-- No DIB Brand --,Appliance Dealers Cooperative (APPDE),Appliance Dealers Cooperative,Appliance Dealers Cooperative,,DV2000WG,,Tools & Industrial Hardware>Industrial Maintenance>General Supplies,"Appliance Dealers Cooperative, General Supplie, DV2000WG",GENERAL SUPPLIE,Appliance Dealers Cooperative DV2000WG General Supplie,Appliance Dealers Cooperative General Supplie,General Supplie,,,,,,,,,,,,,,,,,,,,,,,,,,,General Supplie,Model,DV2000WG,,,,,,,,,,,,,,,,,,,,,,,,,,,,,,,,,,,,,,,,,,,,,,,,,,,,,,,,,,,,,,,,,,,,,,,,,,,,,,,,,,,,,,,,,,,,,,,,,,,,,,,,,,,,,,,,,,,,,,,,,,,,,,,,,,,,,,,,,,,,,,,,,,,,,,,,,,,,,,,,,,,,,,,,Appliance_Dealers_Cooperative_DV2000WG.jpg,,,,,,,,,Appliance_Dealers_Cooperative_DV2000WG_Specification_Sheet.pdf,,,,,,,,,,,,,,,,,,No
,,,,,,45272938,Tools & Industrial Hardware,Industrial Maintenance,General Supplies,1272938,DC5004WG,DC5004WG SQ Gas Dryer Wh,-- Unbranded --,-- No Unilog Brand --,-- No DIB Brand --,Appliance Dealers Cooperative (APPDE),Appliance Dealers Cooperative,Appliance Dealers Cooperative,,DC5004WG,,Tools & Industrial Hardware>Industrial Maintenance>General Supplies,"Appliance Dealers Cooperative, General Supplie, DC5004WG",GENERAL SUPPLIE,Appliance Dealers Cooperative DC5004WG General Supplie,Appliance Dealers Cooperative General Supplie,General Supplie,,,,,,,,,,,,,,,,,,,,,,,,,,,General Supplie,Model,DC5004WG,,,,,,,,,,,,,,,,,,,,,,,,,,,,,,,,,,,,,,,,,,,,,,,,,,,,,,,,,,,,,,,,,,,,,,,,,,,,,,,,,,,,,,,,,,,,,,,,,,,,,,,,,,,,,,,,,,,,,,,,,,,,,,,,,,,,,,,,,,,,,,,,,,,,,,,,,,,,,,,,,,,,,,,,Appliance_Dealers_Cooperative_DC5004WG.jpg,,,,,,,,,Appliance_Dealers_Cooperative_DC5004WG_Specification_Sheet.pdf,,,,,,,,,,,,,,,,,,No
,,,,,,90638824,Tools & Industrial Hardware,Industrial Maintenance,General Supplies,1638824,DC5004BG,DC5004BG SQ Gas Dryer Bk,-- Unbranded --,-- No Unilog Brand --,-- No DIB Brand --,Appliance Dealers Cooperative (APPDE),Appliance Dealers Cooperative,Appliance Dealers Cooperative,,DC5004BG,,Tools & Industrial Hardware>Industrial Maintenance>General Supplies,"Appliance Dealers Cooperative, General Supplie, DC5004BG",GENERAL SUPPLIE,Appliance Dealers Cooperative DC5004BG General Supplie,Appliance Dealers Cooperative General Supplie,General Supplie,,,,,,,,,,,,,,,,,,,,,,,,,,,General Supplie,Model,DC5004BG,,,,,,,,,,,,,,,,,,,,,,,,,,,,,,,,,,,,,,,,,,,,,,,,,,,,,,,,,,,,,,,,,,,,,,,,,,,,,,,,,,,,,,,,,,,,,,,,,,,,,,,,,,,,,,,,,,,,,,,,,,,,,,,,,,,,,,,,,,,,,,,,,,,,,,,,,,,,,,,,,,,,,,,,Appliance_Dealers_Cooperative_DC5004BG.jpg,,,,,,,,,Appliance_Dealers_Cooperative_DC5004BG_Specification_Sheet.pdf,,,,,,,,,,,,,,,,,,No
,,,,,,79634817,Tools & Hardware,Hardware,Fasteners,8634817,PTW705BSTWS,PTW705BSTWS GE Washer Wh,-- Unbranded --,-- No Unilog Brand --,-- No DIB Brand --,Appliance Dealers Cooperative (APPDE),Appliance Dealers Cooperative,Appliance Dealers Cooperative,,PTW705BSTWS,,Tools & Hardware>Hardware>Fasteners,"Appliance Dealers Cooperative, Fastener, PTW705BSTWS",FASTENER,Appliance Dealers Cooperative PTW705BSTWS Fastener,Appliance Dealers Cooperative Fastener,Fastener,,,,,,,,,,,,,,,,,,,,,,,,,,,Fastener,Model,PTW705BSTWS,,,,,,,,,,,,,,,,,,,,,,,,,,,,,,,,,,,,,,,,,,,,,,,,,,,,,,,,,,,,,,,,,,,,,,,,,,,,,,,,,,,,,,,,,,,,,,,,,,,,,,,,,,,,,,,,,,,,,,,,,,,,,,,,,,,,,,,,,,,,,,,,,,,,,,,,,,,,,,,,,,,,,,,,Appliance_Dealers_Cooperative_PTW705BSTWS.jpg,,,,,,,,,Appliance_Dealers_Cooperative_PTW705BSTWS_Specification_Sheet.pdf,,,,,,,,,,,,,,,,,,No
,,,,,,49324708,Tools & Hardware,Hardware,Fasteners,5324708,MVWP586GW,MVWP586GW Washer Wh - Display,-- Unbranded --,-- No Unilog Brand --,-- No DIB Brand --,Appliance Dealers Cooperative (APPDE),Appliance Dealers Cooperative,Appliance Dealers Cooperative,,MVWP586GW,,Tools & Hardware>Hardware>Fasteners,"Appliance Dealers Cooperative, Fastener, MVWP586GW",FASTENER,Appliance Dealers Cooperative MVWP586GW Fastener,Appliance Dealers Cooperative Fastener,Fastener,,,,,,,,,,,,,,,,,,,,,,,,,,,Fastener,Model,MVWP586GW,,,,,,,,,,,,,,,,,,,,,,,,,,,,,,,,,,,,,,,,,,,,,,,,,,,,,,,,,,,,,,,,,,,,,,,,,,,,,,,,,,,,,,,,,,,,,,,,,,,,,,,,,,,,,,,,,,,,,,,,,,,,,,,,,,,,,,,,,,,,,,,,,,,,,,,,,,,,,,,,,,,,,,,,Appliance_Dealers_Cooperative_MVWP586GW.jpg,,,,,,,,,Appliance_Dealers_Cooperative_MVWP586GW_Specification_Sheet.pdf,,,,,,,,,,,,,,,,,,No
,,,,,,44940325,Tools & Hardware,Hardware,Fasteners,9940325,TV2000WN,TV2000WN SQ Elect Washer,-- Unbranded --,-- No Unilog Brand --,-- No DIB Brand --,Appliance Dealers Cooperative (APPDE),Appliance Dealers Cooperative,Appliance Dealers Cooperative,,TV2000WN,,Tools & Hardware>Hardware>Fasteners,"Appliance Dealers Cooperative, Fastener, TV2000WN",FASTENER,Appliance Dealers Cooperative TV2000WN Fastener,Appliance Dealers Cooperative Fastener,Fastener,,,,,,,,,,,,,,,,,,,,,,,,,,,Fastener,Model,TV2000WN,,,,,,,,,,,,,,,,,,,,,,,,,,,,,,,,,,,,,,,,,,,,,,,,,,,,,,,,,,,,,,,,,,,,,,,,,,,,,,,,,,,,,,,,,,,,,,,,,,,,,,,,,,,,,,,,,,,,,,,,,,,,,,,,,,,,,,,,,,,,,,,,,,,,,,,,,,,,,,,,,,,,,,,,Appliance_Dealers_Cooperative_TV2000WN.jpg,,,,,,,,,Appliance_Dealers_Cooperative_TV2000WN_Specification_Sheet.pdf,,,,,,,,,,,,,,,,,,No
,,,,,,19267059,Tools & Hardware,Hardware,Fasteners,2267059,TC5003BN,TC5003BN SQ Washer Bk,-- Unbranded --,-- No Unilog Brand --,-- No DIB Brand --,Appliance Dealers Cooperative (APPDE),Appliance Dealers Cooperative,Appliance Dealers Cooperative,,TC5003BN,,Tools & Hardware>Hardware>Fasteners,"Appliance Dealers Cooperative, Fastener, TC5003BN",FASTENER,Appliance Dealers Cooperative TC5003BN Fastener,Appliance Dealers Cooperative Fastener,Fastener,,,,,,,,,,,,,,,,,,,,,,,,,,,Fastener,Model,TC5003BN,,,,,,,,,,,,,,,,,,,,,,,,,,,,,,,,,,,,,,,,,,,,,,,,,,,,,,,,,,,,,,,,,,,,,,,,,,,,,,,,,,,,,,,,,,,,,,,,,,,,,,,,,,,,,,,,,,,,,,,,,,,,,,,,,,,,,,,,,,,,,,,,,,,,,,,,,,,,,,,,,,,,,,,,Appliance_Dealers_Cooperative_TC5003BN.jpg,,,,,,,,,Appliance_Dealers_Cooperative_TC5003BN_Specification_Sheet.pdf,,,,,,,,,,,,,,,,,,No
,,,,,,19040177,Tools & Hardware,Hardware,Fasteners,2040177,TR7006WN,TR7006WN Speed Queen Washer Wh,-- Unbranded --,-- No Unilog Brand --,-- No DIB Brand --,Appliance Dealers Cooperative (APPDE),Appliance Dealers Cooperative,Appliance Dealers Cooperative,,TR7006WN,,Tools & Hardware>Hardware>Fasteners,"Appliance Dealers Cooperative, Fastener, TR7006WN",FASTENER,Appliance Dealers Cooperative TR7006WN Fastener,Appliance Dealers Cooperative Fastener,Fastener,,,,,,,,,,,,,,,,,,,,,,,,,,,Fastener,Model,TR7006WN,,,,,,,,,,,,,,,,,,,,,,,,,,,,,,,,,,,,,,,,,,,,,,,,,,,,,,,,,,,,,,,,,,,,,,,,,,,,,,,,,,,,,,,,,,,,,,,,,,,,,,,,,,,,,,,,,,,,,,,,,,,,,,,,,,,,,,,,,,,,,,,,,,,,,,,,,,,,,,,,,,,,,,,,Appliance_Dealers_Cooperative_TR7006WN.jpg,,,,,,,,,Appliance_Dealers_Cooperative_TR7006WN_Specification_Sheet.pdf,,,,,,,,,,,,,,,,,,No
,,,,,,57772264,Tools & Hardware,Hardware,Fasteners,4772264,TR7006BN,TR7006BN Speed Queen Washer Bk,-- Unbranded --,-- No Unilog Brand --,-- No DIB Brand --,Appliance Dealers Cooperative (APPDE),Appliance Dealers Cooperative,Appliance Dealers Cooperative,,TR7006BN,,Tools & Hardware>Hardware>Fasteners,"Appliance Dealers Cooperative, Fastener, TR7006BN",FASTENER,Appliance Dealers Cooperative TR7006BN Fastener,Appliance Dealers Cooperative Fastener,Fastener,,,,,,,,,,,,,,,,,,,,,,,,,,,Fastener,Model,TR7006BN,,,,,,,,,,,,,,,,,,,,,,,,,,,,,,,,,,,,,,,,,,,,,,,,,,,,,,,,,,,,,,,,,,,,,,,,,,,,,,,,,,,,,,,,,,,,,,,,,,,,,,,,,,,,,,,,,,,,,,,,,,,,,,,,,,,,,,,,,,,,,,,,,,,,,,,,,,,,,,,,,,,,,,,,Appliance_Dealers_Cooperative_TR7006BN.jpg,,,,,,,,,Appliance_Dealers_Cooperative_TR7006BN_Specification_Sheet.pdf,,,,,,,,,,,,,,,,,,No
,,,,,,20863542,Tools & Hardware,Hardware,Fasteners,3863542,TR5006WN,TR5006WN Speed Queen Washer Wh,-- Unbranded --,-- No Unilog Brand --,-- No DIB Brand --,Appliance Dealers Cooperative (APPDE),Appliance Dealers Cooperative,Appliance Dealers Cooperative,,TR5006WN,,Tools & Hardware>Hardware>Fasteners,"Appliance Dealers Cooperative, Fastener, TR5006WN",FASTENER,Appliance Dealers Cooperative TR5006WN Fastener,Appliance Dealers Cooperative Fastener,Fastener,,,,,,,,,,,,,,,,,,,,,,,,,,,Fastener,Model,TR5006WN,,,,,,,,,,,,,,,,,,,,,,,,,,,,,,,,,,,,,,,,,,,,,,,,,,,,,,,,,,,,,,,,,,,,,,,,,,,,,,,,,,,,,,,,,,,,,,,,,,,,,,,,,,,,,,,,,,,,,,,,,,,,,,,,,,,,,,,,,,,,,,,,,,,,,,,,,,,,,,,,,,,,,,,,Appliance_Dealers_Cooperative_TR5006WN.jpg,,,,,,,,,Appliance_Dealers_Cooperative_TR5006WN_Specification_Sheet.pdf,,,,,,,,,,,,,,,,,,No
,,,,,,60838068,Tools & Industrial Hardware,Industrial Maintenance,General Supplies,7838068,05134545001,9516 Kneeling Pad& Bttl Opener,-- Unbranded --,-- No Unilog Brand --,-- No DIB Brand --,Wera Tools NA Inc (WERTO),Wera Tools NA Inc,Wera Tools NA Inc,,05134545001,,Tools & Industrial Hardware>Industrial Maintenance>General Supplies,"Wera Tools NA Inc, General Supplie, 05134545001",GENERAL SUPPLIE,Wera Tools NA Inc 05134545001 General Supplie,Wera Tools NA Inc General Supplie,General Supplie,,,,,,,,,,,,,,,,,,,,,,,,,,,General Supplie,Model,05134545001,,,,,,,,,,,,,,,,,,,,,,,,,,,,,,,,,,,,,,,,,,,,,,,,,,,,,,,,,,,,,,,,,,,,,,,,,,,,,,,,,,,,,,,,,,,,,,,,,,,,,,,,,,,,,,,,,,,,,,,,,,,,,,,,,,,,,,,,,,,,,,,,,,,,,,,,,,,,,,,,,,,,,,,,Wera_Tools_NA_Inc_05134545001.jpg,,,,,,,,,Wera_Tools_NA_Inc_05134545001_Specification_Sheet.pdf,,,,,,,,,,,,,,,,,,No
,,,,,,84497394,Tools & Industrial Hardware,Industrial Maintenance,General Supplies,4497394,LNL65301,LNL65301 Digital Tire Pressure - Inflator Gauge,-- Unbranded --,-- No Unilog Brand --,-- No DIB Brand --,-,,,,LNL65301,,Tools & Industrial Hardware>Industrial Maintenance>General Supplies,", General Supplie, LNL65301",GENERAL SUPPLIE,LNL65301 General Supplie,General Supplie,General Supplie,,,,,,,,,,,,,,,,,,,,,,,,,,,General Supplie,Model,LNL65301,,,,,,,,,,,,,,,,,,,,,,,,,,,,,,,,,,,,,,,,,,,,,,,,,,,,,,,,,,,,,,,,,,,,,,,,,,,,,,,,,,,,,,,,,,,,,,,,,,,,,,,,,,,,,,,,,,,,,,,,,,,,,,,,,,,,,,,,,,,,,,,,,,,,,,,,,,,,,,,,,,,,,,,,PRODUCT_LNL65301.jpg,,,,,,,,,PRODUCT_LNL65301_Specification_Sheet.pdf,,,,,,,,,,,,,,,,,,No
,,,,,,61568648,Tools & Industrial Hardware,Industrial Maintenance,General Supplies,8568648,25-A,Charcoal Black 25-A Mortar - Type N,-- Unbranded --,-- No Unilog Brand --,-- No DIB Brand --,Rees Cast Stone Company (REECA),Rees Cast Stone Company,Rees Cast Stone Company,,25-A,,Tools & Industrial Hardware>Industrial Maintenance>General Supplies,"Rees Cast Stone Company, General Supplie, 25-A",GENERAL SUPPLIE,Rees Cast Stone Company 25-A General Supplie,Rees Cast Stone Company General Supplie,General Supplie,,,,,,,,,,,,,,,,,,,,,,,,,,,General Supplie,Model,25-A,,,,,,,,,,,,,,,,,,,,,,,,,,,,,,,,,,,,,,,,,,,,,,,,,,,,,,,,,,,,,,,,,,,,,,,,,,,,,,,,,,,,,,,,,,,,,,,,,,,,,,,,,,,,,,,,,,,,,,,,,,,,,,,,,,,,,,,,,,,,,,,,,,,,,,,,,,,,,,,,,,,,,,,,Rees_Cast_Stone_Company_25-A.jpg,,,,,,,,,Rees_Cast_Stone_Company_25-A_Specification_Sheet.pdf,,,,,,,,,,,,,,,,,,No
,,,,,,46028093,Tools & Industrial Hardware,Industrial Maintenance,General Supplies,2028093,38-E,Dark Chocolate 38-E Mortar - Type N,-- Unbranded --,-- No Unilog Brand --,-- No DIB Brand --,Rees Cast Stone Company (REECA),Rees Cast Stone Company,Rees Cast Stone Company,,38-E,,Tools & Industrial Hardware>Industrial Maintenance>General Supplies,"Rees Cast Stone Company, General Supplie, 38-E",GENERAL SUPPLIE,Rees Cast Stone Company 38-E General Supplie,Rees Cast Stone Company General Supplie,General Supplie,,,,,,,,,,,,,,,,,,,,,,,,,,,General Supplie,Model,38-E,,,,,,,,,,,,,,,,,,,,,,,,,,,,,,,,,,,,,,,,,,,,,,,,,,,,,,,,,,,,,,,,,,,,,,,,,,,,,,,,,,,,,,,,,,,,,,,,,,,,,,,,,,,,,,,,,,,,,,,,,,,,,,,,,,,,,,,,,,,,,,,,,,,,,,,,,,,,,,,,,,,,,,,,Rees_Cast_Stone_Company_38-E.jpg,,,,,,,,,Rees_Cast_Stone_Company_38-E_Specification_Sheet.pdf,,,,,,,,,,,,,,,,,,No
,,,,,,61278432,Lighting & Electrical,Lighting,Lamps & Bulbs,8278432,59-J,Light Buff 59-J Mortar - Type N,-- Unbranded --,-- No Unilog Brand --,-- No DIB Brand --,Rees Cast Stone Company (REECA),Rees Cast Stone Company,Rees Cast Stone Company,,59-J,,Lighting & Electrical>Lighting>Lamps & Fixtures,"Rees Cast Stone Company, Lamps & Bulb, 59-J",LAMPS & BULB,Rees Cast Stone Company 59-J Lamps & Bulb,Rees Cast Stone Company Lamps & Bulb,Lamps & Bulb,,,,,,,,,,,,,,,,,,,,,,,,,,,Lamps & Bulb,Model,59-J,,,,,,,,,,,,,,,,,,,,,,,,,,,,,,,,,,,,,,,,,,,,,,,,,,,,,,,,,,,,,,,,,,,,,,,,,,,,,,,,,,,,,,,,,,,,,,,,,,,,,,,,,,,,,,,,,,,,,,,,,,,,,,,,,,,,,,,,,,,,,,,,,,,,,,,,,,,,,,,,,,,,,,,,Rees_Cast_Stone_Company_59-J.jpg,,,,,,,,,Rees_Cast_Stone_Company_59-J_Specification_Sheet.pdf,,,,,,,,,,,,,,,,,,No
,,,,,,74832112,Lighting & Electrical,Lighting,Lamps & Bulbs,3832112,44-A,Light Chocolate 44-A Mortar - Type N,-- Unbranded --,-- No Unilog Brand --,-- No DIB Brand --,Rees Cast Stone Company (REECA),Rees Cast Stone Company,Rees Cast Stone Company,,44-A,,Lighting & Electrical>Lighting>Lamps & Fixtures,"Rees Cast Stone Company, Lamps & Bulb, 44-A",LAMPS & BULB,Rees Cast Stone Company 44-A Lamps & Bulb,Rees Cast Stone Company Lamps & Bulb,Lamps & Bulb,,,,,,,,,,,,,,,,,,,,,,,,,,,Lamps & Bulb,Model,44-A,,,,,,,,,,,,,,,,,,,,,,,,,,,,,,,,,,,,,,,,,,,,,,,,,,,,,,,,,,,,,,,,,,,,,,,,,,,,,,,,,,,,,,,,,,,,,,,,,,,,,,,,,,,,,,,,,,,,,,,,,,,,,,,,,,,,,,,,,,,,,,,,,,,,,,,,,,,,,,,,,,,,,,,,Rees_Cast_Stone_Company_44-A.jpg,,,,,,,,,Rees_Cast_Stone_Company_44-A_Specification_Sheet.pdf,,,,,,,,,,,,,,,,,,No
,,,,,,68122628,Building Materials,Decking & Building Products,Composite Decking & Trim,6122628,543302126,6' Wh Select T-Rail Kit Horiz - w/Sq Composite Balusters,TREX,-- No Unilog Brand --,-- No DIB Brand --,U S Lumber (3073),U S Lumber,TREX®,,543302126,,Building Materials>Decking & Building Products>Composite Decking,"U S Lumber, Composite Decking & Trim, 543302126",COMPOSITE DECKING & TRIM,TREX® 543302126 Composite Decking & Trim,TREX® Composite Decking & Trim,Composite Decking & Trim,,,,,,,,,,,,,,,,,,,,,,,,,,,Composite Decking & Trim,Model,543302126,,,,,,,,,,,,,,,,,,,,,,,,,,,,,,,,,,,,,,,,,,,,,,,,,,,,,,,,,,,,,,,,,,,,,,,,,,,,,,,,,,,,,,,,,,,,,,,,,,,,,,,,,,,,,,,,,,,,,,,,,,,,,,,,,,,,,,,,,,,,,,,,,,,,,,,,,,,,,,,,,,,,,,,,TREX_543302126.jpg,,,,,,,,,TREX_543302126_Specification_Sheet.pdf,,,,,,,,,,,,,,,,,,No
,,,,,,63423286,Building Materials,Decking & Building Products,Composite Decking & Trim,1423286,543302146,8' Wh Select T-Rail Kit Horiz - w/Sq Composite Balusters,TREX,-- No Unilog Brand --,-- No DIB Brand --,U S Lumber (3073),U S Lumber,TREX®,,543302146,,Building Materials>Decking & Building Products>Composite Decking,"U S Lumber, Composite Decking & Trim, 543302146",COMPOSITE DECKING & TRIM,TREX® 543302146 Composite Decking & Trim,TREX® Composite Decking & Trim,Composite Decking & Trim,,,,,,,,,,,,,,,,,,,,,,,,,,,Composite Decking & Trim,Model,543302146,,,,,,,,,,,,,,,,,,,,,,,,,,,,,,,,,,,,,,,,,,,,,,,,,,,,,,,,,,,,,,,,,,,,,,,,,,,,,,,,,,,,,,,,,,,,,,,,,,,,,,,,,,,,,,,,,,,,,,,,,,,,,,,,,,,,,,,,,,,,,,,,,,,,,,,,,,,,,,,,,,,,,,,,TREX_543302146.jpg,,,,,,,,,TREX_543302146_Specification_Sheet.pdf,,,,,,,,,,,,,,,,,,No
,,,,,,25922188,Tools & Industrial Hardware,Industrial Maintenance,General Supplies,8922188,73019603,Finyline Wh 6' Fl Rail Kit Sq,-- Unbranded --,-- No Unilog Brand --,-- No DIB Brand --,-,,,,73019603,,Tools & Industrial Hardware>Industrial Maintenance>General Supplies,", General Supplie, 73019603",GENERAL SUPPLIE,73019603 General Supplie,General Supplie,General Supplie,,,,,,,,,,,,,,,,,,,,,,,,,,,General Supplie,Model,73019603,,,,,,,,,,,,,,,,,,,,,,,,,,,,,,,,,,,,,,,,,,,,,,,,,,,,,,,,,,,,,,,,,,,,,,,,,,,,,,,,,,,,,,,,,,,,,,,,,,,,,,,,,,,,,,,,,,,,,,,,,,,,,,,,,,,,,,,,,,,,,,,,,,,,,,,,,,,,,,,,,,,,,,,,PRODUCT_73019603.jpg,,,,,,,,,PRODUCT_73019603_Specification_Sheet.pdf,,,,,,,,,,,,,,,,,,No
,,,,,,82184027,Tools & Industrial Hardware,Industrial Maintenance,General Supplies,2184027,73019652,Finyline Wh 8' Fl Rail Kit Sq,-- Unbranded --,-- No Unilog Brand --,-- No DIB Brand --,-,,,,73019652,,Tools & Industrial Hardware>Industrial Maintenance>General Supplies,", General Supplie, 73019652",GENERAL SUPPLIE,73019652 General Supplie,General Supplie,General Supplie,,,,,,,,,,,,,,,,,,,,,,,,,,,General Supplie,Model,73019652,,,,,,,,,,,,,,,,,,,,,,,,,,,,,,,,,,,,,,,,,,,,,,,,,,,,,,,,,,,,,,,,,,,,,,,,,,,,,,,,,,,,,,,,,,,,,,,,,,,,,,,,,,,,,,,,,,,,,,,,,,,,,,,,,,,,,,,,,,,,,,,,,,,,,,,,,,,,,,,,,,,,,,,,PRODUCT_73019652.jpg,,,,,,,,,PRODUCT_73019652_Specification_Sheet.pdf,,,,,,,,,,,,,,,,,,No
,,,,,,89535306,Tools & Industrial Hardware,Industrial Maintenance,General Supplies,9535306,73019517,Finyline Wh 10' Fl Rail Kit Sq,-- Unbranded --,-- No Unilog Brand --,-- No DIB Brand --,-,,,,73019517,,Tools & Industrial Hardware>Industrial Maintenance>General Supplies,", General Supplie, 73019517",GENERAL SUPPLIE,73019517 General Supplie,General Supplie,General Supplie,,,,,,,,,,,,,,,,,,,,,,,,,,,General Supplie,Model,73019517,,,,,,,,,,,,,,,,,,,,,,,,,,,,,,,,,,,,,,,,,,,,,,,,,,,,,,,,,,,,,,,,,,,,,,,,,,,,,,,,,,,,,,,,,,,,,,,,,,,,,,,,,,,,,,,,,,,,,,,,,,,,,,,,,,,,,,,,,,,,,,,,,,,,,,,,,,,,,,,,,,,,,,,,PRODUCT_73019517.jpg,,,,,,,,,PRODUCT_73019517_Specification_Sheet.pdf,,,,,,,,,,,,,,,,,,No
,,,,,,67303589,Tools & Industrial Hardware,Industrial Maintenance,General Supplies,5303589,73019602,Finyline Wh 6' Fl Rail Kit Rd - w/Black Alum Balusters,-- Unbranded --,-- No Unilog Brand --,-- No DIB Brand --,-,,,,73019602,,Tools & Industrial Hardware>Industrial Maintenance>General Supplies,", General Supplie, 73019602",GENERAL SUPPLIE,73019602 General Supplie,General Supplie,General Supplie,,,,,,,,,,,,,,,,,,,,,,,,,,,General Supplie,Model,73019602,,,,,,,,,,,,,,,,,,,,,,,,,,,,,,,,,,,,,,,,,,,,,,,,,,,,,,,,,,,,,,,,,,,,,,,,,,,,,,,,,,,,,,,,,,,,,,,,,,,,,,,,,,,,,,,,,,,,,,,,,,,,,,,,,,,,,,,,,,,,,,,,,,,,,,,,,,,,,,,,,,,,,,,,PRODUCT_73019602.jpg,,,,,,,,,PRODUCT_73019602_Specification_Sheet.pdf,,,,,,,,,,,,,,,,,,No
,,,,,,19065220,Tools & Industrial Hardware,Industrial Maintenance,General Supplies,2065220,73019651,Finyline Wh 8' Fl Rail Kit Rd - w/Black Alum Balusters,-- Unbranded --,-- No Unilog Brand --,-- No DIB Brand --,-,,,,73019651,,Tools & Industrial Hardware>Industrial Maintenance>General Supplies,", General Supplie, 73019651",GENERAL SUPPLIE,73019651 General Supplie,General Supplie,General Supplie,,,,,,,,,,,,,,,,,,,,,,,,,,,General Supplie,Model,73019651,,,,,,,,,,,,,,,,,,,,,,,,,,,,,,,,,,,,,,,,,,,,,,,,,,,,,,,,,,,,,,,,,,,,,,,,,,,,,,,,,,,,,,,,,,,,,,,,,,,,,,,,,,,,,,,,,,,,,,,,,,,,,,,,,,,,,,,,,,,,,,,,,,,,,,,,,,,,,,,,,,,,,,,,PRODUCT_73019651.jpg,,,,,,,,,PRODUCT_73019651_Specification_Sheet.pdf,,,,,,,,,,,,,,,,,,No
,,,,,,30169132,Tools & Industrial Hardware,Industrial Maintenance,General Supplies,4169132,73019516,Finyline Wh 10' Fl Rail Kit Rd - w/Black Alum Balusters,-- Unbranded --,-- No Unilog Brand --,-- No DIB Brand --,-,,,,73019516,,Tools & Industrial Hardware>Industrial Maintenance>General Supplies,", General Supplie, 73019516",GENERAL SUPPLIE,73019516 General Supplie,General Supplie,General Supplie,,,,,,,,,,,,,,,,,,,,,,,,,,,General Supplie,Model,73019516,,,,,,,,,,,,,,,,,,,,,,,,,,,,,,,,,,,,,,,,,,,,,,,,,,,,,,,,,,,,,,,,,,,,,,,,,,,,,,,,,,,,,,,,,,,,,,,,,,,,,,,,,,,,,,,,,,,,,,,,,,,,,,,,,,,,,,,,,,,,,,,,,,,,,,,,,,,,,,,,,,,,,,,,PRODUCT_73019516.jpg,,,,,,,,,PRODUCT_73019516_Specification_Sheet.pdf,,,,,,,,,,,,,,,,,,No
,,,,,,12639531,Building Materials,Decking & Building Products,Composite Decking & Trim,4639531,543300256,6' Black Select Classic Horiz - Rail w/Rnd Black Alum Baluster,TREX,-- No Unilog Brand --,-- No DIB Brand --,Boise Cascade Building Materials (BOICA),Boise Cascade Building Materials,TREX®,,543300256,,Building Materials>Decking & Building Products>Composite Decking,"Boise Cascade Building Materials, Composite Decking & Trim, 543300256",COMPOSITE DECKING & TRIM,TREX® 543300256 Composite Decking & Trim,TREX® Composite Decking & Trim,Composite Decking & Trim,,,,,,,,,,,,,,,,,,,,,,,,,,,Composite Decking & Trim,Model,543300256,,,,,,,,,,,,,,,,,,,,,,,,,,,,,,,,,,,,,,,,,,,,,,,,,,,,,,,,,,,,,,,,,,,,,,,,,,,,,,,,,,,,,,,,,,,,,,,,,,,,,,,,,,,,,,,,,,,,,,,,,,,,,,,,,,,,,,,,,,,,,,,,,,,,,,,,,,,,,,,,,,,,,,,,TREX_543300256.jpg,,,,,,,,,TREX_543300256_Specification_Sheet.pdf,,,,,,,,,,,,,,,,,,No
,,,,,,94130025,Building Materials,Decking & Building Products,Composite Decking & Trim,5130025,543300276,8' Black Select Classic Horiz - Rail w/Rnd Black Alum Baluster,TREX,-- No Unilog Brand --,-- No DIB Brand --,Boise Cascade Building Materials (BOICA),Boise Cascade Building Materials,TREX®,,543300276,,Building Materials>Decking & Building Products>Composite Decking,"Boise Cascade Building Materials, Composite Decking & Trim, 543300276",COMPOSITE DECKING & TRIM,TREX® 543300276 Composite Decking & Trim,TREX® Composite Decking & Trim,Composite Decking & Trim,,,,,,,,,,,,,,,,,,,,,,,,,,,Composite Decking & Trim,Model,543300276,,,,,,,,,,,,,,,,,,,,,,,,,,,,,,,,,,,,,,,,,,,,,,,,,,,,,,,,,,,,,,,,,,,,,,,,,,,,,,,,,,,,,,,,,,,,,,,,,,,,,,,,,,,,,,,,,,,,,,,,,,,,,,,,,,,,,,,,,,,,,,,,,,,,,,,,,,,,,,,,,,,,,,,,TREX_543300276.jpg,,,,,,,,,TREX_543300276_Specification_Sheet.pdf,,,,,,,,,,,,,,,,,,No
,,,,,,71373037,Tools & Industrial Hardware,Industrial Maintenance,General Supplies,9373037,73045028,Custom Finyline Wh Gate Sq Bal,-- Unbranded --,-- No Unilog Brand --,-- No DIB Brand --,-,,,,73045028,,Tools & Industrial Hardware>Industrial Maintenance>General Supplies,", General Supplie, 73045028",GENERAL SUPPLIE,73045028 General Supplie,General Supplie,General Supplie,,,,,,,,,,,,,,,,,,,,,,,,,,,General Supplie,Model,73045028,,,,,,,,,,,,,,,,,,,,,,,,,,,,,,,,,,,,,,,,,,,,,,,,,,,,,,,,,,,,,,,,,,,,,,,,,,,,,,,,,,,,,,,,,,,,,,,,,,,,,,,,,,,,,,,,,,,,,,,,,,,,,,,,,,,,,,,,,,,,,,,,,,,,,,,,,,,,,,,,,,,,,,,,PRODUCT_73045028.jpg,,,,,,,,,PRODUCT_73045028_Specification_Sheet.pdf,,,,,,,,,,,,,,,,,,No
,,,,,,81661492,Tools & Industrial Hardware,Industrial Maintenance,General Supplies,1661492,73045031,Custom Finyline Wh Gate Rd - w/Black Alum Balusters,-- Unbranded --,-- No Unilog Brand --,-- No DIB Brand --,-,,,,73045031,,Tools & Industrial Hardware>Industrial Maintenance>General Supplies,", General Supplie, 73045031",GENERAL SUPPLIE,73045031 General Supplie,General Supplie,General Supplie,,,,,,,,,,,,,,,,,,,,,,,,,,,General Supplie,Model,73045031,,,,,,,,,,,,,,,,,,,,,,,,,,,,,,,,,,,,,,,,,,,,,,,,,,,,,,,,,,,,,,,,,,,,,,,,,,,,,,,,,,,,,,,,,,,,,,,,,,,,,,,,,,,,,,,,,,,,,,,,,,,,,,,,,,,,,,,,,,,,,,,,,,,,,,,,,,,,,,,,,,,,,,,,PRODUCT_73045031.jpg,,,,,,,,,PRODUCT_73045031_Specification_Sheet.pdf,,,,,,,,,,,,,,,,,,No
,,,,,,44059329,Lighting & Electrical,Lighting,Lamps & Bulbs,9059329,543340126,"6'x36"" Select Alm w/Sq Bal Hor - Assembled Black Rail Panel",TREX,-- No Unilog Brand --,-- No DIB Brand --,Boise Cascade Building Materials (BOICA),Boise Cascade Building Materials,TREX®,,543340126,,Lighting & Electrical>Lighting>Lamps & Fixtures,"Boise Cascade Building Materials, Lamps & Bulb, 543340126",LAMPS & BULB,TREX® 543340126 Lamps & Bulb,TREX® Lamps & Bulb,Lamps & Bulb,,,,,,,,,,,,,,,,,,,,,,,,,,,Lamps & Bulb,Model,543340126,,,,,,,,,,,,,,,,,,,,,,,,,,,,,,,,,,,,,,,,,,,,,,,,,,,,,,,,,,,,,,,,,,,,,,,,,,,,,,,,,,,,,,,,,,,,,,,,,,,,,,,,,,,,,,,,,,,,,,,,,,,,,,,,,,,,,,,,,,,,,,,,,,,,,,,,,,,,,,,,,,,,,,,,TREX_543340126.jpg,,,,,,,,,TREX_543340126_Specification_Sheet.pdf,,,,,,,,,,,,,,,,,,No
,,,,,,70654173,Lighting & Electrical,Lighting,Lamps & Bulbs,8654173,543340127,"6'x36"" Select Alm w/Sq Bal Str - Assembled Black Rail Panel",TREX,-- No Unilog Brand --,-- No DIB Brand --,Boise Cascade Building Materials (BOICA),Boise Cascade Building Materials,TREX®,,543340127,,Lighting & Electrical>Lighting>Lamps & Fixtures,"Boise Cascade Building Materials, Lamps & Bulb, 543340127",LAMPS & BULB,TREX® 543340127 Lamps & Bulb,TREX® Lamps & Bulb,Lamps & Bulb,,,,,,,,,,,,,,,,,,,,,,,,,,,Lamps & Bulb,Model,543340127,,,,,,,,,,,,,,,,,,,,,,,,,,,,,,,,,,,,,,,,,,,,,,,,,,,,,,,,,,,,,,,,,,,,,,,,,,,,,,,,,,,,,,,,,,,,,,,,,,,,,,,,,,,,,,,,,,,,,,,,,,,,,,,,,,,,,,,,,,,,,,,,,,,,,,,,,,,,,,,,,,,,,,,,TREX_543340127.jpg,,,,,,,,,TREX_543340127_Specification_Sheet.pdf,,,,,,,,,,,,,,,,,,No
,,,,,,65651616,Lighting & Electrical,Lighting,Lamps & Bulbs,3651616,543340146,"8'x36"" Select Alm w/Sq Bal Hor - Assembled Black Rail Panel",TREX,-- No Unilog Brand --,-- No DIB Brand --,Boise Cascade Building Materials (BOICA),Boise Cascade Building Materials,TREX®,,543340146,,Lighting & Electrical>Lighting>Lamps & Fixtures,"Boise Cascade Building Materials, Lamps & Bulb, 543340146",LAMPS & BULB,TREX® 543340146 Lamps & Bulb,TREX® Lamps & Bulb,Lamps & Bulb,,,,,,,,,,,,,,,,,,,,,,,,,,,Lamps & Bulb,Model,543340146,,,,,,,,,,,,,,,,,,,,,,,,,,,,,,,,,,,,,,,,,,,,,,,,,,,,,,,,,,,,,,,,,,,,,,,,,,,,,,,,,,,,,,,,,,,,,,,,,,,,,,,,,,,,,,,,,,,,,,,,,,,,,,,,,,,,,,,,,,,,,,,,,,,,,,,,,,,,,,,,,,,,,,,,TREX_543340146.jpg,,,,,,,,,TREX_543340146_Specification_Sheet.pdf,,,,,,,,,,,,,,,,,,No
,,,,,,94192918,Lighting & Electrical,Lighting,Lamps & Bulbs,5192918,543340147,"8'x36"" Select Alm w/Sq Bal Str - Assembled Black Rail Panel",TREX,-- No Unilog Brand --,-- No DIB Brand --,Boise Cascade Building Materials (BOICA),Boise Cascade Building Materials,TREX®,,543340147,,Lighting & Electrical>Lighting>Lamps & Fixtures,"Boise Cascade Building Materials, Lamps & Bulb, 543340147",LAMPS & BULB,TREX® 543340147 Lamps & Bulb,TREX® Lamps & Bulb,Lamps & Bulb,,,,,,,,,,,,,,,,,,,,,,,,,,,Lamps & Bulb,Model,543340147,,,,,,,,,,,,,,,,,,,,,,,,,,,,,,,,,,,,,,,,,,,,,,,,,,,,,,,,,,,,,,,,,,,,,,,,,,,,,,,,,,,,,,,,,,,,,,,,,,,,,,,,,,,,,,,,,,,,,,,,,,,,,,,,,,,,,,,,,,,,,,,,,,,,,,,,,,,,,,,,,,,,,,,,TREX_543340147.jpg,,,,,,,,,TREX_543340147_Specification_Sheet.pdf,,,,,,,,,,,,,,,,,,No
,,,,,,88281301,Building Materials,Decking & Building Products,Composite Decking & Trim,8281301,ADB15516CS,1x6-16' Coastline Sq Edge - Vintage Azek PVC Decking,TIMBERTECH,-- No Unilog Brand --,-- No DIB Brand --,Parksite (6151),Parksite,TIMBERTECH®,,ADB15516CS,"ADB15516CG, AGB15516CS",Building Materials>Decking & Building Products>Composite Decking,"Parksite, Composite Decking & Trim, ADB15516CS",COMPOSITE DECKING & TRIM,TIMBERTECH® ADB15516CS Composite Decking & Trim,TIMBERTECH® Composite Decking & Trim,Composite Decking & Trim,,,,,,,,,,,,,,,,,,,,,,,,,,,Composite Decking & Trim,Model,ADB15516CS,,,,,,,,,,,,,,,,,,,,,,,,,,,,,,,,,,,,,,,,,,,,,,,,,,,,,,,,,,,,,,,,,,,,,,,,,,,,,,,,,,,,,,,,,,,,,,,,,,,,,,,,,,,,,,,,,,,,,,,,,,,,,,,,,,,,,,,,,,,,,,,,,,,,,,,,,,,,,,,,,,,,,,,,TIMBERTECH_ADB15516CS.jpg,,,,,,,,,TIMBERTECH_ADB15516CS_Specification_Sheet.pdf,,,,,,,,,,,,,,,,,,No
,,,,,,81719709,Building Materials,Decking & Building Products,Composite Decking & Trim,1719709,ADB15520CS,1x6-20' Coastline Sq Edge - Vintage Azek PVC Decking,TIMBERTECH,-- No Unilog Brand --,-- No DIB Brand --,Parksite (6151),Parksite,TIMBERTECH®,,ADB15520CS,"ADB15520CG, AGB15520CS",Building Materials>Decking & Building Products>Composite Decking,"Parksite, Composite Decking & Trim, ADB15520CS",COMPOSITE DECKING & TRIM,TIMBERTECH® ADB15520CS Composite Decking & Trim,TIMBERTECH® Composite Decking & Trim,Composite Decking & Trim,,,,,,,,,,,,,,,,,,,,,,,,,,,Composite Decking & Trim,Model,ADB15520CS,,,,,,,,,,,,,,,,,,,,,,,,,,,,,,,,,,,,,,,,,,,,,,,,,,,,,,,,,,,,,,,,,,,,,,,,,,,,,,,,,,,,,,,,,,,,,,,,,,,,,,,,,,,,,,,,,,,,,,,,,,,,,,,,,,,,,,,,,,,,,,,,,,,,,,,,,,,,,,,,,,,,,,,,TIMBERTECH_ADB15520CS.jpg,,,,,,,,,TIMBERTECH_ADB15520CS_Specification_Sheet.pdf,,,,,,,,,,,,,,,,,,No
,,,,,,80091908,Building Materials,Decking & Building Products,Composite Decking & Trim,9091908,ADB15516EW,1x6-16' English Walnut Sq Edge - Vintage Azek PVC Decking,TIMBERTECH,-- No Unilog Brand --,-- No DIB Brand --,Parksite (6151),Parksite,TIMBERTECH®,,ADB15516EW,"ADB15516AW, ADB15516FW, ADB15516WT, AGB15516EW",Building Materials>Decking & Building Products>Composite Decking,"Parksite, Composite Decking & Trim, ADB15516EW",COMPOSITE DECKING & TRIM,TIMBERTECH® ADB15516EW Composite Decking & Trim,TIMBERTECH® Composite Decking & Trim,Composite Decking & Trim,,,,,,,,,,,,,,,,,,,,,,,,,,,Composite Decking & Trim,Model,ADB15516EW,,,,,,,,,,,,,,,,,,,,,,,,,,,,,,,,,,,,,,,,,,,,,,,,,,,,,,,,,,,,,,,,,,,,,,,,,,,,,,,,,,,,,,,,,,,,,,,,,,,,,,,,,,,,,,,,,,,,,,,,,,,,,,,,,,,,,,,,,,,,,,,,,,,,,,,,,,,,,,,,,,,,,,,,TIMBERTECH_ADB15516EW.jpg,,,,,,,,,TIMBERTECH_ADB15516EW_Specification_Sheet.pdf,,,,,,,,,,,,,,,,,,No
,,,,,,45883397,Building Materials,Decking & Building Products,Composite Decking & Trim,1883397,ADB15520EW,1x6-20' English Walnut Sq Edge - Vintage Azek PVC Decking,TIMBERTECH,-- No Unilog Brand --,-- No DIB Brand --,Parksite (6151),Parksite,TIMBERTECH®,,ADB15520EW,"ADB15520AW, ADB15520FW, ADB15520WT, AGB15520EW",Building Materials>Decking & Building Products>Composite Decking,"Parksite, Composite Decking & Trim, ADB15520EW",COMPOSITE DECKING & TRIM,TIMBERTECH® ADB15520EW Composite Decking & Trim,TIMBERTECH® Composite Decking & Trim,Composite Decking & Trim,,,,,,,,,,,,,,,,,,,,,,,,,,,Composite Decking & Trim,Model,ADB15520EW,,,,,,,,,,,,,,,,,,,,,,,,,,,,,,,,,,,,,,,,,,,,,,,,,,,,,,,,,,,,,,,,,,,,,,,,,,,,,,,,,,,,,,,,,,,,,,,,,,,,,,,,,,,,,,,,,,,,,,,,,,,,,,,,,,,,,,,,,,,,,,,,,,,,,,,,,,,,,,,,,,,,,,,,TIMBERTECH_ADB15520EW.jpg,,,,,,,,,TIMBERTECH_ADB15520EW_Specification_Sheet.pdf,,,,,,,,,,,,,,,,,,No
,,,,,,48612426,Building Materials,Decking & Building Products,Composite Decking & Trim,4612426,ADB15516MH,1x6-16' Mahogany Sq Edge - Vintage Azek PVC Decking,TIMBERTECH,-- No Unilog Brand --,-- No DIB Brand --,Parksite (6151),Parksite,TIMBERTECH®,,ADB15516MH,AGB15516MH,Building Materials>Decking & Building Products>Composite Decking,"Parksite, Composite Decking & Trim, ADB15516MH",COMPOSITE DECKING & TRIM,TIMBERTECH® ADB15516MH Composite Decking & Trim,TIMBERTECH® Composite Decking & Trim,Composite Decking & Trim,,,,,,,,,,,,,,,,,,,,,,,,,,,Composite Decking & Trim,Model,ADB15516MH,,,,,,,,,,,,,,,,,,,,,,,,,,,,,,,,,,,,,,,,,,,,,,,,,,,,,,,,,,,,,,,,,,,,,,,,,,,,,,,,,,,,,,,,,,,,,,,,,,,,,,,,,,,,,,,,,,,,,,,,,,,,,,,,,,,,,,,,,,,,,,,,,,,,,,,,,,,,,,,,,,,,,,,,TIMBERTECH_ADB15516MH.jpg,,,,,,,,,TIMBERTECH_ADB15516MH_Specification_Sheet.pdf,,,,,,,,,,,,,,,,,,No
,,,,,,33026845,Building Materials,Decking & Building Products,Composite Decking & Trim,7026845,ADB15520MH,1x6-20' Mahogany Sq Edge - Vintage Azek PVC Decking,TIMBERTECH,-- No Unilog Brand --,-- No DIB Brand --,Parksite (6151),Parksite,TIMBERTECH®,,ADB15520MH,AGB15520MH,Building Materials>Decking & Building Products>Composite Decking,"Parksite, Composite Decking & Trim, ADB15520MH",COMPOSITE DECKING & TRIM,TIMBERTECH® ADB15520MH Composite Decking & Trim,TIMBERTECH® Composite Decking & Trim,Composite Decking & Trim,,,,,,,,,,,,,,,,,,,,,,,,,,,Composite Decking & Trim,Model,ADB15520MH,,,,,,,,,,,,,,,,,,,,,,,,,,,,,,,,,,,,,,,,,,,,,,,,,,,,,,,,,,,,,,,,,,,,,,,,,,,,,,,,,,,,,,,,,,,,,,,,,,,,,,,,,,,,,,,,,,,,,,,,,,,,,,,,,,,,,,,,,,,,,,,,,,,,,,,,,,,,,,,,,,,,,,,,TIMBERTECH_ADB15520MH.jpg,,,,,,,,,TIMBERTECH_ADB15520MH_Specification_Sheet.pdf,,,,,,,,,,,,,,,,,,No
,,,,,,92758405,Building Materials,Decking & Building Products,Composite Decking & Trim,3758405,ADB15516WT,1x6-16' Weathered Teak Sq Edge - Vintage Azek PVC Decking,TIMBERTECH,-- No Unilog Brand --,-- No DIB Brand --,Parksite (6151),Parksite,TIMBERTECH®,,ADB15516WT,"ADB15516AW, ADB15516EW, ADB15516FW, AGB15516WT",Building Materials>Decking & Building Products>Composite Decking,"Parksite, Composite Decking & Trim, ADB15516WT",COMPOSITE DECKING & TRIM,TIMBERTECH® ADB15516WT Composite Decking & Trim,TIMBERTECH® Composite Decking & Trim,Composite Decking & Trim,,,,,,,,,,,,,,,,,,,,,,,,,,,Composite Decking & Trim,Model,ADB15516WT,,,,,,,,,,,,,,,,,,,,,,,,,,,,,,,,,,,,,,,,,,,,,,,,,,,,,,,,,,,,,,,,,,,,,,,,,,,,,,,,,,,,,,,,,,,,,,,,,,,,,,,,,,,,,,,,,,,,,,,,,,,,,,,,,,,,,,,,,,,,,,,,,,,,,,,,,,,,,,,,,,,,,,,,TIMBERTECH_ADB15516WT.jpg,,,,,,,,,TIMBERTECH_ADB15516WT_Specification_Sheet.pdf,,,,,,,,,,,,,,,,,,No
,,,,,,23813111,Building Materials,Decking & Building Products,Composite Decking & Trim,6813111,ADB15520WT,1x6-20' Weathered Teak Sq Edge - Vintage Azek PVC Decking,TIMBERTECH,-- No Unilog Brand --,-- No DIB Brand --,Parksite (6151),Parksite,TIMBERTECH®,,ADB15520WT,"ADB15520AW, ADB15520EW, ADB15520FW, AGB15520WT",Building Materials>Decking & Building Products>Composite Decking,"Parksite, Composite Decking & Trim, ADB15520WT",COMPOSITE DECKING & TRIM,TIMBERTECH® ADB15520WT Composite Decking & Trim,TIMBERTECH® Composite Decking & Trim,Composite Decking & Trim,,,,,,,,,,,,,,,,,,,,,,,,,,,Composite Decking & Trim,Model,ADB15520WT,,,,,,,,,,,,,,,,,,,,,,,,,,,,,,,,,,,,,,,,,,,,,,,,,,,,,,,,,,,,,,,,,,,,,,,,,,,,,,,,,,,,,,,,,,,,,,,,,,,,,,,,,,,,,,,,,,,,,,,,,,,,,,,,,,,,,,,,,,,,,,,,,,,,,,,,,,,,,,,,,,,,,,,,TIMBERTECH_ADB15520WT.jpg,,,,,,,,,TIMBERTECH_ADB15520WT_Specification_Sheet.pdf,,,,,,,,,,,,,,,,,,No
,,,,,,56357384,Building Materials,Decking & Building Products,Composite Decking & Trim,3357384,AGB15512CS,1x6-12' Coastline Grooved - Vintage Azek PVC Decking,TIMBERTECH,-- No Unilog Brand --,-- No DIB Brand --,Parksite (6151),Parksite,TIMBERTECH®,,AGB15512CS,"AGB15512BS, AGB15512CG, AGB15512SG, AGB15516CS, AGB15520CS",Building Materials>Decking & Building Products>Composite Decking,"Parksite, Composite Decking & Trim, AGB15512CS",COMPOSITE DECKING & TRIM,TIMBERTECH® AGB15512CS Composite Decking & Trim,TIMBERTECH® Composite Decking & Trim,Composite Decking & Trim,,,,,,,,,,,,,,,,,,,,,,,,,,,Composite Decking & Trim,Model,AGB15512CS,,,,,,,,,,,,,,,,,,,,,,,,,,,,,,,,,,,,,,,,,,,,,,,,,,,,,,,,,,,,,,,,,,,,,,,,,,,,,,,,,,,,,,,,,,,,,,,,,,,,,,,,,,,,,,,,,,,,,,,,,,,,,,,,,,,,,,,,,,,,,,,,,,,,,,,,,,,,,,,,,,,,,,,,TIMBERTECH_AGB15512CS.jpg,,,,,,,,,TIMBERTECH_AGB15512CS_Specification_Sheet.pdf,,,,,,,,,,,,,,,,,,No
,,,,,,58240330,Building Materials,Decking & Building Products,Composite Decking & Trim,5240330,AGB15516CS,1x6-16' Coastline Grooved - Vintage Azek PVC Decking,TIMBERTECH,-- No Unilog Brand --,-- No DIB Brand --,Parksite (6151),Parksite,TIMBERTECH®,,AGB15516CS,"ADB15516CS, AGB15512CS, AGB15516BS, AGB15516CG, AGB15516SG",Building Materials>Decking & Building Products>Composite Decking,"Parksite, Composite Decking & Trim, AGB15516CS",COMPOSITE DECKING & TRIM,TIMBERTECH® AGB15516CS Composite Decking & Trim,TIMBERTECH® Composite Decking & Trim,Composite Decking & Trim,,,,,,,,,,,,,,,,,,,,,,,,,,,Composite Decking & Trim,Model,AGB15516CS,,,,,,,,,,,,,,,,,,,,,,,,,,,,,,,,,,,,,,,,,,,,,,,,,,,,,,,,,,,,,,,,,,,,,,,,,,,,,,,,,,,,,,,,,,,,,,,,,,,,,,,,,,,,,,,,,,,,,,,,,,,,,,,,,,,,,,,,,,,,,,,,,,,,,,,,,,,,,,,,,,,,,,,,TIMBERTECH_AGB15516CS.jpg,,,,,,,,,TIMBERTECH_AGB15516CS_Specification_Sheet.pdf,,,,,,,,,,,,,,,,,,No
,,,,,,17343242,Building Materials,Decking & Building Products,Composite Decking & Trim,9343242,AGB15520CS,1x6-20' Coastline Grooved - Vintage Azek PVC Decking,TIMBERTECH,-- No Unilog Brand --,-- No DIB Brand --,Parksite (6151),Parksite,TIMBERTECH®,,AGB15520CS,"ADB15520CS, AGB15512CS, AGB15520BS, AGB15520CG, AGB15520SG",Building Materials>Decking & Building Products>Composite Decking,"Parksite, Composite Decking & Trim, AGB15520CS",COMPOSITE DECKING & TRIM,TIMBERTECH® AGB15520CS Composite Decking & Trim,TIMBERTECH® Composite Decking & Trim,Composite Decking & Trim,,,,,,,,,,,,,,,,,,,,,,,,,,,Composite Decking & Trim,Model,AGB15520CS,,,,,,,,,,,,,,,,,,,,,,,,,,,,,,,,,,,,,,,,,,,,,,,,,,,,,,,,,,,,,,,,,,,,,,,,,,,,,,,,,,,,,,,,,,,,,,,,,,,,,,,,,,,,,,,,,,,,,,,,,,,,,,,,,,,,,,,,,,,,,,,,,,,,,,,,,,,,,,,,,,,,,,,,TIMBERTECH_AGB15520CS.jpg,,,,,,,,,TIMBERTECH_AGB15520CS_Specification_Sheet.pdf,,,,,,,,,,,,,,,,,,No
,,,,,,94927510,Building Materials,Decking & Building Products,Composite Decking & Trim,5927510,AGB15512EW,1x6-12' English Walnut Grooved - Vintage Azek PVC Decking,TIMBERTECH,-- No Unilog Brand --,-- No DIB Brand --,Parksite (6151),Parksite,TIMBERTECH®,,AGB15512EW,"AGB15512AW, AGB15512FW, AGB15512WT, AGB15516EW, AGB15520EW",Building Materials>Decking & Building Products>Composite Decking,"Parksite, Composite Decking & Trim, AGB15512EW",COMPOSITE DECKING & TRIM,TIMBERTECH® AGB15512EW Composite Decking & Trim,TIMBERTECH® Composite Decking & Trim,Composite Decking & Trim,,,,,,,,,,,,,,,,,,,,,,,,,,,Composite Decking & Trim,Model,AGB15512EW,,,,,,,,,,,,,,,,,,,,,,,,,,,,,,,,,,,,,,,,,,,,,,,,,,,,,,,,,,,,,,,,,,,,,,,,,,,,,,,,,,,,,,,,,,,,,,,,,,,,,,,,,,,,,,,,,,,,,,,,,,,,,,,,,,,,,,,,,,,,,,,,,,,,,,,,,,,,,,,,,,,,,,,,TIMBERTECH_AGB15512EW.jpg,,,,,,,,,TIMBERTECH_AGB15512EW_Specification_Sheet.pdf,,,,,,,,,,,,,,,,,,No
,,,,,,74157433,Building Materials,Decking & Building Products,Composite Decking & Trim,3157433,AGB15516EW,1x6-16' English Walnut Grooved - Vintage Azek PVC Decking,TIMBERTECH,-- No Unilog Brand --,-- No DIB Brand --,Parksite (6151),Parksite,TIMBERTECH®,,AGB15516EW,"ADB15516EW, AGB15512EW, AGB15516AW, AGB15516FW, AGB15516WT",Building Materials>Decking & Building Products>Composite Decking,"Parksite, Composite Decking & Trim, AGB15516EW",COMPOSITE DECKING & TRIM,TIMBERTECH® AGB15516EW Composite Decking & Trim,TIMBERTECH® Composite Decking & Trim,Composite Decking & Trim,,,,,,,,,,,,,,,,,,,,,,,,,,,Composite Decking & Trim,Model,AGB15516EW,,,,,,,,,,,,,,,,,,,,,,,,,,,,,,,,,,,,,,,,,,,,,,,,,,,,,,,,,,,,,,,,,,,,,,,,,,,,,,,,,,,,,,,,,,,,,,,,,,,,,,,,,,,,,,,,,,,,,,,,,,,,,,,,,,,,,,,,,,,,,,,,,,,,,,,,,,,,,,,,,,,,,,,,TIMBERTECH_AGB15516EW.jpg,,,,,,,,,TIMBERTECH_AGB15516EW_Specification_Sheet.pdf,,,,,,,,,,,,,,,,,,No
,,,,,,87950239,Building Materials,Decking & Building Products,Composite Decking & Trim,7950239,AGB15520EW,1x6-20' English Walnut Grooved - Vintage Azek PVC Decking,TIMBERTECH,-- No Unilog Brand --,-- No DIB Brand --,Parksite (6151),Parksite,TIMBERTECH®,,AGB15520EW,"ADB15520EW, AGB15512EW, AGB15520AW, AGB15520FW, AGB15520WT",Building Materials>Decking & Building Products>Composite Decking,"Parksite, Composite Decking & Trim, AGB15520EW",COMPOSITE DECKING & TRIM,TIMBERTECH® AGB15520EW Composite Decking & Trim,TIMBERTECH® Composite Decking & Trim,Composite Decking & Trim,,,,,,,,,,,,,,,,,,,,,,,,,,,Composite Decking & Trim,Model,AGB15520EW,,,,,,,,,,,,,,,,,,,,,,,,,,,,,,,,,,,,,,,,,,,,,,,,,,,,,,,,,,,,,,,,,,,,,,,,,,,,,,,,,,,,,,,,,,,,,,,,,,,,,,,,,,,,,,,,,,,,,,,,,,,,,,,,,,,,,,,,,,,,,,,,,,,,,,,,,,,,,,,,,,,,,,,,TIMBERTECH_AGB15520EW.jpg,,,,,,,,,TIMBERTECH_AGB15520EW_Specification_Sheet.pdf,,,,,,,,,,,,,,,,,,No
,,,,,,47855055,Building Materials,Decking & Building Products,Composite Decking & Trim,3855055,AGB15512MH,1x6-12' Mahogany Grooved - Vintage Azek PVC Decking,TIMBERTECH,-- No Unilog Brand --,-- No DIB Brand --,Parksite (6151),Parksite,TIMBERTECH®,,AGB15512MH,"AGB15516MH, AGB15520MH",Building Materials>Decking & Building Products>Composite Decking,"Parksite, Composite Decking & Trim, AGB15512MH",COMPOSITE DECKING & TRIM,TIMBERTECH® AGB15512MH Composite Decking & Trim,TIMBERTECH® Composite Decking & Trim,Composite Decking & Trim,,,,,,,,,,,,,,,,,,,,,,,,,,,Composite Decking & Trim,Model,AGB15512MH,,,,,,,,,,,,,,,,,,,,,,,,,,,,,,,,,,,,,,,,,,,,,,,,,,,,,,,,,,,,,,,,,,,,,,,,,,,,,,,,,,,,,,,,,,,,,,,,,,,,,,,,,,,,,,,,,,,,,,,,,,,,,,,,,,,,,,,,,,,,,,,,,,,,,,,,,,,,,,,,,,,,,,,,TIMBERTECH_AGB15512MH.jpg,,,,,,,,,TIMBERTECH_AGB15512MH_Specification_Sheet.pdf,,,,,,,,,,,,,,,,,,No
,,,,,,98163137,Building Materials,Decking & Building Products,Composite Decking & Trim,9163137,AGB15516MH,1x6-16' Mahogany Grooved - Vintage Azek PVC Decking,TIMBERTECH,-- No Unilog Brand --,-- No DIB Brand --,Parksite (6151),Parksite,TIMBERTECH®,,AGB15516MH,"ADB15516MH, AGB15512MH",Building Materials>Decking & Building Products>Composite Decking,"Parksite, Composite Decking & Trim, AGB15516MH",COMPOSITE DECKING & TRIM,TIMBERTECH® AGB15516MH Composite Decking & Trim,TIMBERTECH® Composite Decking & Trim,Composite Decking & Trim,,,,,,,,,,,,,,,,,,,,,,,,,,,Composite Decking & Trim,Model,AGB15516MH,,,,,,,,,,,,,,,,,,,,,,,,,,,,,,,,,,,,,,,,,,,,,,,,,,,,,,,,,,,,,,,,,,,,,,,,,,,,,,,,,,,,,,,,,,,,,,,,,,,,,,,,,,,,,,,,,,,,,,,,,,,,,,,,,,,,,,,,,,,,,,,,,,,,,,,,,,,,,,,,,,,,,,,,TIMBERTECH_AGB15516MH.jpg,,,,,,,,,TIMBERTECH_AGB15516MH_Specification_Sheet.pdf,,,,,,,,,,,,,,,,,,No
,,,,,,57769196,Building Materials,Decking & Building Products,Composite Decking & Trim,4769196,AGB15520MH,1x6-20' Mahogany Grooved - Vintage Azek PVC Decking,TIMBERTECH,-- No Unilog Brand --,-- No DIB Brand --,Parksite (6151),Parksite,TIMBERTECH®,,AGB15520MH,"ADB15520MH, AGB15512MH",Building Materials>Decking & Building Products>Composite Decking,"Parksite, Composite Decking & Trim, AGB15520MH",COMPOSITE DECKING & TRIM,TIMBERTECH® AGB15520MH Composite Decking & Trim,TIMBERTECH® Composite Decking & Trim,Composite Decking & Trim,,,,,,,,,,,,,,,,,,,,,,,,,,,Composite Decking & Trim,Model,AGB15520MH,,,,,,,,,,,,,,,,,,,,,,,,,,,,,,,,,,,,,,,,,,,,,,,,,,,,,,,,,,,,,,,,,,,,,,,,,,,,,,,,,,,,,,,,,,,,,,,,,,,,,,,,,,,,,,,,,,,,,,,,,,,,,,,,,,,,,,,,,,,,,,,,,,,,,,,,,,,,,,,,,,,,,,,,TIMBERTECH_AGB15520MH.jpg,,,,,,,,,TIMBERTECH_AGB15520MH_Specification_Sheet.pdf,,,,,,,,,,,,,,,,,,No
,,,,,,43183218,Building Materials,Decking & Building Products,Composite Decking & Trim,8183218,AGB15512WT,1x6-12' Weathered Teak Grooved - Vintage Azek PVC Decking,TIMBERTECH,-- No Unilog Brand --,-- No DIB Brand --,Parksite (6151),Parksite,TIMBERTECH®,,AGB15512WT,"AGB15512AW, AGB15512EW, AGB15512FW, AGB15516WT, AGB15520WT",Building Materials>Decking & Building Products>Composite Decking,"Parksite, Composite Decking & Trim, AGB15512WT",COMPOSITE DECKING & TRIM,TIMBERTECH® AGB15512WT Composite Decking & Trim,TIMBERTECH® Composite Decking & Trim,Composite Decking & Trim,,,,,,,,,,,,,,,,,,,,,,,,,,,Composite Decking & Trim,Model,AGB15512WT,,,,,,,,,,,,,,,,,,,,,,,,,,,,,,,,,,,,,,,,,,,,,,,,,,,,,,,,,,,,,,,,,,,,,,,,,,,,,,,,,,,,,,,,,,,,,,,,,,,,,,,,,,,,,,,,,,,,,,,,,,,,,,,,,,,,,,,,,,,,,,,,,,,,,,,,,,,,,,,,,,,,,,,,TIMBERTECH_AGB15512WT.jpg,,,,,,,,,TIMBERTECH_AGB15512WT_Specification_Sheet.pdf,,,,,,,,,,,,,,,,,,No
,,,,,,65924260,Building Materials,Decking & Building Products,Composite Decking & Trim,3924260,AGB15516WT,1x6-16' Weathered Teak Grooved - Vintage Azek PVC Decking,TIMBERTECH,-- No Unilog Brand --,-- No DIB Brand --,Parksite (6151),Parksite,TIMBERTECH®,,AGB15516WT,"ADB15516WT, AGB15512WT, AGB15516AW, AGB15516EW, AGB15516FW",Building Materials>Decking & Building Products>Composite Decking,"Parksite, Composite Decking & Trim, AGB15516WT",COMPOSITE DECKING & TRIM,TIMBERTECH® AGB15516WT Composite Decking & Trim,TIMBERTECH® Composite Decking & Trim,Composite Decking & Trim,,,,,,,,,,,,,,,,,,,,,,,,,,,Composite Decking & Trim,Model,AGB15516WT,,,,,,,,,,,,,,,,,,,,,,,,,,,,,,,,,,,,,,,,,,,,,,,,,,,,,,,,,,,,,,,,,,,,,,,,,,,,,,,,,,,,,,,,,,,,,,,,,,,,,,,,,,,,,,,,,,,,,,,,,,,,,,,,,,,,,,,,,,,,,,,,,,,,,,,,,,,,,,,,,,,,,,,,TIMBERTECH_AGB15516WT.jpg,,,,,,,,,TIMBERTECH_AGB15516WT_Specification_Sheet.pdf,,,,,,,,,,,,,,,,,,No
,,,,,,17771474,Building Materials,Decking & Building Products,Composite Decking & Trim,9771474,AGB15520WT,1x6-20' Weathered Teak Grooved - Vintage Azek PVC Decking,TIMBERTECH,-- No Unilog Brand --,-- No DIB Brand --,Parksite (6151),Parksite,TIMBERTECH®,,AGB15520WT,"ADB15520WT, AGB15512WT, AGB15520AW, AGB15520EW, AGB15520FW",Building Materials>Decking & Building Products>Composite Decking,"Parksite, Composite Decking & Trim, AGB15520WT",COMPOSITE DECKING & TRIM,TIMBERTECH® AGB15520WT Composite Decking & Trim,TIMBERTECH® Composite Decking & Trim,Composite Decking & Trim,,,,,,,,,,,,,,,,,,,,,,,,,,,Composite Decking & Trim,Model,AGB15520WT,,,,,,,,,,,,,,,,,,,,,,,,,,,,,,,,,,,,,,,,,,,,,,,,,,,,,,,,,,,,,,,,,,,,,,,,,,,,,,,,,,,,,,,,,,,,,,,,,,,,,,,,,,,,,,,,,,,,,,,,,,,,,,,,,,,,,,,,,,,,,,,,,,,,,,,,,,,,,,,,,,,,,,,,TIMBERTECH_AGB15520WT.jpg,,,,,,,,,TIMBERTECH_AGB15520WT_Specification_Sheet.pdf,,,,,,,,,,,,,,,,,,No
,,,,,,71316782,Building Materials,Decking & Building Products,Composite Decking & Trim,9316782,ADB15516AW,1x6-16' American Walnut Sq Edg - Landmark Azek PVC Decking,TIMBERTECH,-- No Unilog Brand --,-- No DIB Brand --,Parksite (6151),Parksite,TIMBERTECH®,,ADB15516AW,"ADB15516EW, ADB15516FW, ADB15516WT, AGB15516AW",Building Materials>Decking & Building Products>Composite Decking,"Parksite, Composite Decking & Trim, ADB15516AW",COMPOSITE DECKING & TRIM,TIMBERTECH® ADB15516AW Composite Decking & Trim,TIMBERTECH® Composite Decking & Trim,Composite Decking & Trim,,,,,,,,,,,,,,,,,,,,,,,,,,,Composite Decking & Trim,Model,ADB15516AW,,,,,,,,,,,,,,,,,,,,,,,,,,,,,,,,,,,,,,,,,,,,,,,,,,,,,,,,,,,,,,,,,,,,,,,,,,,,,,,,,,,,,,,,,,,,,,,,,,,,,,,,,,,,,,,,,,,,,,,,,,,,,,,,,,,,,,,,,,,,,,,,,,,,,,,,,,,,,,,,,,,,,,,,TIMBERTECH_ADB15516AW.jpg,,,,,,,,,TIMBERTECH_ADB15516AW_Specification_Sheet.pdf,,,,,,,,,,,,,,,,,,No
,,,,,,71062194,Building Materials,Decking & Building Products,Composite Decking & Trim,9062194,ADB15520AW,1x6-20' American Walnut Sq Edg - Landmark Azek PVC Decking,TIMBERTECH,-- No Unilog Brand --,-- No DIB Brand --,Parksite (6151),Parksite,TIMBERTECH®,,ADB15520AW,"ADB15520EW, ADB15520FW, ADB15520WT, AGB15520AW",Building Materials>Decking & Building Products>Composite Decking,"Parksite, Composite Decking & Trim, ADB15520AW",COMPOSITE DECKING & TRIM,TIMBERTECH® ADB15520AW Composite Decking & Trim,TIMBERTECH® Composite Decking & Trim,Composite Decking & Trim,,,,,,,,,,,,,,,,,,,,,,,,,,,Composite Decking & Trim,Model,ADB15520AW,,,,,,,,,,,,,,,,,,,,,,,,,,,,,,,,,,,,,,,,,,,,,,,,,,,,,,,,,,,,,,,,,,,,,,,,,,,,,,,,,,,,,,,,,,,,,,,,,,,,,,,,,,,,,,,,,,,,,,,,,,,,,,,,,,,,,,,,,,,,,,,,,,,,,,,,,,,,,,,,,,,,,,,,TIMBERTECH_ADB15520AW.jpg,,,,,,,,,TIMBERTECH_ADB15520AW_Specification_Sheet.pdf,,,,,,,,,,,,,,,,,,No
,,,,,,77378840,Building Materials,Decking & Building Products,Composite Decking & Trim,6378840,ADB15516CG,1x6-16' Castle Gate Sq Edge - Landmark Azek PVC Decking,TIMBERTECH,-- No Unilog Brand --,-- No DIB Brand --,Parksite (6151),Parksite,TIMBERTECH®,,ADB15516CG,"ADB15516CS, AGB15516CG",Building Materials>Decking & Building Products>Composite Decking,"Parksite, Composite Decking & Trim, ADB15516CG",COMPOSITE DECKING & TRIM,TIMBERTECH® ADB15516CG Composite Decking & Trim,TIMBERTECH® Composite Decking & Trim,Composite Decking & Trim,,,,,,,,,,,,,,,,,,,,,,,,,,,Composite Decking & Trim,Model,ADB15516CG,,,,,,,,,,,,,,,,,,,,,,,,,,,,,,,,,,,,,,,,,,,,,,,,,,,,,,,,,,,,,,,,,,,,,,,,,,,,,,,,,,,,,,,,,,,,,,,,,,,,,,,,,,,,,,,,,,,,,,,,,,,,,,,,,,,,,,,,,,,,,,,,,,,,,,,,,,,,,,,,,,,,,,,,TIMBERTECH_ADB15516CG.jpg,,,,,,,,,TIMBERTECH_ADB15516CG_Specification_Sheet.pdf,,,,,,,,,,,,,,,,,,No
,,,,,,50845712,Building Materials,Decking & Building Products,Composite Decking & Trim,6845712,ADB15520CG,1x6-20' Castle Gate Sq Edge - Landmark Azek PVC Decking,TIMBERTECH,-- No Unilog Brand --,-- No DIB Brand --,Parksite (6151),Parksite,TIMBERTECH®,,ADB15520CG,"ADB15520CS, AGB15520CG",Building Materials>Decking & Building Products>Composite Decking,"Parksite, Composite Decking & Trim, ADB15520CG",COMPOSITE DECKING & TRIM,TIMBERTECH® ADB15520CG Composite Decking & Trim,TIMBERTECH® Composite Decking & Trim,Composite Decking & Trim,,,,,,,,,,,,,,,,,,,,,,,,,,,Composite Decking & Trim,Model,ADB15520CG,,,,,,,,,,,,,,,,,,,,,,,,,,,,,,,,,,,,,,,,,,,,,,,,,,,,,,,,,,,,,,,,,,,,,,,,,,,,,,,,,,,,,,,,,,,,,,,,,,,,,,,,,,,,,,,,,,,,,,,,,,,,,,,,,,,,,,,,,,,,,,,,,,,,,,,,,,,,,,,,,,,,,,,,TIMBERTECH_ADB15520CG.jpg,,,,,,,,,TIMBERTECH_ADB15520CG_Specification_Sheet.pdf,,,,,,,,,,,,,,,,,,No
,,,,,,57988038,Building Materials,Decking & Building Products,Composite Decking & Trim,4988038,ADB15516FW,1x6-16' French White Oak Sq Ed - Landmark Azek PVC Decking,TIMBERTECH,-- No Unilog Brand --,-- No DIB Brand --,Parksite (6151),Parksite,TIMBERTECH®,,ADB15516FW,"ADB15516AW, ADB15516EW, ADB15516WT, AGB15516FW",Building Materials>Decking & Building Products>Composite Decking,"Parksite, Composite Decking & Trim, ADB15516FW",COMPOSITE DECKING & TRIM,TIMBERTECH® ADB15516FW Composite Decking & Trim,TIMBERTECH® Composite Decking & Trim,Composite Decking & Trim,,,,,,,,,,,,,,,,,,,,,,,,,,,Composite Decking & Trim,Model,ADB15516FW,,,,,,,,,,,,,,,,,,,,,,,,,,,,,,,,,,,,,,,,,,,,,,,,,,,,,,,,,,,,,,,,,,,,,,,,,,,,,,,,,,,,,,,,,,,,,,,,,,,,,,,,,,,,,,,,,,,,,,,,,,,,,,,,,,,,,,,,,,,,,,,,,,,,,,,,,,,,,,,,,,,,,,,,TIMBERTECH_ADB15516FW.jpg,,,,,,,,,TIMBERTECH_ADB15516FW_Specification_Sheet.pdf,,,,,,,,,,,,,,,,,,No
,,,,,,11247633,Building Materials,Decking & Building Products,Composite Decking & Trim,3247633,ADB15520FW,1x6-20' French White Oak Sq Ed - Landmark Azek PVC Decking,TIMBERTECH,-- No Unilog Brand --,-- No DIB Brand --,Parksite (6151),Parksite,TIMBERTECH®,,ADB15520FW,"ADB15520AW, ADB15520EW, ADB15520WT, AGB15520FW",Building Materials>Decking & Building Products>Composite Decking,"Parksite, Composite Decking & Trim, ADB15520FW",COMPOSITE DECKING & TRIM,TIMBERTECH® ADB15520FW Composite Decking & Trim,TIMBERTECH® Composite Decking & Trim,Composite Decking & Trim,,,,,,,,,,,,,,,,,,,,,,,,,,,Composite Decking & Trim,Model,ADB15520FW,,,,,,,,,,,,,,,,,,,,,,,,,,,,,,,,,,,,,,,,,,,,,,,,,,,,,,,,,,,,,,,,,,,,,,,,,,,,,,,,,,,,,,,,,,,,,,,,,,,,,,,,,,,,,,,,,,,,,,,,,,,,,,,,,,,,,,,,,,,,,,,,,,,,,,,,,,,,,,,,,,,,,,,,TIMBERTECH_ADB15520FW.jpg,,,,,,,,,TIMBERTECH_ADB15520FW_Specification_Sheet.pdf,,,,,,,,,,,,,,,,,,No
,,,,,,42009682,Building Materials,Decking & Building Products,Composite Decking & Trim,7009682,AGB15512AW,1x6-12' American Walnut Groove - Landmark Azek PVC Decking,TIMBERTECH,-- No Unilog Brand --,-- No DIB Brand --,Parksite (6151),Parksite,TIMBERTECH®,,AGB15512AW,"AGB15512EW, AGB15512FW, AGB15512WT, AGB15516AW, AGB15520AW",Building Materials>Decking & Building Products>Composite Decking,"Parksite, Composite Decking & Trim, AGB15512AW",COMPOSITE DECKING & TRIM,TIMBERTECH® AGB15512AW Composite Decking & Trim,TIMBERTECH® Composite Decking & Trim,Composite Decking & Trim,,,,,,,,,,,,,,,,,,,,,,,,,,,Composite Decking & Trim,Model,AGB15512AW,,,,,,,,,,,,,,,,,,,,,,,,,,,,,,,,,,,,,,,,,,,,,,,,,,,,,,,,,,,,,,,,,,,,,,,,,,,,,,,,,,,,,,,,,,,,,,,,,,,,,,,,,,,,,,,,,,,,,,,,,,,,,,,,,,,,,,,,,,,,,,,,,,,,,,,,,,,,,,,,,,,,,,,,TIMBERTECH_AGB15512AW.jpg,,,,,,,,,TIMBERTECH_AGB15512AW_Specification_Sheet.pdf,,,,,,,,,,,,,,,,,,No
,,,,,,19363707,Building Materials,Decking & Building Products,Composite Decking & Trim,2363707,AGB15516AW,1x6-16' American Walnut Groove - Landmark Azek PVC Decking,TIMBERTECH,-- No Unilog Brand --,-- No DIB Brand --,Parksite (6151),Parksite,TIMBERTECH®,,AGB15516AW,"ADB15516AW, AGB15512AW, AGB15516EW, AGB15516FW, AGB15516WT",Building Materials>Decking & Building Products>Composite Decking,"Parksite, Composite Decking & Trim, AGB15516AW",COMPOSITE DECKING & TRIM,TIMBERTECH® AGB15516AW Composite Decking & Trim,TIMBERTECH® Composite Decking & Trim,Composite Decking & Trim,,,,,,,,,,,,,,,,,,,,,,,,,,,Composite Decking & Trim,Model,AGB15516AW,,,,,,,,,,,,,,,,,,,,,,,,,,,,,,,,,,,,,,,,,,,,,,,,,,,,,,,,,,,,,,,,,,,,,,,,,,,,,,,,,,,,,,,,,,,,,,,,,,,,,,,,,,,,,,,,,,,,,,,,,,,,,,,,,,,,,,,,,,,,,,,,,,,,,,,,,,,,,,,,,,,,,,,,TIMBERTECH_AGB15516AW.jpg,,,,,,,,,TIMBERTECH_AGB15516AW_Specification_Sheet.pdf,,,,,,,,,,,,,,,,,,No
,,,,,,67761624,Building Materials,Decking & Building Products,Composite Decking & Trim,5761624,AGB15520AW,1x6-20' American Walnut Groove - Landmark Azek PVC Decking,TIMBERTECH,-- No Unilog Brand --,-- No DIB Brand --,Parksite (6151),Parksite,TIMBERTECH®,,AGB15520AW,"ADB15520AW, AGB15512AW, AGB15520EW, AGB15520FW, AGB15520WT",Building Materials>Decking & Building Products>Composite Decking,"Parksite, Composite Decking & Trim, AGB15520AW",COMPOSITE DECKING & TRIM,TIMBERTECH® AGB15520AW Composite Decking & Trim,TIMBERTECH® Composite Decking & Trim,Composite Decking & Trim,,,,,,,,,,,,,,,,,,,,,,,,,,,Composite Decking & Trim,Model,AGB15520AW,,,,,,,,,,,,,,,,,,,,,,,,,,,,,,,,,,,,,,,,,,,,,,,,,,,,,,,,,,,,,,,,,,,,,,,,,,,,,,,,,,,,,,,,,,,,,,,,,,,,,,,,,,,,,,,,,,,,,,,,,,,,,,,,,,,,,,,,,,,,,,,,,,,,,,,,,,,,,,,,,,,,,,,,TIMBERTECH_AGB15520AW.jpg,,,,,,,,,TIMBERTECH_AGB15520AW_Specification_Sheet.pdf,,,,,,,,,,,,,,,,,,No
,,,,,,54928306,Building Materials,Decking & Building Products,Composite Decking & Trim,1928306,AGB15512CG,1x6-12' Castle Gate Grooved - Landmark Azek PVC Decking,TIMBERTECH,-- No Unilog Brand --,-- No DIB Brand --,Parksite (6151),Parksite,TIMBERTECH®,,AGB15512CG,"AGB15512CS, AGB15512SG, AGB15516CG, AGB15520CG",Building Materials>Decking & Building Products>Composite Decking,"Parksite, Composite Decking & Trim, AGB15512CG",COMPOSITE DECKING & TRIM,TIMBERTECH® AGB15512CG Composite Decking & Trim,TIMBERTECH® Composite Decking & Trim,Composite Decking & Trim,,,,,,,,,,,,,,,,,,,,,,,,,,,Composite Decking & Trim,Model,AGB15512CG,,,,,,,,,,,,,,,,,,,,,,,,,,,,,,,,,,,,,,,,,,,,,,,,,,,,,,,,,,,,,,,,,,,,,,,,,,,,,,,,,,,,,,,,,,,,,,,,,,,,,,,,,,,,,,,,,,,,,,,,,,,,,,,,,,,,,,,,,,,,,,,,,,,,,,,,,,,,,,,,,,,,,,,,TIMBERTECH_AGB15512CG.jpg,,,,,,,,,TIMBERTECH_AGB15512CG_Specification_Sheet.pdf,,,,,,,,,,,,,,,,,,No
,,,,,,74857696,Building Materials,Decking & Building Products,Composite Decking & Trim,3857696,AGB15516CG,1x6-16' Castle Gate Grooved - Landmark Azek PVC Decking,TIMBERTECH,-- No Unilog Brand --,-- No DIB Brand --,Parksite (6151),Parksite,TIMBERTECH®,,AGB15516CG,"ADB15516CG, AGB15512CG, AGB15516CS, AGB15516SG",Building Materials>Decking & Building Products>Composite Decking,"Parksite, Composite Decking & Trim, AGB15516CG",COMPOSITE DECKING & TRIM,TIMBERTECH® AGB15516CG Composite Decking & Trim,TIMBERTECH® Composite Decking & Trim,Composite Decking & Trim,,,,,,,,,,,,,,,,,,,,,,,,,,,Composite Decking & Trim,Model,AGB15516CG,,,,,,,,,,,,,,,,,,,,,,,,,,,,,,,,,,,,,,,,,,,,,,,,,,,,,,,,,,,,,,,,,,,,,,,,,,,,,,,,,,,,,,,,,,,,,,,,,,,,,,,,,,,,,,,,,,,,,,,,,,,,,,,,,,,,,,,,,,,,,,,,,,,,,,,,,,,,,,,,,,,,,,,,TIMBERTECH_AGB15516CG.jpg,,,,,,,,,TIMBERTECH_AGB15516CG_Specification_Sheet.pdf,,,,,,,,,,,,,,,,,,No
,,,,,,23012148,Building Materials,Decking & Building Products,Composite Decking & Trim,6012148,AGB15520CG,1x6-20' Castle Gate Grooved - Landmark Azek PVC Decking,TIMBERTECH,-- No Unilog Brand --,-- No DIB Brand --,Parksite (6151),Parksite,TIMBERTECH®,,AGB15520CG,"ADB15520CG, AGB15512CG, AGB15520CS, AGB15520SG",Building Materials>Decking & Building Products>Composite Decking,"Parksite, Composite Decking & Trim, AGB15520CG",COMPOSITE DECKING & TRIM,TIMBERTECH® AGB15520CG Composite Decking & Trim,TIMBERTECH® Composite Decking & Trim,Composite Decking & Trim,,,,,,,,,,,,,,,,,,,,,,,,,,,Composite Decking & Trim,Model,AGB15520CG,,,,,,,,,,,,,,,,,,,,,,,,,,,,,,,,,,,,,,,,,,,,,,,,,,,,,,,,,,,,,,,,,,,,,,,,,,,,,,,,,,,,,,,,,,,,,,,,,,,,,,,,,,,,,,,,,,,,,,,,,,,,,,,,,,,,,,,,,,,,,,,,,,,,,,,,,,,,,,,,,,,,,,,,TIMBERTECH_AGB15520CG.jpg,,,,,,,,,TIMBERTECH_AGB15520CG_Specification_Sheet.pdf,,,,,,,,,,,,,,,,,,No
,,,,,,74119462,Building Materials,Decking & Building Products,Composite Decking & Trim,3119462,AGB15512FW,1x6-12' French White Oak Groov - Landmark Azek PVC Decking,TIMBERTECH,-- No Unilog Brand --,-- No DIB Brand --,Parksite (6151),Parksite,TIMBERTECH®,,AGB15512FW,"AGB15512AW, AGB15512EW, AGB15512WT, AGB15516FW, AGB15520FW",Building Materials>Decking & Building Products>Composite Decking,"Parksite, Composite Decking & Trim, AGB15512FW",COMPOSITE DECKING & TRIM,TIMBERTECH® AGB15512FW Composite Decking & Trim,TIMBERTECH® Composite Decking & Trim,Composite Decking & Trim,,,,,,,,,,,,,,,,,,,,,,,,,,,Composite Decking & Trim,Model,AGB15512FW,,,,,,,,,,,,,,,,,,,,,,,,,,,,,,,,,,,,,,,,,,,,,,,,,,,,,,,,,,,,,,,,,,,,,,,,,,,,,,,,,,,,,,,,,,,,,,,,,,,,,,,,,,,,,,,,,,,,,,,,,,,,,,,,,,,,,,,,,,,,,,,,,,,,,,,,,,,,,,,,,,,,,,,,TIMBERTECH_AGB15512FW.jpg,,,,,,,,,TIMBERTECH_AGB15512FW_Specification_Sheet.pdf,,,,,,,,,,,,,,,,,,No
,,,,,,84366036,Building Materials,Decking & Building Products,Composite Decking & Trim,4366036,AGB15516FW,1x6-16' French White Oak Groov - Landmark Azek PVC Decking,TIMBERTECH,-- No Unilog Brand --,-- No DIB Brand --,Parksite (6151),Parksite,TIMBERTECH®,,AGB15516FW,"ADB15516FW, AGB15512FW, AGB15516AW, AGB15516EW, AGB15516WT",Building Materials>Decking & Building Products>Composite Decking,"Parksite, Composite Decking & Trim, AGB15516FW",COMPOSITE DECKING & TRIM,TIMBERTECH® AGB15516FW Composite Decking & Trim,TIMBERTECH® Composite Decking & Trim,Composite Decking & Trim,,,,,,,,,,,,,,,,,,,,,,,,,,,Composite Decking & Trim,Model,AGB15516FW,,,,,,,,,,,,,,,,,,,,,,,,,,,,,,,,,,,,,,,,,,,,,,,,,,,,,,,,,,,,,,,,,,,,,,,,,,,,,,,,,,,,,,,,,,,,,,,,,,,,,,,,,,,,,,,,,,,,,,,,,,,,,,,,,,,,,,,,,,,,,,,,,,,,,,,,,,,,,,,,,,,,,,,,TIMBERTECH_AGB15516FW.jpg,,,,,,,,,TIMBERTECH_AGB15516FW_Specification_Sheet.pdf,,,,,,,,,,,,,,,,,,No
,,,,,,15479640,Building Materials,Decking & Building Products,Composite Decking & Trim,7479640,AGB15520FW,1x6-20' French White Oak Groov - Landmark Azek PVC Decking,TIMBERTECH,-- No Unilog Brand --,-- No DIB Brand --,Parksite (6151),Parksite,TIMBERTECH®,,AGB15520FW,"ADB15520FW, AGB15512FW, AGB15520AW, AGB15520EW, AGB15520WT",Building Materials>Decking & Building Products>Composite Decking,"Parksite, Composite Decking & Trim, AGB15520FW",COMPOSITE DECKING & TRIM,TIMBERTECH® AGB15520FW Composite Decking & Trim,TIMBERTECH® Composite Decking & Trim,Composite Decking & Trim,,,,,,,,,,,,,,,,,,,,,,,,,,,Composite Decking & Trim,Model,AGB15520FW,,,,,,,,,,,,,,,,,,,,,,,,,,,,,,,,,,,,,,,,,,,,,,,,,,,,,,,,,,,,,,,,,,,,,,,,,,,,,,,,,,,,,,,,,,,,,,,,,,,,,,,,,,,,,,,,,,,,,,,,,,,,,,,,,,,,,,,,,,,,,,,,,,,,,,,,,,,,,,,,,,,,,,,,TIMBERTECH_AGB15520FW.jpg,,,,,,,,,TIMBERTECH_AGB15520FW_Specification_Sheet.pdf,,,,,,,,,,,,,,,,,,No
,,,,,,30144749,Building Materials,Decking & Building Products,Composite Decking & Trim,4144749,ADCB15516BS,1x6-16' Brownstone Sq Edge - Harvest Azek PVC Decking,TIMBERTECH,-- No Unilog Brand --,-- No DIB Brand --,Parksite (6151),Parksite,TIMBERTECH®,,ADCB15516BS,ADCB15516SG,Building Materials>Decking & Building Products>Composite Decking,"Parksite, Composite Decking & Trim, ADCB15516BS",COMPOSITE DECKING & TRIM,TIMBERTECH® ADCB15516BS Composite Decking & Trim,TIMBERTECH® Composite Decking & Trim,Composite Decking & Trim,,,,,,,,,,,,,,,,,,,,,,,,,,,Composite Decking & Trim,Model,ADCB15516BS,,,,,,,,,,,,,,,,,,,,,,,,,,,,,,,,,,,,,,,,,,,,,,,,,,,,,,,,,,,,,,,,,,,,,,,,,,,,,,,,,,,,,,,,,,,,,,,,,,,,,,,,,,,,,,,,,,,,,,,,,,,,,,,,,,,,,,,,,,,,,,,,,,,,,,,,,,,,,,,,,,,,,,,,TIMBERTECH_ADCB15516BS.jpg,,,,,,,,,TIMBERTECH_ADCB15516BS_Specification_Sheet.pdf,,,,,,,,,,,,,,,,,,No
,,,,,,13366234,Building Materials,Decking & Building Products,Composite Decking & Trim,5366234,ADCB15520BS,1x6-20' Brownstone Sq Edge - Harvest Azek PVC Decking,TIMBERTECH,-- No Unilog Brand --,-- No DIB Brand --,Parksite (6151),Parksite,TIMBERTECH®,,ADCB15520BS,ADCB15520SG,Building Materials>Decking & Building Products>Composite Decking,"Parksite, Composite Decking & Trim, ADCB15520BS",COMPOSITE DECKING & TRIM,TIMBERTECH® ADCB15520BS Composite Decking & Trim,TIMBERTECH® Composite Decking & Trim,Composite Decking & Trim,,,,,,,,,,,,,,,,,,,,,,,,,,,Composite Decking & Trim,Model,ADCB15520BS,,,,,,,,,,,,,,,,,,,,,,,,,,,,,,,,,,,,,,,,,,,,,,,,,,,,,,,,,,,,,,,,,,,,,,,,,,,,,,,,,,,,,,,,,,,,,,,,,,,,,,,,,,,,,,,,,,,,,,,,,,,,,,,,,,,,,,,,,,,,,,,,,,,,,,,,,,,,,,,,,,,,,,,,TIMBERTECH_ADCB15520BS.jpg,,,,,,,,,TIMBERTECH_ADCB15520BS_Specification_Sheet.pdf,,,,,,,,,,,,,,,,,,No
,,,,,,38121682,Building Materials,Decking & Building Products,Composite Decking & Trim,3121682,ADCB15516SG,1x6-16' Slate Gray Sq Edge - Harvest Azek PVC Decking,TIMBERTECH,-- No Unilog Brand --,-- No DIB Brand --,Parksite (6151),Parksite,TIMBERTECH®,,ADCB15516SG,ADCB15516BS,Building Materials>Decking & Building Products>Composite Decking,"Parksite, Composite Decking & Trim, ADCB15516SG",COMPOSITE DECKING & TRIM,TIMBERTECH® ADCB15516SG Composite Decking & Trim,TIMBERTECH® Composite Decking & Trim,Composite Decking & Trim,,,,,,,,,,,,,,,,,,,,,,,,,,,Composite Decking & Trim,Model,ADCB15516SG,,,,,,,,,,,,,,,,,,,,,,,,,,,,,,,,,,,,,,,,,,,,,,,,,,,,,,,,,,,,,,,,,,,,,,,,,,,,,,,,,,,,,,,,,,,,,,,,,,,,,,,,,,,,,,,,,,,,,,,,,,,,,,,,,,,,,,,,,,,,,,,,,,,,,,,,,,,,,,,,,,,,,,,,TIMBERTECH_ADCB15516SG.jpg,,,,,,,,,TIMBERTECH_ADCB15516SG_Specification_Sheet.pdf,,,,,,,,,,,,,,,,,,No
,,,,,,45043581,Building Materials,Decking & Building Products,Composite Decking & Trim,1043581,ADCB15520SG,1x6-20' Slate Gray Sq Edge - Harvest Azek PVC Decking,TIMBERTECH,-- No Unilog Brand --,-- No DIB Brand --,Parksite (6151),Parksite,TIMBERTECH®,,ADCB15520SG,ADCB15520BS,Building Materials>Decking & Building Products>Composite Decking,"Parksite, Composite Decking & Trim, ADCB15520SG",COMPOSITE DECKING & TRIM,TIMBERTECH® ADCB15520SG Composite Decking & Trim,TIMBERTECH® Composite Decking & Trim,Composite Decking & Trim,,,,,,,,,,,,,,,,,,,,,,,,,,,Composite Decking & Trim,Model,ADCB15520SG,,,,,,,,,,,,,,,,,,,,,,,,,,,,,,,,,,,,,,,,,,,,,,,,,,,,,,,,,,,,,,,,,,,,,,,,,,,,,,,,,,,,,,,,,,,,,,,,,,,,,,,,,,,,,,,,,,,,,,,,,,,,,,,,,,,,,,,,,,,,,,,,,,,,,,,,,,,,,,,,,,,,,,,,TIMBERTECH_ADCB15520SG.jpg,,,,,,,,,TIMBERTECH_ADCB15520SG_Specification_Sheet.pdf,,,,,,,,,,,,,,,,,,No
,,,,,,67316964,Building Materials,Decking & Building Products,Composite Decking & Trim,5316964,AGB15512BS,1x6-12' Brownstone Grooved - Harvest Azek PVC Decking,TIMBERTECH,-- No Unilog Brand --,-- No DIB Brand --,Parksite (6151),Parksite,TIMBERTECH®,,AGB15512BS,"AGB15512CS, AGB15512SG, AGB15516BS, AGB15520BS",Building Materials>Decking & Building Products>Composite Decking,"Parksite, Composite Decking & Trim, AGB15512BS",COMPOSITE DECKING & TRIM,TIMBERTECH® AGB15512BS Composite Decking & Trim,TIMBERTECH® Composite Decking & Trim,Composite Decking & Trim,,,,,,,,,,,,,,,,,,,,,,,,,,,Composite Decking & Trim,Model,AGB15512BS,,,,,,,,,,,,,,,,,,,,,,,,,,,,,,,,,,,,,,,,,,,,,,,,,,,,,,,,,,,,,,,,,,,,,,,,,,,,,,,,,,,,,,,,,,,,,,,,,,,,,,,,,,,,,,,,,,,,,,,,,,,,,,,,,,,,,,,,,,,,,,,,,,,,,,,,,,,,,,,,,,,,,,,,TIMBERTECH_AGB15512BS.jpg,,,,,,,,,TIMBERTECH_AGB15512BS_Specification_Sheet.pdf,,,,,,,,,,,,,,,,,,No
,,,,,,95583961,Building Materials,Decking & Building Products,Composite Decking & Trim,6583961,AGB15516BS,1x6-16' Brownstone Grooved - Harvest Azek PVC Decking,TIMBERTECH,-- No Unilog Brand --,-- No DIB Brand --,Parksite (6151),Parksite,TIMBERTECH®,,AGB15516BS,"AGB15512BS, AGB15516CS, AGB15516SG",Building Materials>Decking & Building Products>Composite Decking,"Parksite, Composite Decking & Trim, AGB15516BS",COMPOSITE DECKING & TRIM,TIMBERTECH® AGB15516BS Composite Decking & Trim,TIMBERTECH® Composite Decking & Trim,Composite Decking & Trim,,,,,,,,,,,,,,,,,,,,,,,,,,,Composite Decking & Trim,Model,AGB15516BS,,,,,,,,,,,,,,,,,,,,,,,,,,,,,,,,,,,,,,,,,,,,,,,,,,,,,,,,,,,,,,,,,,,,,,,,,,,,,,,,,,,,,,,,,,,,,,,,,,,,,,,,,,,,,,,,,,,,,,,,,,,,,,,,,,,,,,,,,,,,,,,,,,,,,,,,,,,,,,,,,,,,,,,,TIMBERTECH_AGB15516BS.jpg,,,,,,,,,TIMBERTECH_AGB15516BS_Specification_Sheet.pdf,,,,,,,,,,,,,,,,,,No
,,,,,,64132009,Building Materials,Decking & Building Products,Composite Decking & Trim,2132009,AGB15520BS,1x6-20' Brownstone Grooved - Harvest Azek PVC Decking,TIMBERTECH,-- No Unilog Brand --,-- No DIB Brand --,Parksite (6151),Parksite,TIMBERTECH®,,AGB15520BS,"AGB15512BS, AGB15520CS, AGB15520SG",Building Materials>Decking & Building Products>Composite Decking,"Parksite, Composite Decking & Trim, AGB15520BS",COMPOSITE DECKING & TRIM,TIMBERTECH® AGB15520BS Composite Decking & Trim,TIMBERTECH® Composite Decking & Trim,Composite Decking & Trim,,,,,,,,,,,,,,,,,,,,,,,,,,,Composite Decking & Trim,Model,AGB15520BS,,,,,,,,,,,,,,,,,,,,,,,,,,,,,,,,,,,,,,,,,,,,,,,,,,,,,,,,,,,,,,,,,,,,,,,,,,,,,,,,,,,,,,,,,,,,,,,,,,,,,,,,,,,,,,,,,,,,,,,,,,,,,,,,,,,,,,,,,,,,,,,,,,,,,,,,,,,,,,,,,,,,,,,,TIMBERTECH_AGB15520BS.jpg,,,,,,,,,TIMBERTECH_AGB15520BS_Specification_Sheet.pdf,,,,,,,,,,,,,,,,,,No
,,,,,,11842108,Building Materials,Decking & Building Products,Composite Decking & Trim,3842108,AGB15512SG,1x6-12' Slate Gray Grooved - Harvest Azek PVC Decking,TIMBERTECH,-- No Unilog Brand --,-- No DIB Brand --,Parksite (6151),Parksite,TIMBERTECH®,,AGB15512SG,"AGB15512BS, AGB15512CG, AGB15512CS, AGB15516SG, AGB15520SG",Building Materials>Decking & Building Products>Composite Decking,"Parksite, Composite Decking & Trim, AGB15512SG",COMPOSITE DECKING & TRIM,TIMBERTECH® AGB15512SG Composite Decking & Trim,TIMBERTECH® Composite Decking & Trim,Composite Decking & Trim,,,,,,,,,,,,,,,,,,,,,,,,,,,Composite Decking & Trim,Model,AGB15512SG,,,,,,,,,,,,,,,,,,,,,,,,,,,,,,,,,,,,,,,,,,,,,,,,,,,,,,,,,,,,,,,,,,,,,,,,,,,,,,,,,,,,,,,,,,,,,,,,,,,,,,,,,,,,,,,,,,,,,,,,,,,,,,,,,,,,,,,,,,,,,,,,,,,,,,,,,,,,,,,,,,,,,,,,TIMBERTECH_AGB15512SG.jpg,,,,,,,,,TIMBERTECH_AGB15512SG_Specification_Sheet.pdf,,,,,,,,,,,,,,,,,,No
,,,,,,65333103,Building Materials,Decking & Building Products,Composite Decking & Trim,3333103,AGB15516SG,1x6-16' Slate Gray Grooved - Harvest Azek PVC Decking,TIMBERTECH,-- No Unilog Brand --,-- No DIB Brand --,Parksite (6151),Parksite,TIMBERTECH®,,AGB15516SG,"AGB15512SG, AGB15516BS, AGB15516CG, AGB15516CS",Building Materials>Decking & Building Products>Composite Decking,"Parksite, Composite Decking & Trim, AGB15516SG",COMPOSITE DECKING & TRIM,TIMBERTECH® AGB15516SG Composite Decking & Trim,TIMBERTECH® Composite Decking & Trim,Composite Decking & Trim,,,,,,,,,,,,,,,,,,,,,,,,,,,Composite Decking & Trim,Model,AGB15516SG,,,,,,,,,,,,,,,,,,,,,,,,,,,,,,,,,,,,,,,,,,,,,,,,,,,,,,,,,,,,,,,,,,,,,,,,,,,,,,,,,,,,,,,,,,,,,,,,,,,,,,,,,,,,,,,,,,,,,,,,,,,,,,,,,,,,,,,,,,,,,,,,,,,,,,,,,,,,,,,,,,,,,,,,TIMBERTECH_AGB15516SG.jpg,,,,,,,,,TIMBERTECH_AGB15516SG_Specification_Sheet.pdf,,,,,,,,,,,,,,,,,,No
,,,,,,23149315,Building Materials,Decking & Building Products,Composite Decking & Trim,6149315,AGB15520SG,1x6-20' Slate Gray Grooved - Harvest Azek PVC Decking,TIMBERTECH,-- No Unilog Brand --,-- No DIB Brand --,Parksite (6151),Parksite,TIMBERTECH®,,AGB15520SG,"AGB15512SG, AGB15520BS, AGB15520CG, AGB15520CS",Building Materials>Decking & Building Products>Composite Decking,"Parksite, Composite Decking & Trim, AGB15520SG",COMPOSITE DECKING & TRIM,TIMBERTECH® AGB15520SG Composite Decking & Trim,TIMBERTECH® Composite Decking & Trim,Composite Decking & Trim,,,,,,,,,,,,,,,,,,,,,,,,,,,Composite Decking & Trim,Model,AGB15520SG,,,,,,,,,,,,,,,,,,,,,,,,,,,,,,,,,,,,,,,,,,,,,,,,,,,,,,,,,,,,,,,,,,,,,,,,,,,,,,,,,,,,,,,,,,,,,,,,,,,,,,,,,,,,,,,,,,,,,,,,,,,,,,,,,,,,,,,,,,,,,,,,,,,,,,,,,,,,,,,,,,,,,,,,TIMBERTECH_AGB15520SG.jpg,,,,,,,,,TIMBERTECH_AGB15520SG_Specification_Sheet.pdf,,,,,,,,,,,,,,,,,,No
,,,,,,56529324,Building Materials,Decking & Building Products,Composite Decking & Trim,3529324,543140016,1nx6-16' Biscayne Sq Edge - Trex Transcend Lineage Decking,TREX,-- No Unilog Brand --,-- No DIB Brand --,U S Lumber (3073),U S Lumber,TREX®,,543140016,,Building Materials>Decking & Building Products>Composite Decking,"U S Lumber, Composite Decking & Trim, 543140016",COMPOSITE DECKING & TRIM,TREX® 543140016 Composite Decking & Trim,TREX® Composite Decking & Trim,Composite Decking & Trim,,,,,,,,,,,,,,,,,,,,,,,,,,,Composite Decking & Trim,Model,543140016,,,,,,,,,,,,,,,,,,,,,,,,,,,,,,,,,,,,,,,,,,,,,,,,,,,,,,,,,,,,,,,,,,,,,,,,,,,,,,,,,,,,,,,,,,,,,,,,,,,,,,,,,,,,,,,,,,,,,,,,,,,,,,,,,,,,,,,,,,,,,,,,,,,,,,,,,,,,,,,,,,,,,,,,TREX_543140016.jpg,,,,,,,,,TREX_543140016_Specification_Sheet.pdf,,,,,,,,,,,,,,,,,,No
,,,,,,51793004,Building Materials,Decking & Building Products,Composite Decking & Trim,7793004,543140020,1nx6-20' Biscayne Sq Edge - Trex Transcend Lineage Decking,TREX,-- No Unilog Brand --,-- No DIB Brand --,U S Lumber (3073),U S Lumber,TREX®,,543140020,,Building Materials>Decking & Building Products>Composite Decking,"U S Lumber, Composite Decking & Trim, 543140020",COMPOSITE DECKING & TRIM,TREX® 543140020 Composite Decking & Trim,TREX® Composite Decking & Trim,Composite Decking & Trim,,,,,,,,,,,,,,,,,,,,,,,,,,,Composite Decking & Trim,Model,543140020,,,,,,,,,,,,,,,,,,,,,,,,,,,,,,,,,,,,,,,,,,,,,,,,,,,,,,,,,,,,,,,,,,,,,,,,,,,,,,,,,,,,,,,,,,,,,,,,,,,,,,,,,,,,,,,,,,,,,,,,,,,,,,,,,,,,,,,,,,,,,,,,,,,,,,,,,,,,,,,,,,,,,,,,TREX_543140020.jpg,,,,,,,,,TREX_543140020_Specification_Sheet.pdf,,,,,,,,,,,,,,,,,,No
,,,,,,37784294,Building Materials,Decking & Building Products,Composite Decking & Trim,2784294,543142016,1nx6-16' Carmel Sq Edge - Trex Transcend Lineage Decking,TREX,-- No Unilog Brand --,-- No DIB Brand --,U S Lumber (3073),U S Lumber,TREX®,,543142016,,Building Materials>Decking & Building Products>Composite Decking,"U S Lumber, Composite Decking & Trim, 543142016",COMPOSITE DECKING & TRIM,TREX® 543142016 Composite Decking & Trim,TREX® Composite Decking & Trim,Composite Decking & Trim,,,,,,,,,,,,,,,,,,,,,,,,,,,Composite Decking & Trim,Model,543142016,,,,,,,,,,,,,,,,,,,,,,,,,,,,,,,,,,,,,,,,,,,,,,,,,,,,,,,,,,,,,,,,,,,,,,,,,,,,,,,,,,,,,,,,,,,,,,,,,,,,,,,,,,,,,,,,,,,,,,,,,,,,,,,,,,,,,,,,,,,,,,,,,,,,,,,,,,,,,,,,,,,,,,,,TREX_543142016.jpg,,,,,,,,,TREX_543142016_Specification_Sheet.pdf,,,,,,,,,,,,,,,,,,No
,,,,,,16903744,Building Materials,Decking & Building Products,Composite Decking & Trim,8903744,543142020,1nx6-20' Carmel Sq Edge - Trex Transcend Lineage Decking,TREX,-- No Unilog Brand --,-- No DIB Brand --,U S Lumber (3073),U S Lumber,TREX®,,543142020,,Building Materials>Decking & Building Products>Composite Decking,"U S Lumber, Composite Decking & Trim, 543142020",COMPOSITE DECKING & TRIM,TREX® 543142020 Composite Decking & Trim,TREX® Composite Decking & Trim,Composite Decking & Trim,,,,,,,,,,,,,,,,,,,,,,,,,,,Composite Decking & Trim,Model,543142020,,,,,,,,,,,,,,,,,,,,,,,,,,,,,,,,,,,,,,,,,,,,,,,,,,,,,,,,,,,,,,,,,,,,,,,,,,,,,,,,,,,,,,,,,,,,,,,,,,,,,,,,,,,,,,,,,,,,,,,,,,,,,,,,,,,,,,,,,,,,,,,,,,,,,,,,,,,,,,,,,,,,,,,,TREX_543142020.jpg,,,,,,,,,TREX_543142020_Specification_Sheet.pdf,,,,,,,,,,,,,,,,,,No
,,,,,,12899329,Building Materials,Decking & Building Products,Composite Decking & Trim,4899329,543144016,1nx6-16' Island Mist Sq Edge - Trex Transcend Lineage Decking,TREX,-- No Unilog Brand --,-- No DIB Brand --,U S Lumber (3073),U S Lumber,TREX®,,543144016,,Building Materials>Decking & Building Products>Composite Decking,"U S Lumber, Composite Decking & Trim, 543144016",COMPOSITE DECKING & TRIM,TREX® 543144016 Composite Decking & Trim,TREX® Composite Decking & Trim,Composite Decking & Trim,,,,,,,,,,,,,,,,,,,,,,,,,,,Composite Decking & Trim,Model,543144016,,,,,,,,,,,,,,,,,,,,,,,,,,,,,,,,,,,,,,,,,,,,,,,,,,,,,,,,,,,,,,,,,,,,,,,,,,,,,,,,,,,,,,,,,,,,,,,,,,,,,,,,,,,,,,,,,,,,,,,,,,,,,,,,,,,,,,,,,,,,,,,,,,,,,,,,,,,,,,,,,,,,,,,,TREX_543144016.jpg,,,,,,,,,TREX_543144016_Specification_Sheet.pdf,,,,,,,,,,,,,,,,,,No
,,,,,,90139502,Building Materials,Decking & Building Products,Composite Decking & Trim,1139502,543144020,1nx6-20' Island Mist Sq Edge - Trex Transcend Lineage Decking,TREX,-- No Unilog Brand --,-- No DIB Brand --,U S Lumber (3073),U S Lumber,TREX®,,543144020,,Building Materials>Decking & Building Products>Composite Decking,"U S Lumber, Composite Decking & Trim, 543144020",COMPOSITE DECKING & TRIM,TREX® 543144020 Composite Decking & Trim,TREX® Composite Decking & Trim,Composite Decking & Trim,,,,,,,,,,,,,,,,,,,,,,,,,,,Composite Decking & Trim,Model,543144020,,,,,,,,,,,,,,,,,,,,,,,,,,,,,,,,,,,,,,,,,,,,,,,,,,,,,,,,,,,,,,,,,,,,,,,,,,,,,,,,,,,,,,,,,,,,,,,,,,,,,,,,,,,,,,,,,,,,,,,,,,,,,,,,,,,,,,,,,,,,,,,,,,,,,,,,,,,,,,,,,,,,,,,,TREX_543144020.jpg,,,,,,,,,TREX_543144020_Specification_Sheet.pdf,,,,,,,,,,,,,,,,,,No
,,,,,,65999812,Building Materials,Decking & Building Products,Composite Decking & Trim,3999812,543143016,1nx6-16' Jasper Sq Edge - Trex Transcend Lineage Decking,TREX,-- No Unilog Brand --,-- No DIB Brand --,U S Lumber (3073),U S Lumber,TREX®,,543143016,,Building Materials>Decking & Building Products>Composite Decking,"U S Lumber, Composite Decking & Trim, 543143016",COMPOSITE DECKING & TRIM,TREX® 543143016 Composite Decking & Trim,TREX® Composite Decking & Trim,Composite Decking & Trim,,,,,,,,,,,,,,,,,,,,,,,,,,,Composite Decking & Trim,Model,543143016,,,,,,,,,,,,,,,,,,,,,,,,,,,,,,,,,,,,,,,,,,,,,,,,,,,,,,,,,,,,,,,,,,,,,,,,,,,,,,,,,,,,,,,,,,,,,,,,,,,,,,,,,,,,,,,,,,,,,,,,,,,,,,,,,,,,,,,,,,,,,,,,,,,,,,,,,,,,,,,,,,,,,,,,TREX_543143016.jpg,,,,,,,,,TREX_543143016_Specification_Sheet.pdf,,,,,,,,,,,,,,,,,,No
,,,,,,13078810,Building Materials,Decking & Building Products,Composite Decking & Trim,5078810,543143020,1nx6-20' Jasper Sq Edge - Trex Transcend Lineage Decking,TREX,-- No Unilog Brand --,-- No DIB Brand --,U S Lumber (3073),U S Lumber,TREX®,,543143020,,Building Materials>Decking & Building Products>Composite Decking,"U S Lumber, Composite Decking & Trim, 543143020",COMPOSITE DECKING & TRIM,TREX® 543143020 Composite Decking & Trim,TREX® Composite Decking & Trim,Composite Decking & Trim,,,,,,,,,,,,,,,,,,,,,,,,,,,Composite Decking & Trim,Model,543143020,,,,,,,,,,,,,,,,,,,,,,,,,,,,,,,,,,,,,,,,,,,,,,,,,,,,,,,,,,,,,,,,,,,,,,,,,,,,,,,,,,,,,,,,,,,,,,,,,,,,,,,,,,,,,,,,,,,,,,,,,,,,,,,,,,,,,,,,,,,,,,,,,,,,,,,,,,,,,,,,,,,,,,,,TREX_543143020.jpg,,,,,,,,,TREX_543143020_Specification_Sheet.pdf,,,,,,,,,,,,,,,,,,No
,,,,,,25514408,Building Materials,Decking & Building Products,Composite Decking & Trim,8514408,543141016,1nx6-16' Rainier Sq Edge - Trex Transcend Lineage Decking,TREX,-- No Unilog Brand --,-- No DIB Brand --,U S Lumber (3073),U S Lumber,TREX®,,543141016,,Building Materials>Decking & Building Products>Composite Decking,"U S Lumber, Composite Decking & Trim, 543141016",COMPOSITE DECKING & TRIM,TREX® 543141016 Composite Decking & Trim,TREX® Composite Decking & Trim,Composite Decking & Trim,,,,,,,,,,,,,,,,,,,,,,,,,,,Composite Decking & Trim,Model,543141016,,,,,,,,,,,,,,,,,,,,,,,,,,,,,,,,,,,,,,,,,,,,,,,,,,,,,,,,,,,,,,,,,,,,,,,,,,,,,,,,,,,,,,,,,,,,,,,,,,,,,,,,,,,,,,,,,,,,,,,,,,,,,,,,,,,,,,,,,,,,,,,,,,,,,,,,,,,,,,,,,,,,,,,,TREX_543141016.jpg,,,,,,,,,TREX_543141016_Specification_Sheet.pdf,,,,,,,,,,,,,,,,,,No
,,,,,,39777140,Building Materials,Decking & Building Products,Composite Decking & Trim,4777140,543141020,1nx6-20' Rainier Sq Edge - Trex Transcend Lineage Decking,TREX,-- No Unilog Brand --,-- No DIB Brand --,U S Lumber (3073),U S Lumber,TREX®,,543141020,,Building Materials>Decking & Building Products>Composite Decking,"U S Lumber, Composite Decking & Trim, 543141020",COMPOSITE DECKING & TRIM,TREX® 543141020 Composite Decking & Trim,TREX® Composite Decking & Trim,Composite Decking & Trim,,,,,,,,,,,,,,,,,,,,,,,,,,,Composite Decking & Trim,Model,543141020,,,,,,,,,,,,,,,,,,,,,,,,,,,,,,,,,,,,,,,,,,,,,,,,,,,,,,,,,,,,,,,,,,,,,,,,,,,,,,,,,,,,,,,,,,,,,,,,,,,,,,,,,,,,,,,,,,,,,,,,,,,,,,,,,,,,,,,,,,,,,,,,,,,,,,,,,,,,,,,,,,,,,,,,TREX_543141020.jpg,,,,,,,,,TREX_543141020_Specification_Sheet.pdf,,,,,,,,,,,,,,,,,,No
,,,,,,16727145,Building Materials,Decking & Building Products,Composite Decking & Trim,8727145,543140412,1nx6-12' Biscayne Grooved - Trex Transcend Lineage Decking,TREX,-- No Unilog Brand --,-- No DIB Brand --,U S Lumber (3073),U S Lumber,TREX®,,543140412,,Building Materials>Decking & Building Products>Composite Decking,"U S Lumber, Composite Decking & Trim, 543140412",COMPOSITE DECKING & TRIM,TREX® 543140412 Composite Decking & Trim,TREX® Composite Decking & Trim,Composite Decking & Trim,,,,,,,,,,,,,,,,,,,,,,,,,,,Composite Decking & Trim,Model,543140412,,,,,,,,,,,,,,,,,,,,,,,,,,,,,,,,,,,,,,,,,,,,,,,,,,,,,,,,,,,,,,,,,,,,,,,,,,,,,,,,,,,,,,,,,,,,,,,,,,,,,,,,,,,,,,,,,,,,,,,,,,,,,,,,,,,,,,,,,,,,,,,,,,,,,,,,,,,,,,,,,,,,,,,,TREX_543140412.jpg,,,,,,,,,TREX_543140412_Specification_Sheet.pdf,,,,,,,,,,,,,,,,,,No
,,,,,,97982509,Building Materials,Decking & Building Products,Composite Decking & Trim,8982509,543140416,1nx6-16' Biscayne Grooved - Trex Transcend Lineage Decking,TREX,-- No Unilog Brand --,-- No DIB Brand --,U S Lumber (3073),U S Lumber,TREX®,,543140416,,Building Materials>Decking & Building Products>Composite Decking,"U S Lumber, Composite Decking & Trim, 543140416",COMPOSITE DECKING & TRIM,TREX® 543140416 Composite Decking & Trim,TREX® Composite Decking & Trim,Composite Decking & Trim,,,,,,,,,,,,,,,,,,,,,,,,,,,Composite Decking & Trim,Model,543140416,,,,,,,,,,,,,,,,,,,,,,,,,,,,,,,,,,,,,,,,,,,,,,,,,,,,,,,,,,,,,,,,,,,,,,,,,,,,,,,,,,,,,,,,,,,,,,,,,,,,,,,,,,,,,,,,,,,,,,,,,,,,,,,,,,,,,,,,,,,,,,,,,,,,,,,,,,,,,,,,,,,,,,,,TREX_543140416.jpg,,,,,,,,,TREX_543140416_Specification_Sheet.pdf,,,,,,,,,,,,,,,,,,No
,,,,,,37138522,Building Materials,Decking & Building Products,Composite Decking & Trim,2138522,543140420,1nx6-20' Biscayne Grooved - Trex Transcend Lineage Decking,TREX,-- No Unilog Brand --,-- No DIB Brand --,U S Lumber (3073),U S Lumber,TREX®,,543140420,,Building Materials>Decking & Building Products>Composite Decking,"U S Lumber, Composite Decking & Trim, 543140420",COMPOSITE DECKING & TRIM,TREX® 543140420 Composite Decking & Trim,TREX® Composite Decking & Trim,Composite Decking & Trim,,,,,,,,,,,,,,,,,,,,,,,,,,,Composite Decking & Trim,Model,543140420,,,,,,,,,,,,,,,,,,,,,,,,,,,,,,,,,,,,,,,,,,,,,,,,,,,,,,,,,,,,,,,,,,,,,,,,,,,,,,,,,,,,,,,,,,,,,,,,,,,,,,,,,,,,,,,,,,,,,,,,,,,,,,,,,,,,,,,,,,,,,,,,,,,,,,,,,,,,,,,,,,,,,,,,TREX_543140420.jpg,,,,,,,,,TREX_543140420_Specification_Sheet.pdf,,,,,,,,,,,,,,,,,,No
,,,,,,92798960,Building Materials,Decking & Building Products,Composite Decking & Trim,3798960,543142412,1nx6-12' Carmel Grooved - Trex Transcend Lineage Decking,TREX,-- No Unilog Brand --,-- No DIB Brand --,U S Lumber (3073),U S Lumber,TREX®,,543142412,,Building Materials>Decking & Building Products>Composite Decking,"U S Lumber, Composite Decking & Trim, 543142412",COMPOSITE DECKING & TRIM,TREX® 543142412 Composite Decking & Trim,TREX® Composite Decking & Trim,Composite Decking & Trim,,,,,,,,,,,,,,,,,,,,,,,,,,,Composite Decking & Trim,Model,543142412,,,,,,,,,,,,,,,,,,,,,,,,,,,,,,,,,,,,,,,,,,,,,,,,,,,,,,,,,,,,,,,,,,,,,,,,,,,,,,,,,,,,,,,,,,,,,,,,,,,,,,,,,,,,,,,,,,,,,,,,,,,,,,,,,,,,,,,,,,,,,,,,,,,,,,,,,,,,,,,,,,,,,,,,TREX_543142412.jpg,,,,,,,,,TREX_543142412_Specification_Sheet.pdf,,,,,,,,,,,,,,,,,,No
,,,,,,43494721,Building Materials,Decking & Building Products,Composite Decking & Trim,8494721,543142416,1nx6-16' Carmel Grooved - Trex Transcend Lineage Decking,TREX,-- No Unilog Brand --,-- No DIB Brand --,U S Lumber (3073),U S Lumber,TREX®,,543142416,,Building Materials>Decking & Building Products>Composite Decking,"U S Lumber, Composite Decking & Trim, 543142416",COMPOSITE DECKING & TRIM,TREX® 543142416 Composite Decking & Trim,TREX® Composite Decking & Trim,Composite Decking & Trim,,,,,,,,,,,,,,,,,,,,,,,,,,,Composite Decking & Trim,Model,543142416,,,,,,,,,,,,,,,,,,,,,,,,,,,,,,,,,,,,,,,,,,,,,,,,,,,,,,,,,,,,,,,,,,,,,,,,,,,,,,,,,,,,,,,,,,,,,,,,,,,,,,,,,,,,,,,,,,,,,,,,,,,,,,,,,,,,,,,,,,,,,,,,,,,,,,,,,,,,,,,,,,,,,,,,TREX_543142416.jpg,,,,,,,,,TREX_543142416_Specification_Sheet.pdf,,,,,,,,,,,,,,,,,,No
,,,,,,27938318,Building Materials,Decking & Building Products,Composite Decking & Trim,1938318,543142420,1nx6-20' Carmel Grooved - Trex Transcend Lineage Decking,TREX,-- No Unilog Brand --,-- No DIB Brand --,U S Lumber (3073),U S Lumber,TREX®,,543142420,,Building Materials>Decking & Building Products>Composite Decking,"U S Lumber, Composite Decking & Trim, 543142420",COMPOSITE DECKING & TRIM,TREX® 543142420 Composite Decking & Trim,TREX® Composite Decking & Trim,Composite Decking & Trim,,,,,,,,,,,,,,,,,,,,,,,,,,,Composite Decking & Trim,Model,543142420,,,,,,,,,,,,,,,,,,,,,,,,,,,,,,,,,,,,,,,,,,,,,,,,,,,,,,,,,,,,,,,,,,,,,,,,,,,,,,,,,,,,,,,,,,,,,,,,,,,,,,,,,,,,,,,,,,,,,,,,,,,,,,,,,,,,,,,,,,,,,,,,,,,,,,,,,,,,,,,,,,,,,,,,TREX_543142420.jpg,,,,,,,,,TREX_543142420_Specification_Sheet.pdf,,,,,,,,,,,,,,,,,,No
,,,,,,56113081,Building Materials,Decking & Building Products,Composite Decking & Trim,3113081,543144412,1nx6-12' Island Mist Grooved - Trex Transcend Lineage Decking,TREX,-- No Unilog Brand --,-- No DIB Brand --,U S Lumber (3073),U S Lumber,TREX®,,543144412,,Building Materials>Decking & Building Products>Composite Decking,"U S Lumber, Composite Decking & Trim, 543144412",COMPOSITE DECKING & TRIM,TREX® 543144412 Composite Decking & Trim,TREX® Composite Decking & Trim,Composite Decking & Trim,,,,,,,,,,,,,,,,,,,,,,,,,,,Composite Decking & Trim,Model,543144412,,,,,,,,,,,,,,,,,,,,,,,,,,,,,,,,,,,,,,,,,,,,,,,,,,,,,,,,,,,,,,,,,,,,,,,,,,,,,,,,,,,,,,,,,,,,,,,,,,,,,,,,,,,,,,,,,,,,,,,,,,,,,,,,,,,,,,,,,,,,,,,,,,,,,,,,,,,,,,,,,,,,,,,,TREX_543144412.jpg,,,,,,,,,TREX_543144412_Specification_Sheet.pdf,,,,,,,,,,,,,,,,,,No
,,,,,,77057654,Building Materials,Decking & Building Products,Composite Decking & Trim,6057654,543144416,1nx6-16' Island Mist Grooved - Trex Transcend Lineage Decking,TREX,-- No Unilog Brand --,-- No DIB Brand --,U S Lumber (3073),U S Lumber,TREX®,,543144416,,Building Materials>Decking & Building Products>Composite Decking,"U S Lumber, Composite Decking & Trim, 543144416",COMPOSITE DECKING & TRIM,TREX® 543144416 Composite Decking & Trim,TREX® Composite Decking & Trim,Composite Decking & Trim,,,,,,,,,,,,,,,,,,,,,,,,,,,Composite Decking & Trim,Model,543144416,,,,,,,,,,,,,,,,,,,,,,,,,,,,,,,,,,,,,,,,,,,,,,,,,,,,,,,,,,,,,,,,,,,,,,,,,,,,,,,,,,,,,,,,,,,,,,,,,,,,,,,,,,,,,,,,,,,,,,,,,,,,,,,,,,,,,,,,,,,,,,,,,,,,,,,,,,,,,,,,,,,,,,,,TREX_543144416.jpg,,,,,,,,,TREX_543144416_Specification_Sheet.pdf,,,,,,,,,,,,,,,,,,No
,,,,,,32647945,Building Materials,Decking & Building Products,Composite Decking & Trim,6647945,543144420,1nx6-20' Island Mist Grooved - Trex Transcend Lineage Decking,TREX,-- No Unilog Brand --,-- No DIB Brand --,U S Lumber (3073),U S Lumber,TREX®,,543144420,,Building Materials>Decking & Building Products>Composite Decking,"U S Lumber, Composite Decking & Trim, 543144420",COMPOSITE DECKING & TRIM,TREX® 543144420 Composite Decking & Trim,TREX® Composite Decking & Trim,Composite Decking & Trim,,,,,,,,,,,,,,,,,,,,,,,,,,,Composite Decking & Trim,Model,543144420,,,,,,,,,,,,,,,,,,,,,,,,,,,,,,,,,,,,,,,,,,,,,,,,,,,,,,,,,,,,,,,,,,,,,,,,,,,,,,,,,,,,,,,,,,,,,,,,,,,,,,,,,,,,,,,,,,,,,,,,,,,,,,,,,,,,,,,,,,,,,,,,,,,,,,,,,,,,,,,,,,,,,,,,TREX_543144420.jpg,,,,,,,,,TREX_543144420_Specification_Sheet.pdf,,,,,,,,,,,,,,,,,,No
,,,,,,44340138,Building Materials,Decking & Building Products,Composite Decking & Trim,9340138,543143412,1nx6-12' Jasper Grooved - Trex Transcend Lineage Decking,TREX,-- No Unilog Brand --,-- No DIB Brand --,U S Lumber (3073),U S Lumber,TREX®,,543143412,,Building Materials>Decking & Building Products>Composite Decking,"U S Lumber, Composite Decking & Trim, 543143412",COMPOSITE DECKING & TRIM,TREX® 543143412 Composite Decking & Trim,TREX® Composite Decking & Trim,Composite Decking & Trim,,,,,,,,,,,,,,,,,,,,,,,,,,,Composite Decking & Trim,Model,543143412,,,,,,,,,,,,,,,,,,,,,,,,,,,,,,,,,,,,,,,,,,,,,,,,,,,,,,,,,,,,,,,,,,,,,,,,,,,,,,,,,,,,,,,,,,,,,,,,,,,,,,,,,,,,,,,,,,,,,,,,,,,,,,,,,,,,,,,,,,,,,,,,,,,,,,,,,,,,,,,,,,,,,,,,TREX_543143412.jpg,,,,,,,,,TREX_543143412_Specification_Sheet.pdf,,,,,,,,,,,,,,,,,,No
,,,,,,47297759,Building Materials,Decking & Building Products,Composite Decking & Trim,3297759,543143416,1nx6-16' Jasper Grooved - Trex Transcend Lineage Decking,TREX,-- No Unilog Brand --,-- No DIB Brand --,U S Lumber (3073),U S Lumber,TREX®,,543143416,,Building Materials>Decking & Building Products>Composite Decking,"U S Lumber, Composite Decking & Trim, 543143416",COMPOSITE DECKING & TRIM,TREX® 543143416 Composite Decking & Trim,TREX® Composite Decking & Trim,Composite Decking & Trim,,,,,,,,,,,,,,,,,,,,,,,,,,,Composite Decking & Trim,Model,543143416,,,,,,,,,,,,,,,,,,,,,,,,,,,,,,,,,,,,,,,,,,,,,,,,,,,,,,,,,,,,,,,,,,,,,,,,,,,,,,,,,,,,,,,,,,,,,,,,,,,,,,,,,,,,,,,,,,,,,,,,,,,,,,,,,,,,,,,,,,,,,,,,,,,,,,,,,,,,,,,,,,,,,,,,TREX_543143416.jpg,,,,,,,,,TREX_543143416_Specification_Sheet.pdf,,,,,,,,,,,,,,,,,,No
,,,,,,80533410,Building Materials,Decking & Building Products,Composite Decking & Trim,9533410,543143420,1nx6-20' Jasper Grooved - Trex Transcend Lineage Decking,TREX,-- No Unilog Brand --,-- No DIB Brand --,U S Lumber (3073),U S Lumber,TREX®,,543143420,,Building Materials>Decking & Building Products>Composite Decking,"U S Lumber, Composite Decking & Trim, 543143420",COMPOSITE DECKING & TRIM,TREX® 543143420 Composite Decking & Trim,TREX® Composite Decking & Trim,Composite Decking & Trim,,,,,,,,,,,,,,,,,,,,,,,,,,,Composite Decking & Trim,Model,543143420,,,,,,,,,,,,,,,,,,,,,,,,,,,,,,,,,,,,,,,,,,,,,,,,,,,,,,,,,,,,,,,,,,,,,,,,,,,,,,,,,,,,,,,,,,,,,,,,,,,,,,,,,,,,,,,,,,,,,,,,,,,,,,,,,,,,,,,,,,,,,,,,,,,,,,,,,,,,,,,,,,,,,,,,TREX_543143420.jpg,,,,,,,,,TREX_543143420_Specification_Sheet.pdf,,,,,,,,,,,,,,,,,,No
,,,,,,97552448,Building Materials,Decking & Building Products,Composite Decking & Trim,8552448,543141412,1nx6-12' Rainier Grooved - Trex Transcend Lineage Decking,TREX,-- No Unilog Brand --,-- No DIB Brand --,U S Lumber (3073),U S Lumber,TREX®,,543141412,,Building Materials>Decking & Building Products>Composite Decking,"U S Lumber, Composite Decking & Trim, 543141412",COMPOSITE DECKING & TRIM,TREX® 543141412 Composite Decking & Trim,TREX® Composite Decking & Trim,Composite Decking & Trim,,,,,,,,,,,,,,,,,,,,,,,,,,,Composite Decking & Trim,Model,543141412,,,,,,,,,,,,,,,,,,,,,,,,,,,,,,,,,,,,,,,,,,,,,,,,,,,,,,,,,,,,,,,,,,,,,,,,,,,,,,,,,,,,,,,,,,,,,,,,,,,,,,,,,,,,,,,,,,,,,,,,,,,,,,,,,,,,,,,,,,,,,,,,,,,,,,,,,,,,,,,,,,,,,,,,TREX_543141412.jpg,,,,,,,,,TREX_543141412_Specification_Sheet.pdf,,,,,,,,,,,,,,,,,,No
,,,,,,37151028,Building Materials,Decking & Building Products,Composite Decking & Trim,2151028,543141416,1nx6-16' Rainier Grooved - Trex Transcend Lineage Decking,TREX,-- No Unilog Brand --,-- No DIB Brand --,U S Lumber (3073),U S Lumber,TREX®,,543141416,,Building Materials>Decking & Building Products>Composite Decking,"U S Lumber, Composite Decking & Trim, 543141416",COMPOSITE DECKING & TRIM,TREX® 543141416 Composite Decking & Trim,TREX® Composite Decking & Trim,Composite Decking & Trim,,,,,,,,,,,,,,,,,,,,,,,,,,,Composite Decking & Trim,Model,543141416,,,,,,,,,,,,,,,,,,,,,,,,,,,,,,,,,,,,,,,,,,,,,,,,,,,,,,,,,,,,,,,,,,,,,,,,,,,,,,,,,,,,,,,,,,,,,,,,,,,,,,,,,,,,,,,,,,,,,,,,,,,,,,,,,,,,,,,,,,,,,,,,,,,,,,,,,,,,,,,,,,,,,,,,TREX_543141416.jpg,,,,,,,,,TREX_543141416_Specification_Sheet.pdf,,,,,,,,,,,,,,,,,,No
,,,,,,46453692,Building Materials,Decking & Building Products,Composite Decking & Trim,2453692,543141420,1nx6-20' Rainier Grooved - Trex Transcend Lineage Decking,TREX,-- No Unilog Brand --,-- No DIB Brand --,U S Lumber (3073),U S Lumber,TREX®,,543141420,,Building Materials>Decking & Building Products>Composite Decking,"U S Lumber, Composite Decking & Trim, 543141420",COMPOSITE DECKING & TRIM,TREX® 543141420 Composite Decking & Trim,TREX® Composite Decking & Trim,Composite Decking & Trim,,,,,,,,,,,,,,,,,,,,,,,,,,,Composite Decking & Trim,Model,543141420,,,,,,,,,,,,,,,,,,,,,,,,,,,,,,,,,,,,,,,,,,,,,,,,,,,,,,,,,,,,,,,,,,,,,,,,,,,,,,,,,,,,,,,,,,,,,,,,,,,,,,,,,,,,,,,,,,,,,,,,,,,,,,,,,,,,,,,,,,,,,,,,,,,,,,,,,,,,,,,,,,,,,,,,TREX_543141420.jpg,,,,,,,,,TREX_543141420_Specification_Sheet.pdf,,,,,,,,,,,,,,,,,,No
,,,,,,70684261,Building Materials,Decking & Building Products,Composite Decking & Trim,8684261,1513703,1nx6-16' Hatteras Sq Edge - Trex Transcend Lineage Decking,TREX,-- No Unilog Brand --,-- No DIB Brand --,Boise Cascade Building Materials (BOICA),Boise Cascade Building Materials,TREX®,,1513703,,Building Materials>Decking & Building Products>Composite Decking,"Boise Cascade Building Materials, Composite Decking & Trim, 1513703",COMPOSITE DECKING & TRIM,TREX® 1513703 Composite Decking & Trim,TREX® Composite Decking & Trim,Composite Decking & Trim,,,,,,,,,,,,,,,,,,,,,,,,,,,Composite Decking & Trim,Model,1513703,,,,,,,,,,,,,,,,,,,,,,,,,,,,,,,,,,,,,,,,,,,,,,,,,,,,,,,,,,,,,,,,,,,,,,,,,,,,,,,,,,,,,,,,,,,,,,,,,,,,,,,,,,,,,,,,,,,,,,,,,,,,,,,,,,,,,,,,,,,,,,,,,,,,,,,,,,,,,,,,,,,,,,,,TREX_1513703.jpg,,,,,,,,,TREX_1513703_Specification_Sheet.pdf,,,,,,,,,,,,,,,,,,No
,,,,,,66928924,Building Materials,Decking & Building Products,Composite Decking & Trim,4928924,1513704,1nx6-20' Hatteras Sq Edge - Trex Transcend Lineage Decking,TREX,-- No Unilog Brand --,-- No DIB Brand --,Boise Cascade Building Materials (BOICA),Boise Cascade Building Materials,TREX®,,1513704,,Building Materials>Decking & Building Products>Composite Decking,"Boise Cascade Building Materials, Composite Decking & Trim, 1513704",COMPOSITE DECKING & TRIM,TREX® 1513704 Composite Decking & Trim,TREX® Composite Decking & Trim,Composite Decking & Trim,,,,,,,,,,,,,,,,,,,,,,,,,,,Composite Decking & Trim,Model,1513704,,,,,,,,,,,,,,,,,,,,,,,,,,,,,,,,,,,,,,,,,,,,,,,,,,,,,,,,,,,,,,,,,,,,,,,,,,,,,,,,,,,,,,,,,,,,,,,,,,,,,,,,,,,,,,,,,,,,,,,,,,,,,,,,,,,,,,,,,,,,,,,,,,,,,,,,,,,,,,,,,,,,,,,,TREX_1513704.jpg,,,,,,,,,TREX_1513704_Specification_Sheet.pdf,,,,,,,,,,,,,,,,,,No
,,,,,,81273826,Building Materials,Decking & Building Products,Composite Decking & Trim,1273826,1513705,1nx6-12' Hatteras Grooved - Trex Transcend Lineage Decking,TREX,-- No Unilog Brand --,-- No DIB Brand --,Boise Cascade Building Materials (BOICA),Boise Cascade Building Materials,TREX®,,1513705,,Building Materials>Decking & Building Products>Composite Decking,"Boise Cascade Building Materials, Composite Decking & Trim, 1513705",COMPOSITE DECKING & TRIM,TREX® 1513705 Composite Decking & Trim,TREX® Composite Decking & Trim,Composite Decking & Trim,,,,,,,,,,,,,,,,,,,,,,,,,,,Composite Decking & Trim,Model,1513705,,,,,,,,,,,,,,,,,,,,,,,,,,,,,,,,,,,,,,,,,,,,,,,,,,,,,,,,,,,,,,,,,,,,,,,,,,,,,,,,,,,,,,,,,,,,,,,,,,,,,,,,,,,,,,,,,,,,,,,,,,,,,,,,,,,,,,,,,,,,,,,,,,,,,,,,,,,,,,,,,,,,,,,,TREX_1513705.jpg,,,,,,,,,TREX_1513705_Specification_Sheet.pdf,,,,,,,,,,,,,,,,,,No
,,,,,,77083994,Building Materials,Decking & Building Products,Composite Decking & Trim,6083994,1513706,1nx6-16' Hatteras Grooved - Trex Transcend Lineage Decking,TREX,-- No Unilog Brand --,-- No DIB Brand --,Boise Cascade Building Materials (BOICA),Boise Cascade Building Materials,TREX®,,1513706,,Building Materials>Decking & Building Products>Composite Decking,"Boise Cascade Building Materials, Composite Decking & Trim, 1513706",COMPOSITE DECKING & TRIM,TREX® 1513706 Composite Decking & Trim,TREX® Composite Decking & Trim,Composite Decking & Trim,,,,,,,,,,,,,,,,,,,,,,,,,,,Composite Decking & Trim,Model,1513706,,,,,,,,,,,,,,,,,,,,,,,,,,,,,,,,,,,,,,,,,,,,,,,,,,,,,,,,,,,,,,,,,,,,,,,,,,,,,,,,,,,,,,,,,,,,,,,,,,,,,,,,,,,,,,,,,,,,,,,,,,,,,,,,,,,,,,,,,,,,,,,,,,,,,,,,,,,,,,,,,,,,,,,,TREX_1513706.jpg,,,,,,,,,TREX_1513706_Specification_Sheet.pdf,,,,,,,,,,,,,,,,,,No
,,,,,,32007628,Building Materials,Decking & Building Products,Composite Decking & Trim,6007628,1513707,1nx6-20' Hatteras Grooved - Trex Transcend Lineage Decking,TREX,-- No Unilog Brand --,-- No DIB Brand --,Boise Cascade Building Materials (BOICA),Boise Cascade Building Materials,TREX®,,1513707,,Building Materials>Decking & Building Products>Composite Decking,"Boise Cascade Building Materials, Composite Decking & Trim, 1513707",COMPOSITE DECKING & TRIM,TREX® 1513707 Composite Decking & Trim,TREX® Composite Decking & Trim,Composite Decking & Trim,,,,,,,,,,,,,,,,,,,,,,,,,,,Composite Decking & Trim,Model,1513707,,,,,,,,,,,,,,,,,,,,,,,,,,,,,,,,,,,,,,,,,,,,,,,,,,,,,,,,,,,,,,,,,,,,,,,,,,,,,,,,,,,,,,,,,,,,,,,,,,,,,,,,,,,,,,,,,,,,,,,,,,,,,,,,,,,,,,,,,,,,,,,,,,,,,,,,,,,,,,,,,,,,,,,,TREX_1513707.jpg,,,,,,,,,TREX_1513707_Specification_Sheet.pdf,,,,,,,,,,,,,,,,,,No
,,,,,,74736832,Building Materials,Decking & Building Products,Composite Decking & Trim,3736832,1513708,1nx6-16' Salt Flat Sq Edge - Trex Transcend Lineage Decking,TREX,-- No Unilog Brand --,-- No DIB Brand --,Boise Cascade Building Materials (BOICA),Boise Cascade Building Materials,TREX®,,1513708,,Building Materials>Decking & Building Products>Composite Decking,"Boise Cascade Building Materials, Composite Decking & Trim, 1513708",COMPOSITE DECKING & TRIM,TREX® 1513708 Composite Decking & Trim,TREX® Composite Decking & Trim,Composite Decking & Trim,,,,,,,,,,,,,,,,,,,,,,,,,,,Composite Decking & Trim,Model,1513708,,,,,,,,,,,,,,,,,,,,,,,,,,,,,,,,,,,,,,,,,,,,,,,,,,,,,,,,,,,,,,,,,,,,,,,,,,,,,,,,,,,,,,,,,,,,,,,,,,,,,,,,,,,,,,,,,,,,,,,,,,,,,,,,,,,,,,,,,,,,,,,,,,,,,,,,,,,,,,,,,,,,,,,,TREX_1513708.jpg,,,,,,,,,TREX_1513708_Specification_Sheet.pdf,,,,,,,,,,,,,,,,,,No
,,,,,,87611831,Building Materials,Decking & Building Products,Composite Decking & Trim,7611831,1513709,1nx6-20' Salt Flat Sq Edge - Trex Transcend Lineage Decking,TREX,-- No Unilog Brand --,-- No DIB Brand --,Boise Cascade Building Materials (BOICA),Boise Cascade Building Materials,TREX®,,1513709,,Building Materials>Decking & Building Products>Composite Decking,"Boise Cascade Building Materials, Composite Decking & Trim, 1513709",COMPOSITE DECKING & TRIM,TREX® 1513709 Composite Decking & Trim,TREX® Composite Decking & Trim,Composite Decking & Trim,,,,,,,,,,,,,,,,,,,,,,,,,,,Composite Decking & Trim,Model,1513709,,,,,,,,,,,,,,,,,,,,,,,,,,,,,,,,,,,,,,,,,,,,,,,,,,,,,,,,,,,,,,,,,,,,,,,,,,,,,,,,,,,,,,,,,,,,,,,,,,,,,,,,,,,,,,,,,,,,,,,,,,,,,,,,,,,,,,,,,,,,,,,,,,,,,,,,,,,,,,,,,,,,,,,,TREX_1513709.jpg,,,,,,,,,TREX_1513709_Specification_Sheet.pdf,,,,,,,,,,,,,,,,,,No
,,,,,,61831739,Building Materials,Decking & Building Products,Composite Decking & Trim,8831739,1513710,1nx6-12' Salt Flat Grooved - Trex Transcend Lineage Decking,TREX,-- No Unilog Brand --,-- No DIB Brand --,Boise Cascade Building Materials (BOICA),Boise Cascade Building Materials,TREX®,,1513710,,Building Materials>Decking & Building Products>Composite Decking,"Boise Cascade Building Materials, Composite Decking & Trim, 1513710",COMPOSITE DECKING & TRIM,TREX® 1513710 Composite Decking & Trim,TREX® Composite Decking & Trim,Composite Decking & Trim,,,,,,,,,,,,,,,,,,,,,,,,,,,Composite Decking & Trim,Model,1513710,,,,,,,,,,,,,,,,,,,,,,,,,,,,,,,,,,,,,,,,,,,,,,,,,,,,,,,,,,,,,,,,,,,,,,,,,,,,,,,,,,,,,,,,,,,,,,,,,,,,,,,,,,,,,,,,,,,,,,,,,,,,,,,,,,,,,,,,,,,,,,,,,,,,,,,,,,,,,,,,,,,,,,,,TREX_1513710.jpg,,,,,,,,,TREX_1513710_Specification_Sheet.pdf,,,,,,,,,,,,,,,,,,No
,,,,,,61768482,Building Materials,Decking & Building Products,Composite Decking & Trim,8768482,1513711,1nx6-16' Salt Flat Grooved - Trex Transcend Lineage Decking,TREX,-- No Unilog Brand --,-- No DIB Brand --,Boise Cascade Building Materials (BOICA),Boise Cascade Building Materials,TREX®,,1513711,,Building Materials>Decking & Building Products>Composite Decking,"Boise Cascade Building Materials, Composite Decking & Trim, 1513711",COMPOSITE DECKING & TRIM,TREX® 1513711 Composite Decking & Trim,TREX® Composite Decking & Trim,Composite Decking & Trim,,,,,,,,,,,,,,,,,,,,,,,,,,,Composite Decking & Trim,Model,1513711,,,,,,,,,,,,,,,,,,,,,,,,,,,,,,,,,,,,,,,,,,,,,,,,,,,,,,,,,,,,,,,,,,,,,,,,,,,,,,,,,,,,,,,,,,,,,,,,,,,,,,,,,,,,,,,,,,,,,,,,,,,,,,,,,,,,,,,,,,,,,,,,,,,,,,,,,,,,,,,,,,,,,,,,TREX_1513711.jpg,,,,,,,,,TREX_1513711_Specification_Sheet.pdf,,,,,,,,,,,,,,,,,,No
,,,,,,80276348,Building Materials,Decking & Building Products,Composite Decking & Trim,9276348,1513712,1nx6-20' Salt Flat Grooved - Trex Transcend Lineage Decking,TREX,-- No Unilog Brand --,-- No DIB Brand --,Boise Cascade Building Materials (BOICA),Boise Cascade Building Materials,TREX®,,1513712,,Building Materials>Decking & Building Products>Composite Decking,"Boise Cascade Building Materials, Composite Decking & Trim, 1513712",COMPOSITE DECKING & TRIM,TREX® 1513712 Composite Decking & Trim,TREX® Composite Decking & Trim,Composite Decking & Trim,,,,,,,,,,,,,,,,,,,,,,,,,,,Composite Decking & Trim,Model,1513712,,,,,,,,,,,,,,,,,,,,,,,,,,,,,,,,,,,,,,,,,,,,,,,,,,,,,,,,,,,,,,,,,,,,,,,,,,,,,,,,,,,,,,,,,,,,,,,,,,,,,,,,,,,,,,,,,,,,,,,,,,,,,,,,,,,,,,,,,,,,,,,,,,,,,,,,,,,,,,,,,,,,,,,,TREX_1513712.jpg,,,,,,,,,TREX_1513712_Specification_Sheet.pdf,,,,,,,,,,,,,,,,,,No
,,,,,,97629103,Building Materials,Decking & Building Products,Composite Decking & Trim,8629103,1513717,1nx6-16' Honey Grove Sq Edge - Trex Enhance Naturals Decking,TREX,-- No Unilog Brand --,-- No DIB Brand --,Boise Cascade Building Materials (BOICA),Boise Cascade Building Materials,TREX®,,1513717,,Building Materials>Decking & Building Products>Composite Decking,"Boise Cascade Building Materials, Composite Decking & Trim, 1513717",COMPOSITE DECKING & TRIM,TREX® 1513717 Composite Decking & Trim,TREX® Composite Decking & Trim,Composite Decking & Trim,,,,,,,,,,,,,,,,,,,,,,,,,,,Composite Decking & Trim,Model,1513717,,,,,,,,,,,,,,,,,,,,,,,,,,,,,,,,,,,,,,,,,,,,,,,,,,,,,,,,,,,,,,,,,,,,,,,,,,,,,,,,,,,,,,,,,,,,,,,,,,,,,,,,,,,,,,,,,,,,,,,,,,,,,,,,,,,,,,,,,,,,,,,,,,,,,,,,,,,,,,,,,,,,,,,,TREX_1513717.jpg,,,,,,,,,TREX_1513717_Specification_Sheet.pdf,,,,,,,,,,,,,,,,,,No
,,,,,,36975065,Building Materials,Decking & Building Products,Composite Decking & Trim,1975065,1513718,1nx6-20' Honey Grove Sq Edge - Trex Enhance Naturals Decking,TREX,-- No Unilog Brand --,-- No DIB Brand --,Boise Cascade Building Materials (BOICA),Boise Cascade Building Materials,TREX®,,1513718,,Building Materials>Decking & Building Products>Composite Decking,"Boise Cascade Building Materials, Composite Decking & Trim, 1513718",COMPOSITE DECKING & TRIM,TREX® 1513718 Composite Decking & Trim,TREX® Composite Decking & Trim,Composite Decking & Trim,,,,,,,,,,,,,,,,,,,,,,,,,,,Composite Decking & Trim,Model,1513718,,,,,,,,,,,,,,,,,,,,,,,,,,,,,,,,,,,,,,,,,,,,,,,,,,,,,,,,,,,,,,,,,,,,,,,,,,,,,,,,,,,,,,,,,,,,,,,,,,,,,,,,,,,,,,,,,,,,,,,,,,,,,,,,,,,,,,,,,,,,,,,,,,,,,,,,,,,,,,,,,,,,,,,,TREX_1513718.jpg,,,,,,,,,TREX_1513718_Specification_Sheet.pdf,,,,,,,,,,,,,,,,,,No
,,,,,,42914579,Building Materials,Decking & Building Products,Composite Decking & Trim,7914579,1513719,1nx6-12' Honey Grove Grooved - Trex Enhance Naturals Decking,TREX,-- No Unilog Brand --,-- No DIB Brand --,Boise Cascade Building Materials (BOICA),Boise Cascade Building Materials,TREX®,,1513719,,Building Materials>Decking & Building Products>Composite Decking,"Boise Cascade Building Materials, Composite Decking & Trim, 1513719",COMPOSITE DECKING & TRIM,TREX® 1513719 Composite Decking & Trim,TREX® Composite Decking & Trim,Composite Decking & Trim,,,,,,,,,,,,,,,,,,,,,,,,,,,Composite Decking & Trim,Model,1513719,,,,,,,,,,,,,,,,,,,,,,,,,,,,,,,,,,,,,,,,,,,,,,,,,,,,,,,,,,,,,,,,,,,,,,,,,,,,,,,,,,,,,,,,,,,,,,,,,,,,,,,,,,,,,,,,,,,,,,,,,,,,,,,,,,,,,,,,,,,,,,,,,,,,,,,,,,,,,,,,,,,,,,,,TREX_1513719.jpg,,,,,,,,,TREX_1513719_Specification_Sheet.pdf,,,,,,,,,,,,,,,,,,No
,,,,,,51710331,Building Materials,Decking & Building Products,Composite Decking & Trim,7710331,1513720,1nx6-16' Honey Grove Grooved - Trex Enhance Naturals Decking,TREX,-- No Unilog Brand --,-- No DIB Brand --,Boise Cascade Building Materials (BOICA),Boise Cascade Building Materials,TREX®,,1513720,,Building Materials>Decking & Building Products>Composite Decking,"Boise Cascade Building Materials, Composite Decking & Trim, 1513720",COMPOSITE DECKING & TRIM,TREX® 1513720 Composite Decking & Trim,TREX® Composite Decking & Trim,Composite Decking & Trim,,,,,,,,,,,,,,,,,,,,,,,,,,,Composite Decking & Trim,Model,1513720,,,,,,,,,,,,,,,,,,,,,,,,,,,,,,,,,,,,,,,,,,,,,,,,,,,,,,,,,,,,,,,,,,,,,,,,,,,,,,,,,,,,,,,,,,,,,,,,,,,,,,,,,,,,,,,,,,,,,,,,,,,,,,,,,,,,,,,,,,,,,,,,,,,,,,,,,,,,,,,,,,,,,,,,TREX_1513720.jpg,,,,,,,,,TREX_1513720_Specification_Sheet.pdf,,,,,,,,,,,,,,,,,,No
,,,,,,19318138,Building Materials,Decking & Building Products,Composite Decking & Trim,2318138,1513721,1nx6-20' Honey Grove Grooved - Trex Enhance Naturals Decking,TREX,-- No Unilog Brand --,-- No DIB Brand --,Boise Cascade Building Materials (BOICA),Boise Cascade Building Materials,TREX®,,1513721,,Building Materials>Decking & Building Products>Composite Decking,"Boise Cascade Building Materials, Composite Decking & Trim, 1513721",COMPOSITE DECKING & TRIM,TREX® 1513721 Composite Decking & Trim,TREX® Composite Decking & Trim,Composite Decking & Trim,,,,,,,,,,,,,,,,,,,,,,,,,,,Composite Decking & Trim,Model,1513721,,,,,,,,,,,,,,,,,,,,,,,,,,,,,,,,,,,,,,,,,,,,,,,,,,,,,,,,,,,,,,,,,,,,,,,,,,,,,,,,,,,,,,,,,,,,,,,,,,,,,,,,,,,,,,,,,,,,,,,,,,,,,,,,,,,,,,,,,,,,,,,,,,,,,,,,,,,,,,,,,,,,,,,,TREX_1513721.jpg,,,,,,,,,TREX_1513721_Specification_Sheet.pdf,,,,,,,,,,,,,,,,,,No
,,,,,,80437423,Building Materials,Decking & Building Products,Composite Decking & Trim,9437423,1513724,1nx6-16' Tide Pool Sq Edge - Trex Enhance Basics Decking,TREX,-- No Unilog Brand --,-- No DIB Brand --,Boise Cascade Building Materials (BOICA),Boise Cascade Building Materials,TREX®,,1513724,,Building Materials>Decking & Building Products>Composite Decking,"Boise Cascade Building Materials, Composite Decking & Trim, 1513724",COMPOSITE DECKING & TRIM,TREX® 1513724 Composite Decking & Trim,TREX® Composite Decking & Trim,Composite Decking & Trim,,,,,,,,,,,,,,,,,,,,,,,,,,,Composite Decking & Trim,Model,1513724,,,,,,,,,,,,,,,,,,,,,,,,,,,,,,,,,,,,,,,,,,,,,,,,,,,,,,,,,,,,,,,,,,,,,,,,,,,,,,,,,,,,,,,,,,,,,,,,,,,,,,,,,,,,,,,,,,,,,,,,,,,,,,,,,,,,,,,,,,,,,,,,,,,,,,,,,,,,,,,,,,,,,,,,TREX_1513724.jpg,,,,,,,,,TREX_1513724_Specification_Sheet.pdf,,,,,,,,,,,,,,,,,,No
,,,,,,20389700,Building Materials,Decking & Building Products,Composite Decking & Trim,3389700,1513725,1nx6-20' Tide Pool Sq Edge - Trex Enhance Basics Decking,TREX,-- No Unilog Brand --,-- No DIB Brand --,Boise Cascade Building Materials (BOICA),Boise Cascade Building Materials,TREX®,,1513725,,Building Materials>Decking & Building Products>Composite Decking,"Boise Cascade Building Materials, Composite Decking & Trim, 1513725",COMPOSITE DECKING & TRIM,TREX® 1513725 Composite Decking & Trim,TREX® Composite Decking & Trim,Composite Decking & Trim,,,,,,,,,,,,,,,,,,,,,,,,,,,Composite Decking & Trim,Model,1513725,,,,,,,,,,,,,,,,,,,,,,,,,,,,,,,,,,,,,,,,,,,,,,,,,,,,,,,,,,,,,,,,,,,,,,,,,,,,,,,,,,,,,,,,,,,,,,,,,,,,,,,,,,,,,,,,,,,,,,,,,,,,,,,,,,,,,,,,,,,,,,,,,,,,,,,,,,,,,,,,,,,,,,,,TREX_1513725.jpg,,,,,,,,,TREX_1513725_Specification_Sheet.pdf,,,,,,,,,,,,,,,,,,No
,,,,,,95503885,Building Materials,Decking & Building Products,Composite Decking & Trim,6503885,1513726,1nx6-12' Tide Pool Grooved - Trex Enhance Basics Decking,TREX,-- No Unilog Brand --,-- No DIB Brand --,Boise Cascade Building Materials (BOICA),Boise Cascade Building Materials,TREX®,,1513726,,Building Materials>Decking & Building Products>Composite Decking,"Boise Cascade Building Materials, Composite Decking & Trim, 1513726",COMPOSITE DECKING & TRIM,TREX® 1513726 Composite Decking & Trim,TREX® Composite Decking & Trim,Composite Decking & Trim,,,,,,,,,,,,,,,,,,,,,,,,,,,Composite Decking & Trim,Model,1513726,,,,,,,,,,,,,,,,,,,,,,,,,,,,,,,,,,,,,,,,,,,,,,,,,,,,,,,,,,,,,,,,,,,,,,,,,,,,,,,,,,,,,,,,,,,,,,,,,,,,,,,,,,,,,,,,,,,,,,,,,,,,,,,,,,,,,,,,,,,,,,,,,,,,,,,,,,,,,,,,,,,,,,,,TREX_1513726.jpg,,,,,,,,,TREX_1513726_Specification_Sheet.pdf,,,,,,,,,,,,,,,,,,No
,,,,,,24959149,Building Materials,Decking & Building Products,Composite Decking & Trim,7959149,1513727,1nx6-16' Tide Pool Grooved - Trex Enhance Basics Decking,TREX,-- No Unilog Brand --,-- No DIB Brand --,Boise Cascade Building Materials (BOICA),Boise Cascade Building Materials,TREX®,,1513727,,Building Materials>Decking & Building Products>Composite Decking,"Boise Cascade Building Materials, Composite Decking & Trim, 1513727",COMPOSITE DECKING & TRIM,TREX® 1513727 Composite Decking & Trim,TREX® Composite Decking & Trim,Composite Decking & Trim,,,,,,,,,,,,,,,,,,,,,,,,,,,Composite Decking & Trim,Model,1513727,,,,,,,,,,,,,,,,,,,,,,,,,,,,,,,,,,,,,,,,,,,,,,,,,,,,,,,,,,,,,,,,,,,,,,,,,,,,,,,,,,,,,,,,,,,,,,,,,,,,,,,,,,,,,,,,,,,,,,,,,,,,,,,,,,,,,,,,,,,,,,,,,,,,,,,,,,,,,,,,,,,,,,,,TREX_1513727.jpg,,,,,,,,,TREX_1513727_Specification_Sheet.pdf,,,,,,,,,,,,,,,,,,No
,,,,,,49154502,Building Materials,Decking & Building Products,Composite Decking & Trim,5154502,1513728,1nx6-20' Tide Pool Grooved - Trex Enhance Basics Decking,TREX,-- No Unilog Brand --,-- No DIB Brand --,Boise Cascade Building Materials (BOICA),Boise Cascade Building Materials,TREX®,,1513728,,Building Materials>Decking & Building Products>Composite Decking,"Boise Cascade Building Materials, Composite Decking & Trim, 1513728",COMPOSITE DECKING & TRIM,TREX® 1513728 Composite Decking & Trim,TREX® Composite Decking & Trim,Composite Decking & Trim,,,,,,,,,,,,,,,,,,,,,,,,,,,Composite Decking & Trim,Model,1513728,,,,,,,,,,,,,,,,,,,,,,,,,,,,,,,,,,,,,,,,,,,,,,,,,,,,,,,,,,,,,,,,,,,,,,,,,,,,,,,,,,,,,,,,,,,,,,,,,,,,,,,,,,,,,,,,,,,,,,,,,,,,,,,,,,,,,,,,,,,,,,,,,,,,,,,,,,,,,,,,,,,,,,,,TREX_1513728.jpg,,,,,,,,,TREX_1513728_Specification_Sheet.pdf,,,,,,,,,,,,,,,,,,No
,,,,,,32944339,Building Materials,Decking & Building Products,Composite Decking & Trim,6944339,543076016,1nx6-16' Cinnamon Cove Sq Edge - Trex Enhance Naturals Decking,TREX,-- No Unilog Brand --,-- No DIB Brand --,Boise Cascade Building Materials (BOICA),Boise Cascade Building Materials,TREX®,,543076016,,Building Materials>Decking & Building Products>Composite Decking,"Boise Cascade Building Materials, Composite Decking & Trim, 543076016",COMPOSITE DECKING & TRIM,TREX® 543076016 Composite Decking & Trim,TREX® Composite Decking & Trim,Composite Decking & Trim,,,,,,,,,,,,,,,,,,,,,,,,,,,Composite Decking & Trim,Model,543076016,,,,,,,,,,,,,,,,,,,,,,,,,,,,,,,,,,,,,,,,,,,,,,,,,,,,,,,,,,,,,,,,,,,,,,,,,,,,,,,,,,,,,,,,,,,,,,,,,,,,,,,,,,,,,,,,,,,,,,,,,,,,,,,,,,,,,,,,,,,,,,,,,,,,,,,,,,,,,,,,,,,,,,,,TREX_543076016.jpg,,,,,,,,,TREX_543076016_Specification_Sheet.pdf,,,,,,,,,,,,,,,,,,No
,,,,,,94137940,Building Materials,Decking & Building Products,Composite Decking & Trim,5137940,543076020,1nx6-20' Cinnamon Cove Sq Edge - Trex Enhance Naturals Decking,TREX,-- No Unilog Brand --,-- No DIB Brand --,Boise Cascade Building Materials (BOICA),Boise Cascade Building Materials,TREX®,,543076020,,Building Materials>Decking & Building Products>Composite Decking,"Boise Cascade Building Materials, Composite Decking & Trim, 543076020",COMPOSITE DECKING & TRIM,TREX® 543076020 Composite Decking & Trim,TREX® Composite Decking & Trim,Composite Decking & Trim,,,,,,,,,,,,,,,,,,,,,,,,,,,Composite Decking & Trim,Model,543076020,,,,,,,,,,,,,,,,,,,,,,,,,,,,,,,,,,,,,,,,,,,,,,,,,,,,,,,,,,,,,,,,,,,,,,,,,,,,,,,,,,,,,,,,,,,,,,,,,,,,,,,,,,,,,,,,,,,,,,,,,,,,,,,,,,,,,,,,,,,,,,,,,,,,,,,,,,,,,,,,,,,,,,,,TREX_543076020.jpg,,,,,,,,,TREX_543076020_Specification_Sheet.pdf,,,,,,,,,,,,,,,,,,No
,,,,,,29975934,Building Materials,Decking & Building Products,Composite Decking & Trim,3975934,543076412,1nx6-12' Cinnamon Cove Grooved - Trex Enhance Naturals Decking,TREX,-- No Unilog Brand --,-- No DIB Brand --,Boise Cascade Building Materials (BOICA),Boise Cascade Building Materials,TREX®,,543076412,,Building Materials>Decking & Building Products>Composite Decking,"Boise Cascade Building Materials, Composite Decking & Trim, 543076412",COMPOSITE DECKING & TRIM,TREX® 543076412 Composite Decking & Trim,TREX® Composite Decking & Trim,Composite Decking & Trim,,,,,,,,,,,,,,,,,,,,,,,,,,,Composite Decking & Trim,Model,543076412,,,,,,,,,,,,,,,,,,,,,,,,,,,,,,,,,,,,,,,,,,,,,,,,,,,,,,,,,,,,,,,,,,,,,,,,,,,,,,,,,,,,,,,,,,,,,,,,,,,,,,,,,,,,,,,,,,,,,,,,,,,,,,,,,,,,,,,,,,,,,,,,,,,,,,,,,,,,,,,,,,,,,,,,TREX_543076412.jpg,,,,,,,,,TREX_543076412_Specification_Sheet.pdf,,,,,,,,,,,,,,,,,,No
,,,,,,60412071,Building Materials,Decking & Building Products,Composite Decking & Trim,7412071,543076416,1nx6-16' Cinnamon Cove Grooved - Trex Enhance Naturals Decking,TREX,-- No Unilog Brand --,-- No DIB Brand --,Boise Cascade Building Materials (BOICA),Boise Cascade Building Materials,TREX®,,543076416,,Building Materials>Decking & Building Products>Composite Decking,"Boise Cascade Building Materials, Composite Decking & Trim, 543076416",COMPOSITE DECKING & TRIM,TREX® 543076416 Composite Decking & Trim,TREX® Composite Decking & Trim,Composite Decking & Trim,,,,,,,,,,,,,,,,,,,,,,,,,,,Composite Decking & Trim,Model,543076416,,,,,,,,,,,,,,,,,,,,,,,,,,,,,,,,,,,,,,,,,,,,,,,,,,,,,,,,,,,,,,,,,,,,,,,,,,,,,,,,,,,,,,,,,,,,,,,,,,,,,,,,,,,,,,,,,,,,,,,,,,,,,,,,,,,,,,,,,,,,,,,,,,,,,,,,,,,,,,,,,,,,,,,,TREX_543076416.jpg,,,,,,,,,TREX_543076416_Specification_Sheet.pdf,,,,,,,,,,,,,,,,,,No
,,,,,,42829629,Building Materials,Decking & Building Products,Composite Decking & Trim,7829629,543076420,1nx6-20' Cinnamon Cove Grooved - Trex Enhance Naturals Decking,TREX,-- No Unilog Brand --,-- No DIB Brand --,Boise Cascade Building Materials (BOICA),Boise Cascade Building Materials,TREX®,,543076420,,Building Materials>Decking & Building Products>Composite Decking,"Boise Cascade Building Materials, Composite Decking & Trim, 543076420",COMPOSITE DECKING & TRIM,TREX® 543076420 Composite Decking & Trim,TREX® Composite Decking & Trim,Composite Decking & Trim,,,,,,,,,,,,,,,,,,,,,,,,,,,Composite Decking & Trim,Model,543076420,,,,,,,,,,,,,,,,,,,,,,,,,,,,,,,,,,,,,,,,,,,,,,,,,,,,,,,,,,,,,,,,,,,,,,,,,,,,,,,,,,,,,,,,,,,,,,,,,,,,,,,,,,,,,,,,,,,,,,,,,,,,,,,,,,,,,,,,,,,,,,,,,,,,,,,,,,,,,,,,,,,,,,,,TREX_543076420.jpg,,,,,,,,,TREX_543076420_Specification_Sheet.pdf,,,,,,,,,,,,,,,,,,No
,,,,,,44441608,Building Materials,Decking & Building Products,Composite Decking & Trim,9441608,1516870,1nx6-16' Golden Hour Sq Edge - Trex Enhance Naturals Decking,TREX,-- No Unilog Brand --,-- No DIB Brand --,Boise Cascade Building Materials (BOICA),Boise Cascade Building Materials,TREX®,,1516870,,Building Materials>Decking & Building Products>Composite Decking,"Boise Cascade Building Materials, Composite Decking & Trim, 1516870",COMPOSITE DECKING & TRIM,TREX® 1516870 Composite Decking & Trim,TREX® Composite Decking & Trim,Composite Decking & Trim,,,,,,,,,,,,,,,,,,,,,,,,,,,Composite Decking & Trim,Model,1516870,,,,,,,,,,,,,,,,,,,,,,,,,,,,,,,,,,,,,,,,,,,,,,,,,,,,,,,,,,,,,,,,,,,,,,,,,,,,,,,,,,,,,,,,,,,,,,,,,,,,,,,,,,,,,,,,,,,,,,,,,,,,,,,,,,,,,,,,,,,,,,,,,,,,,,,,,,,,,,,,,,,,,,,,TREX_1516870.jpg,,,,,,,,,TREX_1516870_Specification_Sheet.pdf,,,,,,,,,,,,,,,,,,No
,,,,,,56621476,Building Materials,Decking & Building Products,Composite Decking & Trim,3621476,1516871,1nx6-20' Golden Hour Sq Edge - Trex Enhance Naturals Decking,TREX,-- No Unilog Brand --,-- No DIB Brand --,Boise Cascade Building Materials (BOICA),Boise Cascade Building Materials,TREX®,,1516871,,Building Materials>Decking & Building Products>Composite Decking,"Boise Cascade Building Materials, Composite Decking & Trim, 1516871",COMPOSITE DECKING & TRIM,TREX® 1516871 Composite Decking & Trim,TREX® Composite Decking & Trim,Composite Decking & Trim,,,,,,,,,,,,,,,,,,,,,,,,,,,Composite Decking & Trim,Model,1516871,,,,,,,,,,,,,,,,,,,,,,,,,,,,,,,,,,,,,,,,,,,,,,,,,,,,,,,,,,,,,,,,,,,,,,,,,,,,,,,,,,,,,,,,,,,,,,,,,,,,,,,,,,,,,,,,,,,,,,,,,,,,,,,,,,,,,,,,,,,,,,,,,,,,,,,,,,,,,,,,,,,,,,,,TREX_1516871.jpg,,,,,,,,,TREX_1516871_Specification_Sheet.pdf,,,,,,,,,,,,,,,,,,No
,,,,,,80662519,Building Materials,Decking & Building Products,Composite Decking & Trim,9662519,1516872,1nx6-12' Golden Hour Grooved - Trex Enhance Naturals Decking,TREX,-- No Unilog Brand --,-- No DIB Brand --,Boise Cascade Building Materials (BOICA),Boise Cascade Building Materials,TREX®,,1516872,,Building Materials>Decking & Building Products>Composite Decking,"Boise Cascade Building Materials, Composite Decking & Trim, 1516872",COMPOSITE DECKING & TRIM,TREX® 1516872 Composite Decking & Trim,TREX® Composite Decking & Trim,Composite Decking & Trim,,,,,,,,,,,,,,,,,,,,,,,,,,,Composite Decking & Trim,Model,1516872,,,,,,,,,,,,,,,,,,,,,,,,,,,,,,,,,,,,,,,,,,,,,,,,,,,,,,,,,,,,,,,,,,,,,,,,,,,,,,,,,,,,,,,,,,,,,,,,,,,,,,,,,,,,,,,,,,,,,,,,,,,,,,,,,,,,,,,,,,,,,,,,,,,,,,,,,,,,,,,,,,,,,,,,TREX_1516872.jpg,,,,,,,,,TREX_1516872_Specification_Sheet.pdf,,,,,,,,,,,,,,,,,,No
,,,,,,71664115,Building Materials,Decking & Building Products,Composite Decking & Trim,9664115,1516873,1nx6-16' Golden Hour Grooved - Trex Enhance Naturals Decking,TREX,-- No Unilog Brand --,-- No DIB Brand --,Boise Cascade Building Materials (BOICA),Boise Cascade Building Materials,TREX®,,1516873,,Building Materials>Decking & Building Products>Composite Decking,"Boise Cascade Building Materials, Composite Decking & Trim, 1516873",COMPOSITE DECKING & TRIM,TREX® 1516873 Composite Decking & Trim,TREX® Composite Decking & Trim,Composite Decking & Trim,,,,,,,,,,,,,,,,,,,,,,,,,,,Composite Decking & Trim,Model,1516873,,,,,,,,,,,,,,,,,,,,,,,,,,,,,,,,,,,,,,,,,,,,,,,,,,,,,,,,,,,,,,,,,,,,,,,,,,,,,,,,,,,,,,,,,,,,,,,,,,,,,,,,,,,,,,,,,,,,,,,,,,,,,,,,,,,,,,,,,,,,,,,,,,,,,,,,,,,,,,,,,,,,,,,,TREX_1516873.jpg,,,,,,,,,TREX_1516873_Specification_Sheet.pdf,,,,,,,,,,,,,,,,,,No
,,,,,,50381974,Building Materials,Decking & Building Products,Composite Decking & Trim,6381974,1516874,1nx6-20' Golden Hour Grooved - Trex Enhance Naturals Decking,TREX,-- No Unilog Brand --,-- No DIB Brand --,Boise Cascade Building Materials (BOICA),Boise Cascade Building Materials,TREX®,,1516874,,Building Materials>Decking & Building Products>Composite Decking,"Boise Cascade Building Materials, Composite Decking & Trim, 1516874",COMPOSITE DECKING & TRIM,TREX® 1516874 Composite Decking & Trim,TREX® Composite Decking & Trim,Composite Decking & Trim,,,,,,,,,,,,,,,,,,,,,,,,,,,Composite Decking & Trim,Model,1516874,,,,,,,,,,,,,,,,,,,,,,,,,,,,,,,,,,,,,,,,,,,,,,,,,,,,,,,,,,,,,,,,,,,,,,,,,,,,,,,,,,,,,,,,,,,,,,,,,,,,,,,,,,,,,,,,,,,,,,,,,,,,,,,,,,,,,,,,,,,,,,,,,,,,,,,,,,,,,,,,,,,,,,,,TREX_1516874.jpg,,,,,,,,,TREX_1516874_Specification_Sheet.pdf,,,,,,,,,,,,,,,,,,No
,,,,,,32205674,Building Materials,Decking & Building Products,Composite Decking & Trim,6205674,1516879,1nx6-16' Pebble Beach Sq Edge - Trex Enhance Basics Decking,TREX,-- No Unilog Brand --,-- No DIB Brand --,Boise Cascade Building Materials (BOICA),Boise Cascade Building Materials,TREX®,,1516879,,Building Materials>Decking & Building Products>Composite Decking,"Boise Cascade Building Materials, Composite Decking & Trim, 1516879",COMPOSITE DECKING & TRIM,TREX® 1516879 Composite Decking & Trim,TREX® Composite Decking & Trim,Composite Decking & Trim,,,,,,,,,,,,,,,,,,,,,,,,,,,Composite Decking & Trim,Model,1516879,,,,,,,,,,,,,,,,,,,,,,,,,,,,,,,,,,,,,,,,,,,,,,,,,,,,,,,,,,,,,,,,,,,,,,,,,,,,,,,,,,,,,,,,,,,,,,,,,,,,,,,,,,,,,,,,,,,,,,,,,,,,,,,,,,,,,,,,,,,,,,,,,,,,,,,,,,,,,,,,,,,,,,,,TREX_1516879.jpg,,,,,,,,,TREX_1516879_Specification_Sheet.pdf,,,,,,,,,,,,,,,,,,No
,,,,,,42937082,Building Materials,Decking & Building Products,Composite Decking & Trim,7937082,1516880,1nx6-20' Pebble Beach Sq Edge - Trex Enhance Basics Decking,TREX,-- No Unilog Brand --,-- No DIB Brand --,Boise Cascade Building Materials (BOICA),Boise Cascade Building Materials,TREX®,,1516880,,Building Materials>Decking & Building Products>Composite Decking,"Boise Cascade Building Materials, Composite Decking & Trim, 1516880",COMPOSITE DECKING & TRIM,TREX® 1516880 Composite Decking & Trim,TREX® Composite Decking & Trim,Composite Decking & Trim,,,,,,,,,,,,,,,,,,,,,,,,,,,Composite Decking & Trim,Model,1516880,,,,,,,,,,,,,,,,,,,,,,,,,,,,,,,,,,,,,,,,,,,,,,,,,,,,,,,,,,,,,,,,,,,,,,,,,,,,,,,,,,,,,,,,,,,,,,,,,,,,,,,,,,,,,,,,,,,,,,,,,,,,,,,,,,,,,,,,,,,,,,,,,,,,,,,,,,,,,,,,,,,,,,,,TREX_1516880.jpg,,,,,,,,,TREX_1516880_Specification_Sheet.pdf,,,,,,,,,,,,,,,,,,No
,,,,,,60104082,Building Materials,Decking & Building Products,Composite Decking & Trim,7104082,1516881,1nx6-12' Pebble Beach Grooved - Trex Enhance Basics Decking,TREX,-- No Unilog Brand --,-- No DIB Brand --,Boise Cascade Building Materials (BOICA),Boise Cascade Building Materials,TREX®,,1516881,,Building Materials>Decking & Building Products>Composite Decking,"Boise Cascade Building Materials, Composite Decking & Trim, 1516881",COMPOSITE DECKING & TRIM,TREX® 1516881 Composite Decking & Trim,TREX® Composite Decking & Trim,Composite Decking & Trim,,,,,,,,,,,,,,,,,,,,,,,,,,,Composite Decking & Trim,Model,1516881,,,,,,,,,,,,,,,,,,,,,,,,,,,,,,,,,,,,,,,,,,,,,,,,,,,,,,,,,,,,,,,,,,,,,,,,,,,,,,,,,,,,,,,,,,,,,,,,,,,,,,,,,,,,,,,,,,,,,,,,,,,,,,,,,,,,,,,,,,,,,,,,,,,,,,,,,,,,,,,,,,,,,,,,TREX_1516881.jpg,,,,,,,,,TREX_1516881_Specification_Sheet.pdf,,,,,,,,,,,,,,,,,,No
,,,,,,39589692,Building Materials,Decking & Building Products,Composite Decking & Trim,4589692,1516882,1nx6-16' Pebble Beach Grooved - Trex Enhance Basics Decking,TREX,-- No Unilog Brand --,-- No DIB Brand --,Boise Cascade Building Materials (BOICA),Boise Cascade Building Materials,TREX®,,1516882,,Building Materials>Decking & Building Products>Composite Decking,"Boise Cascade Building Materials, Composite Decking & Trim, 1516882",COMPOSITE DECKING & TRIM,TREX® 1516882 Composite Decking & Trim,TREX® Composite Decking & Trim,Composite Decking & Trim,,,,,,,,,,,,,,,,,,,,,,,,,,,Composite Decking & Trim,Model,1516882,,,,,,,,,,,,,,,,,,,,,,,,,,,,,,,,,,,,,,,,,,,,,,,,,,,,,,,,,,,,,,,,,,,,,,,,,,,,,,,,,,,,,,,,,,,,,,,,,,,,,,,,,,,,,,,,,,,,,,,,,,,,,,,,,,,,,,,,,,,,,,,,,,,,,,,,,,,,,,,,,,,,,,,,TREX_1516882.jpg,,,,,,,,,TREX_1516882_Specification_Sheet.pdf,,,,,,,,,,,,,,,,,,No
,,,,,,76661768,Building Materials,Decking & Building Products,Composite Decking & Trim,5661768,1516883,1nx6-20' Pebble Beach Grooved - Trex Enhance Basics Decking,TREX,-- No Unilog Brand --,-- No DIB Brand --,Boise Cascade Building Materials (BOICA),Boise Cascade Building Materials,TREX®,,1516883,,Building Materials>Decking & Building Products>Composite Decking,"Boise Cascade Building Materials, Composite Decking & Trim, 1516883",COMPOSITE DECKING & TRIM,TREX® 1516883 Composite Decking & Trim,TREX® Composite Decking & Trim,Composite Decking & Trim,,,,,,,,,,,,,,,,,,,,,,,,,,,Composite Decking & Trim,Model,1516883,,,,,,,,,,,,,,,,,,,,,,,,,,,,,,,,,,,,,,,,,,,,,,,,,,,,,,,,,,,,,,,,,,,,,,,,,,,,,,,,,,,,,,,,,,,,,,,,,,,,,,,,,,,,,,,,,,,,,,,,,,,,,,,,,,,,,,,,,,,,,,,,,,,,,,,,,,,,,,,,,,,,,,,,TREX_1516883.jpg,,,,,,,,,TREX_1516883_Specification_Sheet.pdf,,,,,,,,,,,,,,,,,,No
,,,,,,92267892,Building Materials,Decking & Building Products,Composite Decking & Trim,3267892,543005016,7/8nx6-16' Malted Barley Sq Edge - Trex Select 2.0 Decking,TREX,-- No Unilog Brand --,-- No DIB Brand --,Boise Cascade Building Materials (BOICA),Boise Cascade Building Materials,TREX®,,543005016,,Building Materials>Decking & Building Products>Composite Decking,"Boise Cascade Building Materials, Composite Decking & Trim, 543005016",COMPOSITE DECKING & TRIM,TREX® 543005016 Composite Decking & Trim,TREX® Composite Decking & Trim,Composite Decking & Trim,,,,,,,,,,,,,,,,,,,,,,,,,,,Composite Decking & Trim,Model,543005016,,,,,,,,,,,,,,,,,,,,,,,,,,,,,,,,,,,,,,,,,,,,,,,,,,,,,,,,,,,,,,,,,,,,,,,,,,,,,,,,,,,,,,,,,,,,,,,,,,,,,,,,,,,,,,,,,,,,,,,,,,,,,,,,,,,,,,,,,,,,,,,,,,,,,,,,,,,,,,,,,,,,,,,,TREX_543005016.jpg,,,,,,,,,TREX_543005016_Specification_Sheet.pdf,,,,,,,,,,,,,,,,,,No
,,,,,,87977128,Building Materials,Decking & Building Products,Composite Decking & Trim,7977128,543005020,7/8nx6-20' Malted Barley Sq Edge - Trex Select 2.0 Decking,TREX,-- No Unilog Brand --,-- No DIB Brand --,Boise Cascade Building Materials (BOICA),Boise Cascade Building Materials,TREX®,,543005020,,Building Materials>Decking & Building Products>Composite Decking,"Boise Cascade Building Materials, Composite Decking & Trim, 543005020",COMPOSITE DECKING & TRIM,TREX® 543005020 Composite Decking & Trim,TREX® Composite Decking & Trim,Composite Decking & Trim,,,,,,,,,,,,,,,,,,,,,,,,,,,Composite Decking & Trim,Model,543005020,,,,,,,,,,,,,,,,,,,,,,,,,,,,,,,,,,,,,,,,,,,,,,,,,,,,,,,,,,,,,,,,,,,,,,,,,,,,,,,,,,,,,,,,,,,,,,,,,,,,,,,,,,,,,,,,,,,,,,,,,,,,,,,,,,,,,,,,,,,,,,,,,,,,,,,,,,,,,,,,,,,,,,,,TREX_543005020.jpg,,,,,,,,,TREX_543005020_Specification_Sheet.pdf,,,,,,,,,,,,,,,,,,No
,,,,,,11313997,Building Materials,Decking & Building Products,Composite Decking & Trim,3313997,543005412,7/8nx6-12' Malted Barley Grooved - Trex Select 2.0 Decking,TREX,-- No Unilog Brand --,-- No DIB Brand --,Boise Cascade Building Materials (BOICA),Boise Cascade Building Materials,TREX®,,543005412,,Building Materials>Decking & Building Products>Composite Decking,"Boise Cascade Building Materials, Composite Decking & Trim, 543005412",COMPOSITE DECKING & TRIM,TREX® 543005412 Composite Decking & Trim,TREX® Composite Decking & Trim,Composite Decking & Trim,,,,,,,,,,,,,,,,,,,,,,,,,,,Composite Decking & Trim,Model,543005412,,,,,,,,,,,,,,,,,,,,,,,,,,,,,,,,,,,,,,,,,,,,,,,,,,,,,,,,,,,,,,,,,,,,,,,,,,,,,,,,,,,,,,,,,,,,,,,,,,,,,,,,,,,,,,,,,,,,,,,,,,,,,,,,,,,,,,,,,,,,,,,,,,,,,,,,,,,,,,,,,,,,,,,,TREX_543005412.jpg,,,,,,,,,TREX_543005412_Specification_Sheet.pdf,,,,,,,,,,,,,,,,,,No
,,,,,,55128781,Building Materials,Decking & Building Products,Composite Decking & Trim,2128781,543005416,7/8nx6-16' Malted Barley Grooved - Trex Select 2.0 Decking,TREX,-- No Unilog Brand --,-- No DIB Brand --,Boise Cascade Building Materials (BOICA),Boise Cascade Building Materials,TREX®,,543005416,,Building Materials>Decking & Building Products>Composite Decking,"Boise Cascade Building Materials, Composite Decking & Trim, 543005416",COMPOSITE DECKING & TRIM,TREX® 543005416 Composite Decking & Trim,TREX® Composite Decking & Trim,Composite Decking & Trim,,,,,,,,,,,,,,,,,,,,,,,,,,,Composite Decking & Trim,Model,543005416,,,,,,,,,,,,,,,,,,,,,,,,,,,,,,,,,,,,,,,,,,,,,,,,,,,,,,,,,,,,,,,,,,,,,,,,,,,,,,,,,,,,,,,,,,,,,,,,,,,,,,,,,,,,,,,,,,,,,,,,,,,,,,,,,,,,,,,,,,,,,,,,,,,,,,,,,,,,,,,,,,,,,,,,TREX_543005416.jpg,,,,,,,,,TREX_543005416_Specification_Sheet.pdf,,,,,,,,,,,,,,,,,,No
,,,,,,97583525,Building Materials,Decking & Building Products,Composite Decking & Trim,8583525,543005420,7/8nx6-20' Malted Barley Grooved - Trex Select 2.0 Decking,TREX,-- No Unilog Brand --,-- No DIB Brand --,Boise Cascade Building Materials (BOICA),Boise Cascade Building Materials,TREX®,,543005420,,Building Materials>Decking & Building Products>Composite Decking,"Boise Cascade Building Materials, Composite Decking & Trim, 543005420",COMPOSITE DECKING & TRIM,TREX® 543005420 Composite Decking & Trim,TREX® Composite Decking & Trim,Composite Decking & Trim,,,,,,,,,,,,,,,,,,,,,,,,,,,Composite Decking & Trim,Model,543005420,,,,,,,,,,,,,,,,,,,,,,,,,,,,,,,,,,,,,,,,,,,,,,,,,,,,,,,,,,,,,,,,,,,,,,,,,,,,,,,,,,,,,,,,,,,,,,,,,,,,,,,,,,,,,,,,,,,,,,,,,,,,,,,,,,,,,,,,,,,,,,,,,,,,,,,,,,,,,,,,,,,,,,,,TREX_543005420.jpg,,,,,,,,,TREX_543005420_Specification_Sheet.pdf,,,,,,,,,,,,,,,,,,No
,,,,,,46451534,Building Materials,Decking & Building Products,Composite Decking & Trim,2451534,1516891,7/8nx6-16' Millstone Sq Edge - Trex Select 2.0 Decking,TREX,-- No Unilog Brand --,-- No DIB Brand --,Boise Cascade Building Materials (BOICA),Boise Cascade Building Materials,TREX®,,1516891,,Building Materials>Decking & Building Products>Composite Decking,"Boise Cascade Building Materials, Composite Decking & Trim, 1516891",COMPOSITE DECKING & TRIM,TREX® 1516891 Composite Decking & Trim,TREX® Composite Decking & Trim,Composite Decking & Trim,,,,,,,,,,,,,,,,,,,,,,,,,,,Composite Decking & Trim,Model,1516891,,,,,,,,,,,,,,,,,,,,,,,,,,,,,,,,,,,,,,,,,,,,,,,,,,,,,,,,,,,,,,,,,,,,,,,,,,,,,,,,,,,,,,,,,,,,,,,,,,,,,,,,,,,,,,,,,,,,,,,,,,,,,,,,,,,,,,,,,,,,,,,,,,,,,,,,,,,,,,,,,,,,,,,,TREX_1516891.jpg,,,,,,,,,TREX_1516891_Specification_Sheet.pdf,,,,,,,,,,,,,,,,,,No
,,,,,,65307651,Building Materials,Decking & Building Products,Composite Decking & Trim,3307651,1516892,7/8nx6-20' Millstone Sq Edge -Trex Select 2.0 Decking,TREX,-- No Unilog Brand --,-- No DIB Brand --,Boise Cascade Building Materials (BOICA),Boise Cascade Building Materials,TREX®,,1516892,,Building Materials>Decking & Building Products>Composite Decking,"Boise Cascade Building Materials, Composite Decking & Trim, 1516892",COMPOSITE DECKING & TRIM,TREX® 1516892 Composite Decking & Trim,TREX® Composite Decking & Trim,Composite Decking & Trim,,,,,,,,,,,,,,,,,,,,,,,,,,,Composite Decking & Trim,Model,1516892,,,,,,,,,,,,,,,,,,,,,,,,,,,,,,,,,,,,,,,,,,,,,,,,,,,,,,,,,,,,,,,,,,,,,,,,,,,,,,,,,,,,,,,,,,,,,,,,,,,,,,,,,,,,,,,,,,,,,,,,,,,,,,,,,,,,,,,,,,,,,,,,,,,,,,,,,,,,,,,,,,,,,,,,TREX_1516892.jpg,,,,,,,,,TREX_1516892_Specification_Sheet.pdf,,,,,,,,,,,,,,,,,,No
,,,,,,34206899,Building Materials,Decking & Building Products,Composite Decking & Trim,8206899,1516893,7/8nx6-12' Millstone Grooved - Trex Select 2.0 Decking,TREX,-- No Unilog Brand --,-- No DIB Brand --,Boise Cascade Building Materials (BOICA),Boise Cascade Building Materials,TREX®,,1516893,,Building Materials>Decking & Building Products>Composite Decking,"Boise Cascade Building Materials, Composite Decking & Trim, 1516893",COMPOSITE DECKING & TRIM,TREX® 1516893 Composite Decking & Trim,TREX® Composite Decking & Trim,Composite Decking & Trim,,,,,,,,,,,,,,,,,,,,,,,,,,,Composite Decking & Trim,Model,1516893,,,,,,,,,,,,,,,,,,,,,,,,,,,,,,,,,,,,,,,,,,,,,,,,,,,,,,,,,,,,,,,,,,,,,,,,,,,,,,,,,,,,,,,,,,,,,,,,,,,,,,,,,,,,,,,,,,,,,,,,,,,,,,,,,,,,,,,,,,,,,,,,,,,,,,,,,,,,,,,,,,,,,,,,TREX_1516893.jpg,,,,,,,,,TREX_1516893_Specification_Sheet.pdf,,,,,,,,,,,,,,,,,,No
,,,,,,65740462,Building Materials,Decking & Building Products,Composite Decking & Trim,3740462,1516894,7/8nx6-16' Millstone Grooved - Trex Select 2.0 Decking,TREX,-- No Unilog Brand --,-- No DIB Brand --,Boise Cascade Building Materials (BOICA),Boise Cascade Building Materials,TREX®,,1516894,,Building Materials>Decking & Building Products>Composite Decking,"Boise Cascade Building Materials, Composite Decking & Trim, 1516894",COMPOSITE DECKING & TRIM,TREX® 1516894 Composite Decking & Trim,TREX® Composite Decking & Trim,Composite Decking & Trim,,,,,,,,,,,,,,,,,,,,,,,,,,,Composite Decking & Trim,Model,1516894,,,,,,,,,,,,,,,,,,,,,,,,,,,,,,,,,,,,,,,,,,,,,,,,,,,,,,,,,,,,,,,,,,,,,,,,,,,,,,,,,,,,,,,,,,,,,,,,,,,,,,,,,,,,,,,,,,,,,,,,,,,,,,,,,,,,,,,,,,,,,,,,,,,,,,,,,,,,,,,,,,,,,,,,TREX_1516894.jpg,,,,,,,,,TREX_1516894_Specification_Sheet.pdf,,,,,,,,,,,,,,,,,,No
,,,,,,64074287,Building Materials,Decking & Building Products,Composite Decking & Trim,2074287,1516895,7/8nx6-20' Millstone Grooved - Trex Select 2.0 Decking,TREX,-- No Unilog Brand --,-- No DIB Brand --,Boise Cascade Building Materials (BOICA),Boise Cascade Building Materials,TREX®,,1516895,,Building Materials>Decking & Building Products>Composite Decking,"Boise Cascade Building Materials, Composite Decking & Trim, 1516895",COMPOSITE DECKING & TRIM,TREX® 1516895 Composite Decking & Trim,TREX® Composite Decking & Trim,Composite Decking & Trim,,,,,,,,,,,,,,,,,,,,,,,,,,,Composite Decking & Trim,Model,1516895,,,,,,,,,,,,,,,,,,,,,,,,,,,,,,,,,,,,,,,,,,,,,,,,,,,,,,,,,,,,,,,,,,,,,,,,,,,,,,,,,,,,,,,,,,,,,,,,,,,,,,,,,,,,,,,,,,,,,,,,,,,,,,,,,,,,,,,,,,,,,,,,,,,,,,,,,,,,,,,,,,,,,,,,TREX_1516895.jpg,,,,,,,,,TREX_1516895_Specification_Sheet.pdf,,,,,,,,,,,,,,,,,,No
,,,,,,97696012,Building Materials,Decking & Building Products,Composite Decking & Trim,8696012,543007016,7/8nx6-16' Whiskey Barrel Sq Edge - Trex Select 2.0 Decking,TREX,-- No Unilog Brand --,-- No DIB Brand --,Boise Cascade Building Materials (BOICA),Boise Cascade Building Materials,TREX®,,543007016,,Building Materials>Decking & Building Products>Composite Decking,"Boise Cascade Building Materials, Composite Decking & Trim, 543007016",COMPOSITE DECKING & TRIM,TREX® 543007016 Composite Decking & Trim,TREX® Composite Decking & Trim,Composite Decking & Trim,,,,,,,,,,,,,,,,,,,,,,,,,,,Composite Decking & Trim,Model,543007016,,,,,,,,,,,,,,,,,,,,,,,,,,,,,,,,,,,,,,,,,,,,,,,,,,,,,,,,,,,,,,,,,,,,,,,,,,,,,,,,,,,,,,,,,,,,,,,,,,,,,,,,,,,,,,,,,,,,,,,,,,,,,,,,,,,,,,,,,,,,,,,,,,,,,,,,,,,,,,,,,,,,,,,,TREX_543007016.jpg,,,,,,,,,TREX_543007016_Specification_Sheet.pdf,,,,,,,,,,,,,,,,,,No
,,,,,,86877061,Building Materials,Decking & Building Products,Composite Decking & Trim,6877061,543007020,7/8nx6-20' Whiskey Barrel Sq Edge - Trex Select 2.0 Decking,TREX,-- No Unilog Brand --,-- No DIB Brand --,Boise Cascade Building Materials (BOICA),Boise Cascade Building Materials,TREX®,,543007020,,Building Materials>Decking & Building Products>Composite Decking,"Boise Cascade Building Materials, Composite Decking & Trim, 543007020",COMPOSITE DECKING & TRIM,TREX® 543007020 Composite Decking & Trim,TREX® Composite Decking & Trim,Composite Decking & Trim,,,,,,,,,,,,,,,,,,,,,,,,,,,Composite Decking & Trim,Model,543007020,,,,,,,,,,,,,,,,,,,,,,,,,,,,,,,,,,,,,,,,,,,,,,,,,,,,,,,,,,,,,,,,,,,,,,,,,,,,,,,,,,,,,,,,,,,,,,,,,,,,,,,,,,,,,,,,,,,,,,,,,,,,,,,,,,,,,,,,,,,,,,,,,,,,,,,,,,,,,,,,,,,,,,,,TREX_543007020.jpg,,,,,,,,,TREX_543007020_Specification_Sheet.pdf,,,,,,,,,,,,,,,,,,No
,,,,,,61040105,Building Materials,Decking & Building Products,Composite Decking & Trim,8040105,543007412,7/8nx6-12' Whiskey Barrel Grooved - Trex Select 2.0 Decking,TREX,-- No Unilog Brand --,-- No DIB Brand --,Boise Cascade Building Materials (BOICA),Boise Cascade Building Materials,TREX®,,543007412,,Building Materials>Decking & Building Products>Composite Decking,"Boise Cascade Building Materials, Composite Decking & Trim, 543007412",COMPOSITE DECKING & TRIM,TREX® 543007412 Composite Decking & Trim,TREX® Composite Decking & Trim,Composite Decking & Trim,,,,,,,,,,,,,,,,,,,,,,,,,,,Composite Decking & Trim,Model,543007412,,,,,,,,,,,,,,,,,,,,,,,,,,,,,,,,,,,,,,,,,,,,,,,,,,,,,,,,,,,,,,,,,,,,,,,,,,,,,,,,,,,,,,,,,,,,,,,,,,,,,,,,,,,,,,,,,,,,,,,,,,,,,,,,,,,,,,,,,,,,,,,,,,,,,,,,,,,,,,,,,,,,,,,,TREX_543007412.jpg,,,,,,,,,TREX_543007412_Specification_Sheet.pdf,,,,,,,,,,,,,,,,,,No
,,,,,,68737954,Building Materials,Decking & Building Products,Composite Decking & Trim,6737954,543007416,7/8nx6-16' Whiskey Barrel Grooved - Trex Select 2.0 Decking,TREX,-- No Unilog Brand --,-- No DIB Brand --,Boise Cascade Building Materials (BOICA),Boise Cascade Building Materials,TREX®,,543007416,,Building Materials>Decking & Building Products>Composite Decking,"Boise Cascade Building Materials, Composite Decking & Trim, 543007416",COMPOSITE DECKING & TRIM,TREX® 543007416 Composite Decking & Trim,TREX® Composite Decking & Trim,Composite Decking & Trim,,,,,,,,,,,,,,,,,,,,,,,,,,,Composite Decking & Trim,Model,543007416,,,,,,,,,,,,,,,,,,,,,,,,,,,,,,,,,,,,,,,,,,,,,,,,,,,,,,,,,,,,,,,,,,,,,,,,,,,,,,,,,,,,,,,,,,,,,,,,,,,,,,,,,,,,,,,,,,,,,,,,,,,,,,,,,,,,,,,,,,,,,,,,,,,,,,,,,,,,,,,,,,,,,,,,TREX_543007416.jpg,,,,,,,,,TREX_543007416_Specification_Sheet.pdf,,,,,,,,,,,,,,,,,,No
,,,,,,20918089,Building Materials,Decking & Building Products,Composite Decking & Trim,3918089,543007420,7/8nx6-20' Whiskey Barrel Grooved - Trex Select 2.0 Decking,TREX,-- No Unilog Brand --,-- No DIB Brand --,Boise Cascade Building Materials (BOICA),Boise Cascade Building Materials,TREX®,,543007420,,Building Materials>Decking & Building Products>Composite Decking,"Boise Cascade Building Materials, Composite Decking & Trim, 543007420",COMPOSITE DECKING & TRIM,TREX® 543007420 Composite Decking & Trim,TREX® Composite Decking & Trim,Composite Decking & Trim,,,,,,,,,,,,,,,,,,,,,,,,,,,Composite Decking & Trim,Model,543007420,,,,,,,,,,,,,,,,,,,,,,,,,,,,,,,,,,,,,,,,,,,,,,,,,,,,,,,,,,,,,,,,,,,,,,,,,,,,,,,,,,,,,,,,,,,,,,,,,,,,,,,,,,,,,,,,,,,,,,,,,,,,,,,,,,,,,,,,,,,,,,,,,,,,,,,,,,,,,,,,,,,,,,,,TREX_543007420.jpg,,,,,,,,,TREX_543007420_Specification_Sheet.pdf,,,,,,,,,,,,,,,,,,No
,,,,,,96560521,Building Materials,Decking & Building Products,Composite Decking & Trim,7560521,ADR5117512CS,1x12-12' Coastline - Vintage Azek PVC Fascia,TIMBERTECH,-- No Unilog Brand --,-- No DIB Brand --,Parksite (6151),Parksite,TIMBERTECH®,,ADR5117512CS,ADR5117512CG,Building Materials>Decking & Building Products>Composite Decking,"Parksite, Composite Decking & Trim, ADR5117512CS",COMPOSITE DECKING & TRIM,TIMBERTECH® ADR5117512CS Composite Decking & Trim,TIMBERTECH® Composite Decking & Trim,Composite Decking & Trim,,,,,,,,,,,,,,,,,,,,,,,,,,,Composite Decking & Trim,Model,ADR5117512CS,,,,,,,,,,,,,,,,,,,,,,,,,,,,,,,,,,,,,,,,,,,,,,,,,,,,,,,,,,,,,,,,,,,,,,,,,,,,,,,,,,,,,,,,,,,,,,,,,,,,,,,,,,,,,,,,,,,,,,,,,,,,,,,,,,,,,,,,,,,,,,,,,,,,,,,,,,,,,,,,,,,,,,,,TIMBERTECH_ADR5117512CS.jpg,,,,,,,,,TIMBERTECH_ADR5117512CS_Specification_Sheet.pdf,,,,,,,,,,,,,,,,,,No
,,,,,,23301866,Building Materials,Decking & Building Products,Composite Decking & Trim,6301866,ADR5117512MH,1x12-12' Mahogany - Vintage Azek PVC Fascia,TIMBERTECH,-- No Unilog Brand --,-- No DIB Brand --,Parksite (6151),Parksite,TIMBERTECH®,,ADR5117512MH,,Building Materials>Decking & Building Products>Composite Decking,"Parksite, Composite Decking & Trim, ADR5117512MH",COMPOSITE DECKING & TRIM,TIMBERTECH® ADR5117512MH Composite Decking & Trim,TIMBERTECH® Composite Decking & Trim,Composite Decking & Trim,,,,,,,,,,,,,,,,,,,,,,,,,,,Composite Decking & Trim,Model,ADR5117512MH,,,,,,,,,,,,,,,,,,,,,,,,,,,,,,,,,,,,,,,,,,,,,,,,,,,,,,,,,,,,,,,,,,,,,,,,,,,,,,,,,,,,,,,,,,,,,,,,,,,,,,,,,,,,,,,,,,,,,,,,,,,,,,,,,,,,,,,,,,,,,,,,,,,,,,,,,,,,,,,,,,,,,,,,TIMBERTECH_ADR5117512MH.jpg,,,,,,,,,TIMBERTECH_ADR5117512MH_Specification_Sheet.pdf,,,,,,,,,,,,,,,,,,No
,,,,,,50136785,Building Materials,Decking & Building Products,Composite Decking & Trim,6136785,ADR5117512WT,1x12-12' Weathered Teak - Vintage Azek PVC Fascia,TIMBERTECH,-- No Unilog Brand --,-- No DIB Brand --,Parksite (6151),Parksite,TIMBERTECH®,,ADR5117512WT,"ADR5117512AW, ADR5117512FW",Building Materials>Decking & Building Products>Composite Decking,"Parksite, Composite Decking & Trim, ADR5117512WT",COMPOSITE DECKING & TRIM,TIMBERTECH® ADR5117512WT Composite Decking & Trim,TIMBERTECH® Composite Decking & Trim,Composite Decking & Trim,,,,,,,,,,,,,,,,,,,,,,,,,,,Composite Decking & Trim,Model,ADR5117512WT,,,,,,,,,,,,,,,,,,,,,,,,,,,,,,,,,,,,,,,,,,,,,,,,,,,,,,,,,,,,,,,,,,,,,,,,,,,,,,,,,,,,,,,,,,,,,,,,,,,,,,,,,,,,,,,,,,,,,,,,,,,,,,,,,,,,,,,,,,,,,,,,,,,,,,,,,,,,,,,,,,,,,,,,TIMBERTECH_ADR5117512WT.jpg,,,,,,,,,TIMBERTECH_ADR5117512WT_Specification_Sheet.pdf,,,,,,,,,,,,,,,,,,No
,,,,,,27177362,Building Materials,Decking & Building Products,Composite Decking & Trim,1177362,ADR5117512AW,1x12-12' American Walnut - Landmark Azek PVC Fascia,TIMBERTECH,-- No Unilog Brand --,-- No DIB Brand --,Parksite (6151),Parksite,TIMBERTECH®,,ADR5117512AW,"ADR5117512FW, ADR5117512WT",Building Materials>Decking & Building Products>Composite Decking,"Parksite, Composite Decking & Trim, ADR5117512AW",COMPOSITE DECKING & TRIM,TIMBERTECH® ADR5117512AW Composite Decking & Trim,TIMBERTECH® Composite Decking & Trim,Composite Decking & Trim,,,,,,,,,,,,,,,,,,,,,,,,,,,Composite Decking & Trim,Model,ADR5117512AW,,,,,,,,,,,,,,,,,,,,,,,,,,,,,,,,,,,,,,,,,,,,,,,,,,,,,,,,,,,,,,,,,,,,,,,,,,,,,,,,,,,,,,,,,,,,,,,,,,,,,,,,,,,,,,,,,,,,,,,,,,,,,,,,,,,,,,,,,,,,,,,,,,,,,,,,,,,,,,,,,,,,,,,,TIMBERTECH_ADR5117512AW.jpg,,,,,,,,,TIMBERTECH_ADR5117512AW_Specification_Sheet.pdf,,,,,,,,,,,,,,,,,,No
,,,,,,42820469,Building Materials,Decking & Building Products,Composite Decking & Trim,7820469,ADR5117512CG,1x12-12' Castle Gate - Landmark Azek PVC Fascia,TIMBERTECH,-- No Unilog Brand --,-- No DIB Brand --,Parksite (6151),Parksite,TIMBERTECH®,,ADR5117512CG,ADR5117512CS,Building Materials>Decking & Building Products>Composite Decking,"Parksite, Composite Decking & Trim, ADR5117512CG",COMPOSITE DECKING & TRIM,TIMBERTECH® ADR5117512CG Composite Decking & Trim,TIMBERTECH® Composite Decking & Trim,Composite Decking & Trim,,,,,,,,,,,,,,,,,,,,,,,,,,,Composite Decking & Trim,Model,ADR5117512CG,,,,,,,,,,,,,,,,,,,,,,,,,,,,,,,,,,,,,,,,,,,,,,,,,,,,,,,,,,,,,,,,,,,,,,,,,,,,,,,,,,,,,,,,,,,,,,,,,,,,,,,,,,,,,,,,,,,,,,,,,,,,,,,,,,,,,,,,,,,,,,,,,,,,,,,,,,,,,,,,,,,,,,,,TIMBERTECH_ADR5117512CG.jpg,,,,,,,,,TIMBERTECH_ADR5117512CG_Specification_Sheet.pdf,,,,,,,,,,,,,,,,,,No
,,,,,,15486505,Building Materials,Decking & Building Products,Composite Decking & Trim,7486505,ADR5117512FW,1x12-12' French White Oak - Landmark Azek PVC Fascia,TIMBERTECH,-- No Unilog Brand --,-- No DIB Brand --,Parksite (6151),Parksite,TIMBERTECH®,,ADR5117512FW,"ADR5117512AW, ADR5117512WT",Building Materials>Decking & Building Products>Composite Decking,"Parksite, Composite Decking & Trim, ADR5117512FW",COMPOSITE DECKING & TRIM,TIMBERTECH® ADR5117512FW Composite Decking & Trim,TIMBERTECH® Composite Decking & Trim,Composite Decking & Trim,,,,,,,,,,,,,,,,,,,,,,,,,,,Composite Decking & Trim,Model,ADR5117512FW,,,,,,,,,,,,,,,,,,,,,,,,,,,,,,,,,,,,,,,,,,,,,,,,,,,,,,,,,,,,,,,,,,,,,,,,,,,,,,,,,,,,,,,,,,,,,,,,,,,,,,,,,,,,,,,,,,,,,,,,,,,,,,,,,,,,,,,,,,,,,,,,,,,,,,,,,,,,,,,,,,,,,,,,TIMBERTECH_ADR5117512FW.jpg,,,,,,,,,TIMBERTECH_ADR5117512FW_Specification_Sheet.pdf,,,,,,,,,,,,,,,,,,No
,,,,,,75447717,Building Materials,Decking & Building Products,Composite Decking & Trim,4447717,1508395,1x8-12' Brownstone - Harvest Azek PVC Fascia,TIMBERTECH,-- No Unilog Brand --,-- No DIB Brand --,Parksite (6151),Parksite,TIMBERTECH®,,1508395,,Building Materials>Decking & Building Products>Composite Decking,"Parksite, Composite Decking & Trim, 1508395",COMPOSITE DECKING & TRIM,TIMBERTECH® 1508395 Composite Decking & Trim,TIMBERTECH® Composite Decking & Trim,Composite Decking & Trim,,,,,,,,,,,,,,,,,,,,,,,,,,,Composite Decking & Trim,Model,1508395,,,,,,,,,,,,,,,,,,,,,,,,,,,,,,,,,,,,,,,,,,,,,,,,,,,,,,,,,,,,,,,,,,,,,,,,,,,,,,,,,,,,,,,,,,,,,,,,,,,,,,,,,,,,,,,,,,,,,,,,,,,,,,,,,,,,,,,,,,,,,,,,,,,,,,,,,,,,,,,,,,,,,,,,TIMBERTECH_1508395.jpg,,,,,,,,,TIMBERTECH_1508395_Specification_Sheet.pdf,,,,,,,,,,,,,,,,,,No
,,,,,,46192064,Building Materials,Decking & Building Products,Composite Decking & Trim,2192064,1508396,1x8-12' Slate Gray - Harvest Azek PVC Fascia,TIMBERTECH,-- No Unilog Brand --,-- No DIB Brand --,Parksite (6151),Parksite,TIMBERTECH®,,1508396,,Building Materials>Decking & Building Products>Composite Decking,"Parksite, Composite Decking & Trim, 1508396",COMPOSITE DECKING & TRIM,TIMBERTECH® 1508396 Composite Decking & Trim,TIMBERTECH® Composite Decking & Trim,Composite Decking & Trim,,,,,,,,,,,,,,,,,,,,,,,,,,,Composite Decking & Trim,Model,1508396,,,,,,,,,,,,,,,,,,,,,,,,,,,,,,,,,,,,,,,,,,,,,,,,,,,,,,,,,,,,,,,,,,,,,,,,,,,,,,,,,,,,,,,,,,,,,,,,,,,,,,,,,,,,,,,,,,,,,,,,,,,,,,,,,,,,,,,,,,,,,,,,,,,,,,,,,,,,,,,,,,,,,,,,TIMBERTECH_1508396.jpg,,,,,,,,,TIMBERTECH_1508396_Specification_Sheet.pdf,,,,,,,,,,,,,,,,,,No
,,,,,,78175453,Building Materials,Decking & Building Products,Composite Decking & Trim,7175453,ADCR5117512BS,1x12-12' Brownstone - Harvest Azek PVC Fascia,TIMBERTECH,-- No Unilog Brand --,-- No DIB Brand --,Parksite (6151),Parksite,TIMBERTECH®,,ADCR5117512BS,ADCR5117512SG,Building Materials>Decking & Building Products>Composite Decking,"Parksite, Composite Decking & Trim, ADCR5117512BS",COMPOSITE DECKING & TRIM,TIMBERTECH® ADCR5117512BS Composite Decking & Trim,TIMBERTECH® Composite Decking & Trim,Composite Decking & Trim,,,,,,,,,,,,,,,,,,,,,,,,,,,Composite Decking & Trim,Model,ADCR5117512BS,,,,,,,,,,,,,,,,,,,,,,,,,,,,,,,,,,,,,,,,,,,,,,,,,,,,,,,,,,,,,,,,,,,,,,,,,,,,,,,,,,,,,,,,,,,,,,,,,,,,,,,,,,,,,,,,,,,,,,,,,,,,,,,,,,,,,,,,,,,,,,,,,,,,,,,,,,,,,,,,,,,,,,,,TIMBERTECH_ADCR5117512BS.jpg,,,,,,,,,TIMBERTECH_ADCR5117512BS_Specification_Sheet.pdf,,,,,,,,,,,,,,,,,,No
,,,,,,36613804,Building Materials,Decking & Building Products,Composite Decking & Trim,1613804,ADCR5117512SG,1x12-12' Slate Gray - Harvest Azek PVC Fascia,TIMBERTECH,-- No Unilog Brand --,-- No DIB Brand --,Parksite (6151),Parksite,TIMBERTECH®,,ADCR5117512SG,ADCR5117512BS,Building Materials>Decking & Building Products>Composite Decking,"Parksite, Composite Decking & Trim, ADCR5117512SG",COMPOSITE DECKING & TRIM,TIMBERTECH® ADCR5117512SG Composite Decking & Trim,TIMBERTECH® Composite Decking & Trim,Composite Decking & Trim,,,,,,,,,,,,,,,,,,,,,,,,,,,Composite Decking & Trim,Model,ADCR5117512SG,,,,,,,,,,,,,,,,,,,,,,,,,,,,,,,,,,,,,,,,,,,,,,,,,,,,,,,,,,,,,,,,,,,,,,,,,,,,,,,,,,,,,,,,,,,,,,,,,,,,,,,,,,,,,,,,,,,,,,,,,,,,,,,,,,,,,,,,,,,,,,,,,,,,,,,,,,,,,,,,,,,,,,,,TIMBERTECH_ADCR5117512SG.jpg,,,,,,,,,TIMBERTECH_ADCR5117512SG_Specification_Sheet.pdf,,,,,,,,,,,,,,,,,,No
,,,,,,81726037,Building Materials,Decking & Building Products,Composite Decking & Trim,1726037,543140908,1x8-12' Biscayne - Trex Lineage,TREX,-- No Unilog Brand --,-- No DIB Brand --,U S Lumber (3073),U S Lumber,TREX®,,543140908,,Building Materials>Decking & Building Products>Composite Decking,"U S Lumber, Composite Decking & Trim, 543140908",COMPOSITE DECKING & TRIM,TREX® 543140908 Composite Decking & Trim,TREX® Composite Decking & Trim,Composite Decking & Trim,,,,,,,,,,,,,,,,,,,,,,,,,,,Composite Decking & Trim,Model,543140908,,,,,,,,,,,,,,,,,,,,,,,,,,,,,,,,,,,,,,,,,,,,,,,,,,,,,,,,,,,,,,,,,,,,,,,,,,,,,,,,,,,,,,,,,,,,,,,,,,,,,,,,,,,,,,,,,,,,,,,,,,,,,,,,,,,,,,,,,,,,,,,,,,,,,,,,,,,,,,,,,,,,,,,,TREX_543140908.jpg,,,,,,,,,TREX_543140908_Specification_Sheet.pdf,,,,,,,,,,,,,,,,,,No
,,,,,,67853348,Building Materials,Decking & Building Products,Composite Decking & Trim,5853348,543142908,1x8-12' Carmel - Trex Lineage,TREX,-- No Unilog Brand --,-- No DIB Brand --,U S Lumber (3073),U S Lumber,TREX®,,543142908,,Building Materials>Decking & Building Products>Composite Decking,"U S Lumber, Composite Decking & Trim, 543142908",COMPOSITE DECKING & TRIM,TREX® 543142908 Composite Decking & Trim,TREX® Composite Decking & Trim,Composite Decking & Trim,,,,,,,,,,,,,,,,,,,,,,,,,,,Composite Decking & Trim,Model,543142908,,,,,,,,,,,,,,,,,,,,,,,,,,,,,,,,,,,,,,,,,,,,,,,,,,,,,,,,,,,,,,,,,,,,,,,,,,,,,,,,,,,,,,,,,,,,,,,,,,,,,,,,,,,,,,,,,,,,,,,,,,,,,,,,,,,,,,,,,,,,,,,,,,,,,,,,,,,,,,,,,,,,,,,,TREX_543142908.jpg,,,,,,,,,TREX_543142908_Specification_Sheet.pdf,,,,,,,,,,,,,,,,,,No
,,,,,,37882427,Building Materials,Decking & Building Products,Composite Decking & Trim,2882427,543143908,1x8-12' Jasper - Trex Lineage,TREX,-- No Unilog Brand --,-- No DIB Brand --,U S Lumber (3073),U S Lumber,TREX®,,543143908,,Building Materials>Decking & Building Products>Composite Decking,"U S Lumber, Composite Decking & Trim, 543143908",COMPOSITE DECKING & TRIM,TREX® 543143908 Composite Decking & Trim,TREX® Composite Decking & Trim,Composite Decking & Trim,,,,,,,,,,,,,,,,,,,,,,,,,,,Composite Decking & Trim,Model,543143908,,,,,,,,,,,,,,,,,,,,,,,,,,,,,,,,,,,,,,,,,,,,,,,,,,,,,,,,,,,,,,,,,,,,,,,,,,,,,,,,,,,,,,,,,,,,,,,,,,,,,,,,,,,,,,,,,,,,,,,,,,,,,,,,,,,,,,,,,,,,,,,,,,,,,,,,,,,,,,,,,,,,,,,,TREX_543143908.jpg,,,,,,,,,TREX_543143908_Specification_Sheet.pdf,,,,,,,,,,,,,,,,,,No
,,,,,,29809269,Building Materials,Decking & Building Products,Composite Decking & Trim,3809269,543140912,1x12-12' Biscayne - Trex Lineage,TREX,-- No Unilog Brand --,-- No DIB Brand --,U S Lumber (3073),U S Lumber,TREX®,,543140912,,Building Materials>Decking & Building Products>Composite Decking,"U S Lumber, Composite Decking & Trim, 543140912",COMPOSITE DECKING & TRIM,TREX® 543140912 Composite Decking & Trim,TREX® Composite Decking & Trim,Composite Decking & Trim,,,,,,,,,,,,,,,,,,,,,,,,,,,Composite Decking & Trim,Model,543140912,,,,,,,,,,,,,,,,,,,,,,,,,,,,,,,,,,,,,,,,,,,,,,,,,,,,,,,,,,,,,,,,,,,,,,,,,,,,,,,,,,,,,,,,,,,,,,,,,,,,,,,,,,,,,,,,,,,,,,,,,,,,,,,,,,,,,,,,,,,,,,,,,,,,,,,,,,,,,,,,,,,,,,,,TREX_543140912.jpg,,,,,,,,,TREX_543140912_Specification_Sheet.pdf,,,,,,,,,,,,,,,,,,No
,,,,,,98407388,Building Materials,Decking & Building Products,Composite Decking & Trim,9407388,543142912,1x12-12' Carmel - Trex Lineage,TREX,-- No Unilog Brand --,-- No DIB Brand --,U S Lumber (3073),U S Lumber,TREX®,,543142912,,Building Materials>Decking & Building Products>Composite Decking,"U S Lumber, Composite Decking & Trim, 543142912",COMPOSITE DECKING & TRIM,TREX® 543142912 Composite Decking & Trim,TREX® Composite Decking & Trim,Composite Decking & Trim,,,,,,,,,,,,,,,,,,,,,,,,,,,Composite Decking & Trim,Model,543142912,,,,,,,,,,,,,,,,,,,,,,,,,,,,,,,,,,,,,,,,,,,,,,,,,,,,,,,,,,,,,,,,,,,,,,,,,,,,,,,,,,,,,,,,,,,,,,,,,,,,,,,,,,,,,,,,,,,,,,,,,,,,,,,,,,,,,,,,,,,,,,,,,,,,,,,,,,,,,,,,,,,,,,,,TREX_543142912.jpg,,,,,,,,,TREX_543142912_Specification_Sheet.pdf,,,,,,,,,,,,,,,,,,No
,,,,,,54319985,Building Materials,Decking & Building Products,Composite Decking & Trim,1319985,543143912,1x12-12' Jasper - Trex Lineage,TREX,-- No Unilog Brand --,-- No DIB Brand --,U S Lumber (3073),U S Lumber,TREX®,,543143912,,Building Materials>Decking & Building Products>Composite Decking,"U S Lumber, Composite Decking & Trim, 543143912",COMPOSITE DECKING & TRIM,TREX® 543143912 Composite Decking & Trim,TREX® Composite Decking & Trim,Composite Decking & Trim,,,,,,,,,,,,,,,,,,,,,,,,,,,Composite Decking & Trim,Model,543143912,,,,,,,,,,,,,,,,,,,,,,,,,,,,,,,,,,,,,,,,,,,,,,,,,,,,,,,,,,,,,,,,,,,,,,,,,,,,,,,,,,,,,,,,,,,,,,,,,,,,,,,,,,,,,,,,,,,,,,,,,,,,,,,,,,,,,,,,,,,,,,,,,,,,,,,,,,,,,,,,,,,,,,,,TREX_543143912.jpg,,,,,,,,,TREX_543143912_Specification_Sheet.pdf,,,,,,,,,,,,,,,,,,No
,,,,,,68852883,Building Materials,Decking & Building Products,Composite Decking & Trim,6852883,1513715,1x12-12' Hatteras - Trex Lineage,TREX,-- No Unilog Brand --,-- No DIB Brand --,Boise Cascade Building Materials (BOICA),Boise Cascade Building Materials,TREX®,,1513715,,Building Materials>Decking & Building Products>Composite Decking,"Boise Cascade Building Materials, Composite Decking & Trim, 1513715",COMPOSITE DECKING & TRIM,TREX® 1513715 Composite Decking & Trim,TREX® Composite Decking & Trim,Composite Decking & Trim,,,,,,,,,,,,,,,,,,,,,,,,,,,Composite Decking & Trim,Model,1513715,,,,,,,,,,,,,,,,,,,,,,,,,,,,,,,,,,,,,,,,,,,,,,,,,,,,,,,,,,,,,,,,,,,,,,,,,,,,,,,,,,,,,,,,,,,,,,,,,,,,,,,,,,,,,,,,,,,,,,,,,,,,,,,,,,,,,,,,,,,,,,,,,,,,,,,,,,,,,,,,,,,,,,,,TREX_1513715.jpg,,,,,,,,,TREX_1513715_Specification_Sheet.pdf,,,,,,,,,,,,,,,,,,No
,,,,,,99955788,Building Materials,Decking & Building Products,Composite Decking & Trim,1955788,1513716,1x12-12' Salt Flat - Trex Lineage,TREX,-- No Unilog Brand --,-- No DIB Brand --,Boise Cascade Building Materials (BOICA),Boise Cascade Building Materials,TREX®,,1513716,,Building Materials>Decking & Building Products>Composite Decking,"Boise Cascade Building Materials, Composite Decking & Trim, 1513716",COMPOSITE DECKING & TRIM,TREX® 1513716 Composite Decking & Trim,TREX® Composite Decking & Trim,Composite Decking & Trim,,,,,,,,,,,,,,,,,,,,,,,,,,,Composite Decking & Trim,Model,1513716,,,,,,,,,,,,,,,,,,,,,,,,,,,,,,,,,,,,,,,,,,,,,,,,,,,,,,,,,,,,,,,,,,,,,,,,,,,,,,,,,,,,,,,,,,,,,,,,,,,,,,,,,,,,,,,,,,,,,,,,,,,,,,,,,,,,,,,,,,,,,,,,,,,,,,,,,,,,,,,,,,,,,,,,TREX_1513716.jpg,,,,,,,,,TREX_1513716_Specification_Sheet.pdf,,,,,,,,,,,,,,,,,,No
,,,,,,69319841,Building Materials,Decking & Building Products,Composite Decking & Trim,7319841,1513722,1x8-12' Honey Grove - Trex Enhance Naturals Fascia,TREX,-- No Unilog Brand --,-- No DIB Brand --,Boise Cascade Building Materials (BOICA),Boise Cascade Building Materials,TREX®,,1513722,,Building Materials>Decking & Building Products>Composite Decking,"Boise Cascade Building Materials, Composite Decking & Trim, 1513722",COMPOSITE DECKING & TRIM,TREX® 1513722 Composite Decking & Trim,TREX® Composite Decking & Trim,Composite Decking & Trim,,,,,,,,,,,,,,,,,,,,,,,,,,,Composite Decking & Trim,Model,1513722,,,,,,,,,,,,,,,,,,,,,,,,,,,,,,,,,,,,,,,,,,,,,,,,,,,,,,,,,,,,,,,,,,,,,,,,,,,,,,,,,,,,,,,,,,,,,,,,,,,,,,,,,,,,,,,,,,,,,,,,,,,,,,,,,,,,,,,,,,,,,,,,,,,,,,,,,,,,,,,,,,,,,,,,TREX_1513722.jpg,,,,,,,,,TREX_1513722_Specification_Sheet.pdf,,,,,,,,,,,,,,,,,,No
,,,,,,60697920,Building Materials,Decking & Building Products,Composite Decking & Trim,7697920,1513723,1x12-12' Honey Grove - Trex Enhance Naturals Fascia,TREX,-- No Unilog Brand --,-- No DIB Brand --,Boise Cascade Building Materials (BOICA),Boise Cascade Building Materials,TREX®,,1513723,,Building Materials>Decking & Building Products>Composite Decking,"Boise Cascade Building Materials, Composite Decking & Trim, 1513723",COMPOSITE DECKING & TRIM,TREX® 1513723 Composite Decking & Trim,TREX® Composite Decking & Trim,Composite Decking & Trim,,,,,,,,,,,,,,,,,,,,,,,,,,,Composite Decking & Trim,Model,1513723,,,,,,,,,,,,,,,,,,,,,,,,,,,,,,,,,,,,,,,,,,,,,,,,,,,,,,,,,,,,,,,,,,,,,,,,,,,,,,,,,,,,,,,,,,,,,,,,,,,,,,,,,,,,,,,,,,,,,,,,,,,,,,,,,,,,,,,,,,,,,,,,,,,,,,,,,,,,,,,,,,,,,,,,TREX_1513723.jpg,,,,,,,,,TREX_1513723_Specification_Sheet.pdf,,,,,,,,,,,,,,,,,,No
,,,,,,58524605,Building Materials,Decking & Building Products,Composite Decking & Trim,5524605,1513729,1x8-12' Tide Pool - Trex Enhance Basics Fascia,TREX,-- No Unilog Brand --,-- No DIB Brand --,Boise Cascade Building Materials (BOICA),Boise Cascade Building Materials,TREX®,,1513729,,Building Materials>Decking & Building Products>Composite Decking,"Boise Cascade Building Materials, Composite Decking & Trim, 1513729",COMPOSITE DECKING & TRIM,TREX® 1513729 Composite Decking & Trim,TREX® Composite Decking & Trim,Composite Decking & Trim,,,,,,,,,,,,,,,,,,,,,,,,,,,Composite Decking & Trim,Model,1513729,,,,,,,,,,,,,,,,,,,,,,,,,,,,,,,,,,,,,,,,,,,,,,,,,,,,,,,,,,,,,,,,,,,,,,,,,,,,,,,,,,,,,,,,,,,,,,,,,,,,,,,,,,,,,,,,,,,,,,,,,,,,,,,,,,,,,,,,,,,,,,,,,,,,,,,,,,,,,,,,,,,,,,,,TREX_1513729.jpg,,,,,,,,,TREX_1513729_Specification_Sheet.pdf,,,,,,,,,,,,,,,,,,No
,,,,,,57768204,Building Materials,Decking & Building Products,Composite Decking & Trim,4768204,1513730,1x12-12' Tide Pool - Trex Enhance Basics Fascia,TREX,-- No Unilog Brand --,-- No DIB Brand --,Boise Cascade Building Materials (BOICA),Boise Cascade Building Materials,TREX®,,1513730,,Building Materials>Decking & Building Products>Composite Decking,"Boise Cascade Building Materials, Composite Decking & Trim, 1513730",COMPOSITE DECKING & TRIM,TREX® 1513730 Composite Decking & Trim,TREX® Composite Decking & Trim,Composite Decking & Trim,,,,,,,,,,,,,,,,,,,,,,,,,,,Composite Decking & Trim,Model,1513730,,,,,,,,,,,,,,,,,,,,,,,,,,,,,,,,,,,,,,,,,,,,,,,,,,,,,,,,,,,,,,,,,,,,,,,,,,,,,,,,,,,,,,,,,,,,,,,,,,,,,,,,,,,,,,,,,,,,,,,,,,,,,,,,,,,,,,,,,,,,,,,,,,,,,,,,,,,,,,,,,,,,,,,,TREX_1513730.jpg,,,,,,,,,TREX_1513730_Specification_Sheet.pdf,,,,,,,,,,,,,,,,,,No
,,,,,,99398996,Building Materials,Decking & Building Products,Composite Decking & Trim,1398996,543076916,1x8-12' Cinnamon Cove - Trex Enhance Naturals Fascia,TREX,-- No Unilog Brand --,-- No DIB Brand --,Boise Cascade Building Materials (BOICA),Boise Cascade Building Materials,TREX®,,543076916,,Building Materials>Decking & Building Products>Composite Decking,"Boise Cascade Building Materials, Composite Decking & Trim, 543076916",COMPOSITE DECKING & TRIM,TREX® 543076916 Composite Decking & Trim,TREX® Composite Decking & Trim,Composite Decking & Trim,,,,,,,,,,,,,,,,,,,,,,,,,,,Composite Decking & Trim,Model,543076916,,,,,,,,,,,,,,,,,,,,,,,,,,,,,,,,,,,,,,,,,,,,,,,,,,,,,,,,,,,,,,,,,,,,,,,,,,,,,,,,,,,,,,,,,,,,,,,,,,,,,,,,,,,,,,,,,,,,,,,,,,,,,,,,,,,,,,,,,,,,,,,,,,,,,,,,,,,,,,,,,,,,,,,,TREX_543076916.jpg,,,,,,,,,TREX_543076916_Specification_Sheet.pdf,,,,,,,,,,,,,,,,,,No
,,,,,,28132749,Building Materials,Decking & Building Products,Composite Decking & Trim,2132749,1516876,1x8-12' Golden Hour - Trex Enhance Naturals Fascia,TREX,-- No Unilog Brand --,-- No DIB Brand --,Boise Cascade Building Materials (BOICA),Boise Cascade Building Materials,TREX®,,1516876,,Building Materials>Decking & Building Products>Composite Decking,"Boise Cascade Building Materials, Composite Decking & Trim, 1516876",COMPOSITE DECKING & TRIM,TREX® 1516876 Composite Decking & Trim,TREX® Composite Decking & Trim,Composite Decking & Trim,,,,,,,,,,,,,,,,,,,,,,,,,,,Composite Decking & Trim,Model,1516876,,,,,,,,,,,,,,,,,,,,,,,,,,,,,,,,,,,,,,,,,,,,,,,,,,,,,,,,,,,,,,,,,,,,,,,,,,,,,,,,,,,,,,,,,,,,,,,,,,,,,,,,,,,,,,,,,,,,,,,,,,,,,,,,,,,,,,,,,,,,,,,,,,,,,,,,,,,,,,,,,,,,,,,,TREX_1516876.jpg,,,,,,,,,TREX_1516876_Specification_Sheet.pdf,,,,,,,,,,,,,,,,,,No
,,,,,,57873688,Building Materials,Decking & Building Products,Composite Decking & Trim,4873688,543076936,1x12-12' Cinnamon Cove - Trex Enhance Naturals Fascia,TREX,-- No Unilog Brand --,-- No DIB Brand --,Boise Cascade Building Materials (BOICA),Boise Cascade Building Materials,TREX®,,543076936,,Building Materials>Decking & Building Products>Composite Decking,"Boise Cascade Building Materials, Composite Decking & Trim, 543076936",COMPOSITE DECKING & TRIM,TREX® 543076936 Composite Decking & Trim,TREX® Composite Decking & Trim,Composite Decking & Trim,,,,,,,,,,,,,,,,,,,,,,,,,,,Composite Decking & Trim,Model,543076936,,,,,,,,,,,,,,,,,,,,,,,,,,,,,,,,,,,,,,,,,,,,,,,,,,,,,,,,,,,,,,,,,,,,,,,,,,,,,,,,,,,,,,,,,,,,,,,,,,,,,,,,,,,,,,,,,,,,,,,,,,,,,,,,,,,,,,,,,,,,,,,,,,,,,,,,,,,,,,,,,,,,,,,,TREX_543076936.jpg,,,,,,,,,TREX_543076936_Specification_Sheet.pdf,,,,,,,,,,,,,,,,,,No
,,,,,,10728411,Building Materials,Decking & Building Products,Composite Decking & Trim,2728411,1516878,1x12-12' Golden Hour - Trex Enhance Naturals Fascia,TREX,-- No Unilog Brand --,-- No DIB Brand --,Boise Cascade Building Materials (BOICA),Boise Cascade Building Materials,TREX®,,1516878,,Building Materials>Decking & Building Products>Composite Decking,"Boise Cascade Building Materials, Composite Decking & Trim, 1516878",COMPOSITE DECKING & TRIM,TREX® 1516878 Composite Decking & Trim,TREX® Composite Decking & Trim,Composite Decking & Trim,,,,,,,,,,,,,,,,,,,,,,,,,,,Composite Decking & Trim,Model,1516878,,,,,,,,,,,,,,,,,,,,,,,,,,,,,,,,,,,,,,,,,,,,,,,,,,,,,,,,,,,,,,,,,,,,,,,,,,,,,,,,,,,,,,,,,,,,,,,,,,,,,,,,,,,,,,,,,,,,,,,,,,,,,,,,,,,,,,,,,,,,,,,,,,,,,,,,,,,,,,,,,,,,,,,,TREX_1516878.jpg,,,,,,,,,TREX_1516878_Specification_Sheet.pdf,,,,,,,,,,,,,,,,,,No
,,,,,,38159450,Building Materials,Decking & Building Products,Composite Decking & Trim,3159450,1516884,1x8-12' Pebble Beach - Trex Enhance Basics Fascia,TREX,-- No Unilog Brand --,-- No DIB Brand --,Boise Cascade Building Materials (BOICA),Boise Cascade Building Materials,TREX®,,1516884,,Building Materials>Decking & Building Products>Composite Decking,"Boise Cascade Building Materials, Composite Decking & Trim, 1516884",COMPOSITE DECKING & TRIM,TREX® 1516884 Composite Decking & Trim,TREX® Composite Decking & Trim,Composite Decking & Trim,,,,,,,,,,,,,,,,,,,,,,,,,,,Composite Decking & Trim,Model,1516884,,,,,,,,,,,,,,,,,,,,,,,,,,,,,,,,,,,,,,,,,,,,,,,,,,,,,,,,,,,,,,,,,,,,,,,,,,,,,,,,,,,,,,,,,,,,,,,,,,,,,,,,,,,,,,,,,,,,,,,,,,,,,,,,,,,,,,,,,,,,,,,,,,,,,,,,,,,,,,,,,,,,,,,,TREX_1516884.jpg,,,,,,,,,TREX_1516884_Specification_Sheet.pdf,,,,,,,,,,,,,,,,,,No
,,,,,,85712503,Building Materials,Decking & Building Products,Composite Decking & Trim,5712503,1516885,1x12-12' Pebble Beach - Trex Enhance Basics Fascia,TREX,-- No Unilog Brand --,-- No DIB Brand --,Boise Cascade Building Materials (BOICA),Boise Cascade Building Materials,TREX®,,1516885,,Building Materials>Decking & Building Products>Composite Decking,"Boise Cascade Building Materials, Composite Decking & Trim, 1516885",COMPOSITE DECKING & TRIM,TREX® 1516885 Composite Decking & Trim,TREX® Composite Decking & Trim,Composite Decking & Trim,,,,,,,,,,,,,,,,,,,,,,,,,,,Composite Decking & Trim,Model,1516885,,,,,,,,,,,,,,,,,,,,,,,,,,,,,,,,,,,,,,,,,,,,,,,,,,,,,,,,,,,,,,,,,,,,,,,,,,,,,,,,,,,,,,,,,,,,,,,,,,,,,,,,,,,,,,,,,,,,,,,,,,,,,,,,,,,,,,,,,,,,,,,,,,,,,,,,,,,,,,,,,,,,,,,,TREX_1516885.jpg,,,,,,,,,TREX_1516885_Specification_Sheet.pdf,,,,,,,,,,,,,,,,,,No
,,,,,,50820612,Building Materials,Decking & Building Products,Composite Decking & Trim,6820612,543005916,1x8-12' Malted Barley - Trex Select 2.0 Fascia,TREX,-- No Unilog Brand --,-- No DIB Brand --,Boise Cascade Building Materials (BOICA),Boise Cascade Building Materials,TREX®,,543005916,,Building Materials>Decking & Building Products>Composite Decking,"Boise Cascade Building Materials, Composite Decking & Trim, 543005916",COMPOSITE DECKING & TRIM,TREX® 543005916 Composite Decking & Trim,TREX® Composite Decking & Trim,Composite Decking & Trim,,,,,,,,,,,,,,,,,,,,,,,,,,,Composite Decking & Trim,Model,543005916,,,,,,,,,,,,,,,,,,,,,,,,,,,,,,,,,,,,,,,,,,,,,,,,,,,,,,,,,,,,,,,,,,,,,,,,,,,,,,,,,,,,,,,,,,,,,,,,,,,,,,,,,,,,,,,,,,,,,,,,,,,,,,,,,,,,,,,,,,,,,,,,,,,,,,,,,,,,,,,,,,,,,,,,TREX_543005916.jpg,,,,,,,,,TREX_543005916_Specification_Sheet.pdf,,,,,,,,,,,,,,,,,,No
,,,,,,27046184,Building Materials,Decking & Building Products,Composite Decking & Trim,1046184,1516902,1x8-12' Millstone - Trex Select 2.0 Fascia,TREX,-- No Unilog Brand --,-- No DIB Brand --,Boise Cascade Building Materials (BOICA),Boise Cascade Building Materials,TREX®,,1516902,,Building Materials>Decking & Building Products>Composite Decking,"Boise Cascade Building Materials, Composite Decking & Trim, 1516902",COMPOSITE DECKING & TRIM,TREX® 1516902 Composite Decking & Trim,TREX® Composite Decking & Trim,Composite Decking & Trim,,,,,,,,,,,,,,,,,,,,,,,,,,,Composite Decking & Trim,Model,1516902,,,,,,,,,,,,,,,,,,,,,,,,,,,,,,,,,,,,,,,,,,,,,,,,,,,,,,,,,,,,,,,,,,,,,,,,,,,,,,,,,,,,,,,,,,,,,,,,,,,,,,,,,,,,,,,,,,,,,,,,,,,,,,,,,,,,,,,,,,,,,,,,,,,,,,,,,,,,,,,,,,,,,,,,TREX_1516902.jpg,,,,,,,,,TREX_1516902_Specification_Sheet.pdf,,,,,,,,,,,,,,,,,,No
,,,,,,68218911,Building Materials,Decking & Building Products,Composite Decking & Trim,6218911,543007916,1x8-12' Whiskey Barrel - Trex Select 2.0 Fascia,TREX,-- No Unilog Brand --,-- No DIB Brand --,Boise Cascade Building Materials (BOICA),Boise Cascade Building Materials,TREX®,,543007916,,Building Materials>Decking & Building Products>Composite Decking,"Boise Cascade Building Materials, Composite Decking & Trim, 543007916",COMPOSITE DECKING & TRIM,TREX® 543007916 Composite Decking & Trim,TREX® Composite Decking & Trim,Composite Decking & Trim,,,,,,,,,,,,,,,,,,,,,,,,,,,Composite Decking & Trim,Model,543007916,,,,,,,,,,,,,,,,,,,,,,,,,,,,,,,,,,,,,,,,,,,,,,,,,,,,,,,,,,,,,,,,,,,,,,,,,,,,,,,,,,,,,,,,,,,,,,,,,,,,,,,,,,,,,,,,,,,,,,,,,,,,,,,,,,,,,,,,,,,,,,,,,,,,,,,,,,,,,,,,,,,,,,,,TREX_543007916.jpg,,,,,,,,,TREX_543007916_Specification_Sheet.pdf,,,,,,,,,,,,,,,,,,No
,,,,,,56173647,Building Materials,Decking & Building Products,Composite Decking & Trim,3173647,543005936,1x12-12' Malted Barley - Trex Select 2.0 Fascia,TREX,-- No Unilog Brand --,-- No DIB Brand --,Boise Cascade Building Materials (BOICA),Boise Cascade Building Materials,TREX®,,543005936,,Building Materials>Decking & Building Products>Composite Decking,"Boise Cascade Building Materials, Composite Decking & Trim, 543005936",COMPOSITE DECKING & TRIM,TREX® 543005936 Composite Decking & Trim,TREX® Composite Decking & Trim,Composite Decking & Trim,,,,,,,,,,,,,,,,,,,,,,,,,,,Composite Decking & Trim,Model,543005936,,,,,,,,,,,,,,,,,,,,,,,,,,,,,,,,,,,,,,,,,,,,,,,,,,,,,,,,,,,,,,,,,,,,,,,,,,,,,,,,,,,,,,,,,,,,,,,,,,,,,,,,,,,,,,,,,,,,,,,,,,,,,,,,,,,,,,,,,,,,,,,,,,,,,,,,,,,,,,,,,,,,,,,,TREX_543005936.jpg,,,,,,,,,TREX_543005936_Specification_Sheet.pdf,,,,,,,,,,,,,,,,,,No
,,,,,,24107747,Building Materials,Decking & Building Products,Composite Decking & Trim,7107747,1516905,1x12-12' Millstone - Trex Select 2.0 Fascia,TREX,-- No Unilog Brand --,-- No DIB Brand --,Boise Cascade Building Materials (BOICA),Boise Cascade Building Materials,TREX®,,1516905,,Building Materials>Decking & Building Products>Composite Decking,"Boise Cascade Building Materials, Composite Decking & Trim, 1516905",COMPOSITE DECKING & TRIM,TREX® 1516905 Composite Decking & Trim,TREX® Composite Decking & Trim,Composite Decking & Trim,,,,,,,,,,,,,,,,,,,,,,,,,,,Composite Decking & Trim,Model,1516905,,,,,,,,,,,,,,,,,,,,,,,,,,,,,,,,,,,,,,,,,,,,,,,,,,,,,,,,,,,,,,,,,,,,,,,,,,,,,,,,,,,,,,,,,,,,,,,,,,,,,,,,,,,,,,,,,,,,,,,,,,,,,,,,,,,,,,,,,,,,,,,,,,,,,,,,,,,,,,,,,,,,,,,,TREX_1516905.jpg,,,,,,,,,TREX_1516905_Specification_Sheet.pdf,,,,,,,,,,,,,,,,,,No
,,,,,,71321224,Building Materials,Decking & Building Products,Composite Decking & Trim,9321224,543007936,1x12-12' Whiskey Barrel - Trex Select 2.0 Fascia,TREX,-- No Unilog Brand --,-- No DIB Brand --,Boise Cascade Building Materials (BOICA),Boise Cascade Building Materials,TREX®,,543007936,,Building Materials>Decking & Building Products>Composite Decking,"Boise Cascade Building Materials, Composite Decking & Trim, 543007936",COMPOSITE DECKING & TRIM,TREX® 543007936 Composite Decking & Trim,TREX® Composite Decking & Trim,Composite Decking & Trim,,,,,,,,,,,,,,,,,,,,,,,,,,,Composite Decking & Trim,Model,543007936,,,,,,,,,,,,,,,,,,,,,,,,,,,,,,,,,,,,,,,,,,,,,,,,,,,,,,,,,,,,,,,,,,,,,,,,,,,,,,,,,,,,,,,,,,,,,,,,,,,,,,,,,,,,,,,,,,,,,,,,,,,,,,,,,,,,,,,,,,,,,,,,,,,,,,,,,,,,,,,,,,,,,,,,TREX_543007936.jpg,,,,,,,,,TREX_543007936_Specification_Sheet.pdf,,,,,,,,,,,,,,,,,,No
,,,,,,94613579,Building Materials,Decking & Building Products,Composite Decking & Trim,5613579,543144908,1x8-12' Island Mist - Trex Lineage,TREX,-- No Unilog Brand --,-- No DIB Brand --,U S Lumber (3073),U S Lumber,TREX®,,543144908,,Building Materials>Decking & Building Products>Composite Decking,"U S Lumber, Composite Decking & Trim, 543144908",COMPOSITE DECKING & TRIM,TREX® 543144908 Composite Decking & Trim,TREX® Composite Decking & Trim,Composite Decking & Trim,,,,,,,,,,,,,,,,,,,,,,,,,,,Composite Decking & Trim,Model,543144908,,,,,,,,,,,,,,,,,,,,,,,,,,,,,,,,,,,,,,,,,,,,,,,,,,,,,,,,,,,,,,,,,,,,,,,,,,,,,,,,,,,,,,,,,,,,,,,,,,,,,,,,,,,,,,,,,,,,,,,,,,,,,,,,,,,,,,,,,,,,,,,,,,,,,,,,,,,,,,,,,,,,,,,,TREX_543144908.jpg,,,,,,,,,TREX_543144908_Specification_Sheet.pdf,,,,,,,,,,,,,,,,,,No
,,,,,,33722688,Building Materials,Decking & Building Products,Composite Decking & Trim,7722688,543141908,1x8-12' Rainier - Trex Lineage,TREX,-- No Unilog Brand --,-- No DIB Brand --,U S Lumber (3073),U S Lumber,TREX®,,543141908,,Building Materials>Decking & Building Products>Composite Decking,"U S Lumber, Composite Decking & Trim, 543141908",COMPOSITE DECKING & TRIM,TREX® 543141908 Composite Decking & Trim,TREX® Composite Decking & Trim,Composite Decking & Trim,,,,,,,,,,,,,,,,,,,,,,,,,,,Composite Decking & Trim,Model,543141908,,,,,,,,,,,,,,,,,,,,,,,,,,,,,,,,,,,,,,,,,,,,,,,,,,,,,,,,,,,,,,,,,,,,,,,,,,,,,,,,,,,,,,,,,,,,,,,,,,,,,,,,,,,,,,,,,,,,,,,,,,,,,,,,,,,,,,,,,,,,,,,,,,,,,,,,,,,,,,,,,,,,,,,,TREX_543141908.jpg,,,,,,,,,TREX_543141908_Specification_Sheet.pdf,,,,,,,,,,,,,,,,,,No
,,,,,,64004505,Building Materials,Decking & Building Products,Composite Decking & Trim,2004505,543144912,1x12-12' Island Mist - Trex Lineage,TREX,-- No Unilog Brand --,-- No DIB Brand --,U S Lumber (3073),U S Lumber,TREX®,,543144912,,Building Materials>Decking & Building Products>Composite Decking,"U S Lumber, Composite Decking & Trim, 543144912",COMPOSITE DECKING & TRIM,TREX® 543144912 Composite Decking & Trim,TREX® Composite Decking & Trim,Composite Decking & Trim,,,,,,,,,,,,,,,,,,,,,,,,,,,Composite Decking & Trim,Model,543144912,,,,,,,,,,,,,,,,,,,,,,,,,,,,,,,,,,,,,,,,,,,,,,,,,,,,,,,,,,,,,,,,,,,,,,,,,,,,,,,,,,,,,,,,,,,,,,,,,,,,,,,,,,,,,,,,,,,,,,,,,,,,,,,,,,,,,,,,,,,,,,,,,,,,,,,,,,,,,,,,,,,,,,,,TREX_543144912.jpg,,,,,,,,,TREX_543144912_Specification_Sheet.pdf,,,,,,,,,,,,,,,,,,No
,,,,,,98693533,Building Materials,Decking & Building Products,Composite Decking & Trim,9693533,543141912,1x12-12' Rainier - Trex Lineage,TREX,-- No Unilog Brand --,-- No DIB Brand --,U S Lumber (3073),U S Lumber,TREX®,,543141912,,Building Materials>Decking & Building Products>Composite Decking,"U S Lumber, Composite Decking & Trim, 543141912",COMPOSITE DECKING & TRIM,TREX® 543141912 Composite Decking & Trim,TREX® Composite Decking & Trim,Composite Decking & Trim,,,,,,,,,,,,,,,,,,,,,,,,,,,Composite Decking & Trim,Model,543141912,,,,,,,,,,,,,,,,,,,,,,,,,,,,,,,,,,,,,,,,,,,,,,,,,,,,,,,,,,,,,,,,,,,,,,,,,,,,,,,,,,,,,,,,,,,,,,,,,,,,,,,,,,,,,,,,,,,,,,,,,,,,,,,,,,,,,,,,,,,,,,,,,,,,,,,,,,,,,,,,,,,,,,,,TREX_543141912.jpg,,,,,,,,,TREX_543141912_Specification_Sheet.pdf,,,,,,,,,,,,,,,,,,No
,,,,,,94481082,Building Materials,Decking & Building Products,Composite Decking & Trim,5481082,1513713,1x8-12' Hatteras - Trex Lineage,TREX,-- No Unilog Brand --,-- No DIB Brand --,Boise Cascade Building Materials (BOICA),Boise Cascade Building Materials,TREX®,,1513713,,Building Materials>Decking & Building Products>Composite Decking,"Boise Cascade Building Materials, Composite Decking & Trim, 1513713",COMPOSITE DECKING & TRIM,TREX® 1513713 Composite Decking & Trim,TREX® Composite Decking & Trim,Composite Decking & Trim,,,,,,,,,,,,,,,,,,,,,,,,,,,Composite Decking & Trim,Model,1513713,,,,,,,,,,,,,,,,,,,,,,,,,,,,,,,,,,,,,,,,,,,,,,,,,,,,,,,,,,,,,,,,,,,,,,,,,,,,,,,,,,,,,,,,,,,,,,,,,,,,,,,,,,,,,,,,,,,,,,,,,,,,,,,,,,,,,,,,,,,,,,,,,,,,,,,,,,,,,,,,,,,,,,,,TREX_1513713.jpg,,,,,,,,,TREX_1513713_Specification_Sheet.pdf,,,,,,,,,,,,,,,,,,No
,,,,,,48913932,Building Materials,Decking & Building Products,Composite Decking & Trim,4913932,1513714,1x8-12' Salt Flat - Trex Lineage,TREX,-- No Unilog Brand --,-- No DIB Brand --,Boise Cascade Building Materials (BOICA),Boise Cascade Building Materials,TREX®,,1513714,,Building Materials>Decking & Building Products>Composite Decking,"Boise Cascade Building Materials, Composite Decking & Trim, 1513714",COMPOSITE DECKING & TRIM,TREX® 1513714 Composite Decking & Trim,TREX® Composite Decking & Trim,Composite Decking & Trim,,,,,,,,,,,,,,,,,,,,,,,,,,,Composite Decking & Trim,Model,1513714,,,,,,,,,,,,,,,,,,,,,,,,,,,,,,,,,,,,,,,,,,,,,,,,,,,,,,,,,,,,,,,,,,,,,,,,,,,,,,,,,,,,,,,,,,,,,,,,,,,,,,,,,,,,,,,,,,,,,,,,,,,,,,,,,,,,,,,,,,,,,,,,,,,,,,,,,,,,,,,,,,,,,,,,TREX_1513714.jpg,,,,,,,,,TREX_1513714_Specification_Sheet.pdf,,,,,,,,,,,,,,,,,,No
,,,,,,37667575,Building Materials,Decking & Building Products,Composite Decking & Trim,2667575,73012503,4x4 Wh Heritage Post Trim RDI,-- Unbranded --,-- No Unilog Brand --,-- No DIB Brand --,-,,,,73012503,,Building Materials>Decking & Building Products>Composite Decking,", Composite Decking & Trim, 73012503",COMPOSITE DECKING & TRIM,73012503 Composite Decking & Trim,Composite Decking & Trim,Composite Decking & Trim,,,,,,,,,,,,,,,,,,,,,,,,,,,Composite Decking & Trim,Model,73012503,,,,,,,,,,,,,,,,,,,,,,,,,,,,,,,,,,,,,,,,,,,,,,,,,,,,,,,,,,,,,,,,,,,,,,,,,,,,,,,,,,,,,,,,,,,,,,,,,,,,,,,,,,,,,,,,,,,,,,,,,,,,,,,,,,,,,,,,,,,,,,,,,,,,,,,,,,,,,,,,,,,,,,,,PRODUCT_73012503.jpg,,,,,,,,,PRODUCT_73012503_Specification_Sheet.pdf,,,,,,,,,,,,,,,,,,No
,,,,,,72569257,Building Materials,Decking & Building Products,Composite Decking & Trim,1569257,73018131,6x6 Wh Elite Post Trim 4pc RDI,-- Unbranded --,-- No Unilog Brand --,-- No DIB Brand --,-,,,,73018131,,Building Materials>Decking & Building Products>Composite Decking,", Composite Decking & Trim, 73018131",COMPOSITE DECKING & TRIM,73018131 Composite Decking & Trim,Composite Decking & Trim,Composite Decking & Trim,,,,,,,,,,,,,,,,,,,,,,,,,,,Composite Decking & Trim,Model,73018131,,,,,,,,,,,,,,,,,,,,,,,,,,,,,,,,,,,,,,,,,,,,,,,,,,,,,,,,,,,,,,,,,,,,,,,,,,,,,,,,,,,,,,,,,,,,,,,,,,,,,,,,,,,,,,,,,,,,,,,,,,,,,,,,,,,,,,,,,,,,,,,,,,,,,,,,,,,,,,,,,,,,,,,,PRODUCT_73018131.jpg,,,,,,,,,PRODUCT_73018131_Specification_Sheet.pdf,,,,,,,,,,,,,,,,,,No
,,,,,,36188960,Building Materials,Decking & Building Products,Composite Decking & Trim,1188960,73018091,4x4 Wh Elite Post Trim RDI,-- Unbranded --,-- No Unilog Brand --,-- No DIB Brand --,-,,,,73018091,,Building Materials>Decking & Building Products>Composite Decking,", Composite Decking & Trim, 73018091",COMPOSITE DECKING & TRIM,73018091 Composite Decking & Trim,Composite Decking & Trim,Composite Decking & Trim,,,,,,,,,,,,,,,,,,,,,,,,,,,Composite Decking & Trim,Model,73018091,,,,,,,,,,,,,,,,,,,,,,,,,,,,,,,,,,,,,,,,,,,,,,,,,,,,,,,,,,,,,,,,,,,,,,,,,,,,,,,,,,,,,,,,,,,,,,,,,,,,,,,,,,,,,,,,,,,,,,,,,,,,,,,,,,,,,,,,,,,,,,,,,,,,,,,,,,,,,,,,,,,,,,,,PRODUCT_73018091.jpg,,,,,,,,,PRODUCT_73018091_Specification_Sheet.pdf,,,,,,,,,,,,,,,,,,No
,,,,,,69308475,Building Materials,Decking & Building Products,Composite Decking & Trim,7308475,73018066,Clay 6x6 Elite Post Trim RDI - 4pc,-- Unbranded --,-- No Unilog Brand --,-- No DIB Brand --,-,,,,73018066,,Building Materials>Decking & Building Products>Composite Decking,", Composite Decking & Trim, 73018066",COMPOSITE DECKING & TRIM,73018066 Composite Decking & Trim,Composite Decking & Trim,Composite Decking & Trim,,,,,,,,,,,,,,,,,,,,,,,,,,,Composite Decking & Trim,Model,73018066,,,,,,,,,,,,,,,,,,,,,,,,,,,,,,,,,,,,,,,,,,,,,,,,,,,,,,,,,,,,,,,,,,,,,,,,,,,,,,,,,,,,,,,,,,,,,,,,,,,,,,,,,,,,,,,,,,,,,,,,,,,,,,,,,,,,,,,,,,,,,,,,,,,,,,,,,,,,,,,,,,,,,,,,PRODUCT_73018066.jpg,,,,,,,,,PRODUCT_73018066_Specification_Sheet.pdf,,,,,,,,,,,,,,,,,,No
,,,,,,82767548,Building Materials,Decking & Building Products,Composite Decking & Trim,2767548,73018076,4x4 Wh Flat Post Cap RDI,-- Unbranded --,-- No Unilog Brand --,-- No DIB Brand --,-,,,,73018076,,Building Materials>Decking & Building Products>Composite Decking,", Composite Decking & Trim, 73018076",COMPOSITE DECKING & TRIM,73018076 Composite Decking & Trim,Composite Decking & Trim,Composite Decking & Trim,,,,,,,,,,,,,,,,,,,,,,,,,,,Composite Decking & Trim,Model,73018076,,,,,,,,,,,,,,,,,,,,,,,,,,,,,,,,,,,,,,,,,,,,,,,,,,,,,,,,,,,,,,,,,,,,,,,,,,,,,,,,,,,,,,,,,,,,,,,,,,,,,,,,,,,,,,,,,,,,,,,,,,,,,,,,,,,,,,,,,,,,,,,,,,,,,,,,,,,,,,,,,,,,,,,,PRODUCT_73018076.jpg,,,,,,,,,PRODUCT_73018076_Specification_Sheet.pdf,,,,,,,,,,,,,,,,,,No
,,,,,,18987695,Building Materials,Decking & Building Products,Composite Decking & Trim,1987695,61109087,Wh 4x4-39 Blank Post RDI,-- Unbranded --,-- No Unilog Brand --,-- No DIB Brand --,-,,,,61109087,,Building Materials>Decking & Building Products>Composite Decking,", Composite Decking & Trim, 61109087",COMPOSITE DECKING & TRIM,61109087 Composite Decking & Trim,Composite Decking & Trim,Composite Decking & Trim,,,,,,,,,,,,,,,,,,,,,,,,,,,Composite Decking & Trim,Model,61109087,,,,,,,,,,,,,,,,,,,,,,,,,,,,,,,,,,,,,,,,,,,,,,,,,,,,,,,,,,,,,,,,,,,,,,,,,,,,,,,,,,,,,,,,,,,,,,,,,,,,,,,,,,,,,,,,,,,,,,,,,,,,,,,,,,,,,,,,,,,,,,,,,,,,,,,,,,,,,,,,,,,,,,,,PRODUCT_61109087.jpg,,,,,,,,,PRODUCT_61109087_Specification_Sheet.pdf,,,,,,,,,,,,,,,,,,No
,,,,,,55772332,Building Materials,Decking & Building Products,Composite Decking & Trim,2772332,73018731,Wh 6x6-108 Post Sleeve RDI,-- Unbranded --,-- No Unilog Brand --,-- No DIB Brand --,-,,,,73018731,,Building Materials>Decking & Building Products>Composite Decking,", Composite Decking & Trim, 73018731",COMPOSITE DECKING & TRIM,73018731 Composite Decking & Trim,Composite Decking & Trim,Composite Decking & Trim,,,,,,,,,,,,,,,,,,,,,,,,,,,Composite Decking & Trim,Model,73018731,,,,,,,,,,,,,,,,,,,,,,,,,,,,,,,,,,,,,,,,,,,,,,,,,,,,,,,,,,,,,,,,,,,,,,,,,,,,,,,,,,,,,,,,,,,,,,,,,,,,,,,,,,,,,,,,,,,,,,,,,,,,,,,,,,,,,,,,,,,,,,,,,,,,,,,,,,,,,,,,,,,,,,,,PRODUCT_73018731.jpg,,,,,,,,,PRODUCT_73018731_Specification_Sheet.pdf,,,,,,,,,,,,,,,,,,No
,,,,,,52799519,Building Materials,Decking & Building Products,Composite Decking & Trim,8799519,61109090,Wh 4x4-108 Post Sleeve RDI,-- Unbranded --,-- No Unilog Brand --,-- No DIB Brand --,-,,,,61109090,,Building Materials>Decking & Building Products>Composite Decking,", Composite Decking & Trim, 61109090",COMPOSITE DECKING & TRIM,61109090 Composite Decking & Trim,Composite Decking & Trim,Composite Decking & Trim,,,,,,,,,,,,,,,,,,,,,,,,,,,Composite Decking & Trim,Model,61109090,,,,,,,,,,,,,,,,,,,,,,,,,,,,,,,,,,,,,,,,,,,,,,,,,,,,,,,,,,,,,,,,,,,,,,,,,,,,,,,,,,,,,,,,,,,,,,,,,,,,,,,,,,,,,,,,,,,,,,,,,,,,,,,,,,,,,,,,,,,,,,,,,,,,,,,,,,,,,,,,,,,,,,,,PRODUCT_61109090.jpg,,,,,,,,,PRODUCT_61109090_Specification_Sheet.pdf,,,,,,,,,,,,,,,,,,No
,,,,,,56308389,Building Materials,Decking & Building Products,Composite Decking & Trim,3308389,73053603,Clay 4x4-108 Post Sleeve RDI,-- Unbranded --,-- No Unilog Brand --,-- No DIB Brand --,-,,,,73053603,,Building Materials>Decking & Building Products>Composite Decking,", Composite Decking & Trim, 73053603",COMPOSITE DECKING & TRIM,73053603 Composite Decking & Trim,Composite Decking & Trim,Composite Decking & Trim,,,,,,,,,,,,,,,,,,,,,,,,,,,Composite Decking & Trim,Model,73053603,,,,,,,,,,,,,,,,,,,,,,,,,,,,,,,,,,,,,,,,,,,,,,,,,,,,,,,,,,,,,,,,,,,,,,,,,,,,,,,,,,,,,,,,,,,,,,,,,,,,,,,,,,,,,,,,,,,,,,,,,,,,,,,,,,,,,,,,,,,,,,,,,,,,,,,,,,,,,,,,,,,,,,,,PRODUCT_73053603.jpg,,,,,,,,,PRODUCT_73053603_Specification_Sheet.pdf,,,,,,,,,,,,,,,,,,No
,,,,,,79140568,Building Materials,Decking & Building Products,Composite Decking & Trim,8140568,73053608,Clay 6x6-108 Post Sleeve RDI,-- Unbranded --,-- No Unilog Brand --,-- No DIB Brand --,-,,,,73053608,,Building Materials>Decking & Building Products>Composite Decking,", Composite Decking & Trim, 73053608",COMPOSITE DECKING & TRIM,73053608 Composite Decking & Trim,Composite Decking & Trim,Composite Decking & Trim,,,,,,,,,,,,,,,,,,,,,,,,,,,Composite Decking & Trim,Model,73053608,,,,,,,,,,,,,,,,,,,,,,,,,,,,,,,,,,,,,,,,,,,,,,,,,,,,,,,,,,,,,,,,,,,,,,,,,,,,,,,,,,,,,,,,,,,,,,,,,,,,,,,,,,,,,,,,,,,,,,,,,,,,,,,,,,,,,,,,,,,,,,,,,,,,,,,,,,,,,,,,,,,,,,,,PRODUCT_73053608.jpg,,,,,,,,,PRODUCT_73053608_Specification_Sheet.pdf,,,,,,,,,,,,,,,,,,No
,,,,,,69341717,Building Materials,Decking & Building Products,Composite Decking & Trim,7341717,543340896,"4x4-37"" Black Alum Post Sleeve Select Alum Railing - w/Cap & Skirt",TREX,-- No Unilog Brand --,-- No DIB Brand --,Boise Cascade Building Materials (BOICA),Boise Cascade Building Materials,TREX®,,543340896,,Building Materials>Decking & Building Products>Composite Decking,"Boise Cascade Building Materials, Composite Decking & Trim, 543340896",COMPOSITE DECKING & TRIM,TREX® 543340896 Composite Decking & Trim,TREX® Composite Decking & Trim,Composite Decking & Trim,,,,,,,,,,,,,,,,,,,,,,,,,,,Composite Decking & Trim,Model,543340896,,,,,,,,,,,,,,,,,,,,,,,,,,,,,,,,,,,,,,,,,,,,,,,,,,,,,,,,,,,,,,,,,,,,,,,,,,,,,,,,,,,,,,,,,,,,,,,,,,,,,,,,,,,,,,,,,,,,,,,,,,,,,,,,,,,,,,,,,,,,,,,,,,,,,,,,,,,,,,,,,,,,,,,,TREX_543340896.jpg,,,,,,,,,TREX_543340896_Specification_Sheet.pdf,,,,,,,,,,,,,,,,,,No
,,,,,,19814245,Building Materials,Decking & Building Products,Composite Decking & Trim,2814245,543340898,"4x4-43"" Black Alum Post Sleeve Select Alum Railing w/Cap & Skirt",TREX,-- No Unilog Brand --,-- No DIB Brand --,Boise Cascade Building Materials (BOICA),Boise Cascade Building Materials,TREX®,,543340898,,Building Materials>Decking & Building Products>Composite Decking,"Boise Cascade Building Materials, Composite Decking & Trim, 543340898",COMPOSITE DECKING & TRIM,TREX® 543340898 Composite Decking & Trim,TREX® Composite Decking & Trim,Composite Decking & Trim,,,,,,,,,,,,,,,,,,,,,,,,,,,Composite Decking & Trim,Model,543340898,,,,,,,,,,,,,,,,,,,,,,,,,,,,,,,,,,,,,,,,,,,,,,,,,,,,,,,,,,,,,,,,,,,,,,,,,,,,,,,,,,,,,,,,,,,,,,,,,,,,,,,,,,,,,,,,,,,,,,,,,,,,,,,,,,,,,,,,,,,,,,,,,,,,,,,,,,,,,,,,,,,,,,,,TREX_543340898.jpg,,,,,,,,,TREX_543340898_Specification_Sheet.pdf,,,,,,,,,,,,,,,,,,No
,,,,,,41331971,Building Materials,Decking & Building Products,Composite Decking & Trim,6331971,73272TBK,6x6-10' Black Alum Deco - Support Post,DSI Westbury,-- No Unilog Brand --,-- No DIB Brand --,Palmer Donavin Mfg Company (PALDO),Palmer Donavin Mfg Company,DSI Westbury,,73272TBK,,Building Materials>Decking & Building Products>Composite Decking,"Palmer Donavin Mfg Company, Composite Decking & Trim, 73272TBK",COMPOSITE DECKING & TRIM,DSI Westbury 73272TBK Composite Decking & Trim,DSI Westbury Composite Decking & Trim,Composite Decking & Trim,,,,,,,,,,,,,,,,,,,,,,,,,,,Composite Decking & Trim,Model,73272TBK,,,,,,,,,,,,,,,,,,,,,,,,,,,,,,,,,,,,,,,,,,,,,,,,,,,,,,,,,,,,,,,,,,,,,,,,,,,,,,,,,,,,,,,,,,,,,,,,,,,,,,,,,,,,,,,,,,,,,,,,,,,,,,,,,,,,,,,,,,,,,,,,,,,,,,,,,,,,,,,,,,,,,,,,DSI_Westbury_73272TBK.jpg,,,,,,,,,DSI_Westbury_73272TBK_Specification_Sheet.pdf,,,,,,,,,,,,,,,,,,No
,,,,,,90922711,Building Materials,Decking & Building Products,Composite Decking & Trim,1922711,543302127,6' Wh Select T-Rail Kit Stair - w/Sq Composite Balusters,TREX,-- No Unilog Brand --,-- No DIB Brand --,U S Lumber (3073),U S Lumber,TREX®,,543302127,,Building Materials>Decking & Building Products>Composite Decking,"U S Lumber, Composite Decking & Trim, 543302127",COMPOSITE DECKING & TRIM,TREX® 543302127 Composite Decking & Trim,TREX® Composite Decking & Trim,Composite Decking & Trim,,,,,,,,,,,,,,,,,,,,,,,,,,,Composite Decking & Trim,Model,543302127,,,,,,,,,,,,,,,,,,,,,,,,,,,,,,,,,,,,,,,,,,,,,,,,,,,,,,,,,,,,,,,,,,,,,,,,,,,,,,,,,,,,,,,,,,,,,,,,,,,,,,,,,,,,,,,,,,,,,,,,,,,,,,,,,,,,,,,,,,,,,,,,,,,,,,,,,,,,,,,,,,,,,,,,TREX_543302127.jpg,,,,,,,,,TREX_543302127_Specification_Sheet.pdf,,,,,,,,,,,,,,,,,,No
,,,,,,55584651,Building Materials,Decking & Building Products,Composite Decking & Trim,2584651,543302147,8' Wh Select T-Rail Kit Stair - w/Sq Composite Balusters,TREX,-- No Unilog Brand --,-- No DIB Brand --,U S Lumber (3073),U S Lumber,TREX®,,543302147,,Building Materials>Decking & Building Products>Composite Decking,"U S Lumber, Composite Decking & Trim, 543302147",COMPOSITE DECKING & TRIM,TREX® 543302147 Composite Decking & Trim,TREX® Composite Decking & Trim,Composite Decking & Trim,,,,,,,,,,,,,,,,,,,,,,,,,,,Composite Decking & Trim,Model,543302147,,,,,,,,,,,,,,,,,,,,,,,,,,,,,,,,,,,,,,,,,,,,,,,,,,,,,,,,,,,,,,,,,,,,,,,,,,,,,,,,,,,,,,,,,,,,,,,,,,,,,,,,,,,,,,,,,,,,,,,,,,,,,,,,,,,,,,,,,,,,,,,,,,,,,,,,,,,,,,,,,,,,,,,,TREX_543302147.jpg,,,,,,,,,TREX_543302147_Specification_Sheet.pdf,,,,,,,,,,,,,,,,,,No
,,,,,,91898554,Tools & Industrial Hardware,Industrial Maintenance,General Supplies,2898554,73019599,Finyline Wh 6' Str Rail Kit Sq,-- Unbranded --,-- No Unilog Brand --,-- No DIB Brand --,-,,,,73019599,,Tools & Industrial Hardware>Industrial Maintenance>General Supplies,", General Supplie, 73019599",GENERAL SUPPLIE,73019599 General Supplie,General Supplie,General Supplie,,,,,,,,,,,,,,,,,,,,,,,,,,,General Supplie,Model,73019599,,,,,,,,,,,,,,,,,,,,,,,,,,,,,,,,,,,,,,,,,,,,,,,,,,,,,,,,,,,,,,,,,,,,,,,,,,,,,,,,,,,,,,,,,,,,,,,,,,,,,,,,,,,,,,,,,,,,,,,,,,,,,,,,,,,,,,,,,,,,,,,,,,,,,,,,,,,,,,,,,,,,,,,,PRODUCT_73019599.jpg,,,,,,,,,PRODUCT_73019599_Specification_Sheet.pdf,,,,,,,,,,,,,,,,,,No
,,,,,,50672579,Tools & Industrial Hardware,Industrial Maintenance,General Supplies,6672579,73019648,Finyline Wh 8' Str Rail Kit Sq,-- Unbranded --,-- No Unilog Brand --,-- No DIB Brand --,-,,,,73019648,,Tools & Industrial Hardware>Industrial Maintenance>General Supplies,", General Supplie, 73019648",GENERAL SUPPLIE,73019648 General Supplie,General Supplie,General Supplie,,,,,,,,,,,,,,,,,,,,,,,,,,,General Supplie,Model,73019648,,,,,,,,,,,,,,,,,,,,,,,,,,,,,,,,,,,,,,,,,,,,,,,,,,,,,,,,,,,,,,,,,,,,,,,,,,,,,,,,,,,,,,,,,,,,,,,,,,,,,,,,,,,,,,,,,,,,,,,,,,,,,,,,,,,,,,,,,,,,,,,,,,,,,,,,,,,,,,,,,,,,,,,,PRODUCT_73019648.jpg,,,,,,,,,PRODUCT_73019648_Specification_Sheet.pdf,,,,,,,,,,,,,,,,,,No
,,,,,,11310048,Tools & Industrial Hardware,Industrial Maintenance,General Supplies,3310048,73019598,Finyline Wh 6' Str Rail Kit Rd - w/Black Alum Balusters,-- Unbranded --,-- No Unilog Brand --,-- No DIB Brand --,-,,,,73019598,,Tools & Industrial Hardware>Industrial Maintenance>General Supplies,", General Supplie, 73019598",GENERAL SUPPLIE,73019598 General Supplie,General Supplie,General Supplie,,,,,,,,,,,,,,,,,,,,,,,,,,,General Supplie,Model,73019598,,,,,,,,,,,,,,,,,,,,,,,,,,,,,,,,,,,,,,,,,,,,,,,,,,,,,,,,,,,,,,,,,,,,,,,,,,,,,,,,,,,,,,,,,,,,,,,,,,,,,,,,,,,,,,,,,,,,,,,,,,,,,,,,,,,,,,,,,,,,,,,,,,,,,,,,,,,,,,,,,,,,,,,,PRODUCT_73019598.jpg,,,,,,,,,PRODUCT_73019598_Specification_Sheet.pdf,,,,,,,,,,,,,,,,,,No
,,,,,,32439342,Tools & Industrial Hardware,Industrial Maintenance,General Supplies,6439342,73019647,Finyline Wh 8' Str Rail Kit Rd - w/Black Alum Balusters,-- Unbranded --,-- No Unilog Brand --,-- No DIB Brand --,-,,,,73019647,,Tools & Industrial Hardware>Industrial Maintenance>General Supplies,", General Supplie, 73019647",GENERAL SUPPLIE,73019647 General Supplie,General Supplie,General Supplie,,,,,,,,,,,,,,,,,,,,,,,,,,,General Supplie,Model,73019647,,,,,,,,,,,,,,,,,,,,,,,,,,,,,,,,,,,,,,,,,,,,,,,,,,,,,,,,,,,,,,,,,,,,,,,,,,,,,,,,,,,,,,,,,,,,,,,,,,,,,,,,,,,,,,,,,,,,,,,,,,,,,,,,,,,,,,,,,,,,,,,,,,,,,,,,,,,,,,,,,,,,,,,,PRODUCT_73019647.jpg,,,,,,,,,PRODUCT_73019647_Specification_Sheet.pdf,,,,,,,,,,,,,,,,,,No
,,,,,,40529457,Building Materials,Decking & Building Products,Composite Decking & Trim,5529457,543300257,6' Black Select Classic Stair - Rail w/Rnd Black Alum Baluster,TREX,-- No Unilog Brand --,-- No DIB Brand --,Boise Cascade Building Materials (BOICA),Boise Cascade Building Materials,TREX®,,543300257,,Building Materials>Decking & Building Products>Composite Decking,"Boise Cascade Building Materials, Composite Decking & Trim, 543300257",COMPOSITE DECKING & TRIM,TREX® 543300257 Composite Decking & Trim,TREX® Composite Decking & Trim,Composite Decking & Trim,,,,,,,,,,,,,,,,,,,,,,,,,,,Composite Decking & Trim,Model,543300257,,,,,,,,,,,,,,,,,,,,,,,,,,,,,,,,,,,,,,,,,,,,,,,,,,,,,,,,,,,,,,,,,,,,,,,,,,,,,,,,,,,,,,,,,,,,,,,,,,,,,,,,,,,,,,,,,,,,,,,,,,,,,,,,,,,,,,,,,,,,,,,,,,,,,,,,,,,,,,,,,,,,,,,,TREX_543300257.jpg,,,,,,,,,TREX_543300257_Specification_Sheet.pdf,,,,,,,,,,,,,,,,,,No
,,,,,,99366978,Building Materials,Decking & Building Products,Composite Decking & Trim,1366978,543300277,8' Black Select Classic Stair - Rail w/Rnd Black Alum Baluster,TREX,-- No Unilog Brand --,-- No DIB Brand --,Boise Cascade Building Materials (BOICA),Boise Cascade Building Materials,TREX®,,543300277,,Building Materials>Decking & Building Products>Composite Decking,"Boise Cascade Building Materials, Composite Decking & Trim, 543300277",COMPOSITE DECKING & TRIM,TREX® 543300277 Composite Decking & Trim,TREX® Composite Decking & Trim,Composite Decking & Trim,,,,,,,,,,,,,,,,,,,,,,,,,,,Composite Decking & Trim,Model,543300277,,,,,,,,,,,,,,,,,,,,,,,,,,,,,,,,,,,,,,,,,,,,,,,,,,,,,,,,,,,,,,,,,,,,,,,,,,,,,,,,,,,,,,,,,,,,,,,,,,,,,,,,,,,,,,,,,,,,,,,,,,,,,,,,,,,,,,,,,,,,,,,,,,,,,,,,,,,,,,,,,,,,,,,,TREX_543300277.jpg,,,,,,,,,TREX_543300277_Specification_Sheet.pdf,,,,,,,,,,,,,,,,,,No
,,,,,,43870919,Building Materials,Decking & Building Products,Composite Decking & Trim,8870919,SPB-44BPL,"Patriot 4""x4""x37""/43"" Adjustable Self Leveling Support Post",-- Unbranded --,-- No Unilog Brand --,-- No DIB Brand --,-,,,,SPB-44BPL,,Building Materials>Decking & Building Products>Composite Decking,", Composite Decking & Trim, SPB-44BPL",COMPOSITE DECKING & TRIM,SPB-44BPL Composite Decking & Trim,Composite Decking & Trim,Composite Decking & Trim,,,,,,,,,,,,,,,,,,,,,,,,,,,Composite Decking & Trim,Model,SPB-44BPL,,,,,,,,,,,,,,,,,,,,,,,,,,,,,,,,,,,,,,,,,,,,,,,,,,,,,,,,,,,,,,,,,,,,,,,,,,,,,,,,,,,,,,,,,,,,,,,,,,,,,,,,,,,,,,,,,,,,,,,,,,,,,,,,,,,,,,,,,,,,,,,,,,,,,,,,,,,,,,,,,,,,,,,,PRODUCT_SPB-44BPL.jpg,,,,,,,,,PRODUCT_SPB-44BPL_Specification_Sheet.pdf,,,,,,,,,,,,,,,,,,No
,,,,,,37232665,Building Materials,Decking & Building Products,Composite Decking & Trim,2232665,925219,"2""x50' Deck Joist Tape - Protecto Wrap",-- Unbranded --,-- No Unilog Brand --,-- No DIB Brand --,Palmer Donavin Mfg Company (PALDO),Palmer Donavin Mfg Company,Palmer Donavin Mfg Company,,925219,,Building Materials>Decking & Building Products>Composite Decking,"Palmer Donavin Mfg Company, Composite Decking & Trim, 925219",COMPOSITE DECKING & TRIM,Palmer Donavin Mfg Company 925219 Composite Decking & Trim,Palmer Donavin Mfg Company Composite Decking & Trim,Composite Decking & Trim,,,,,,,,,,,,,,,,,,,,,,,,,,,Composite Decking & Trim,Model,925219,,,,,,,,,,,,,,,,,,,,,,,,,,,,,,,,,,,,,,,,,,,,,,,,,,,,,,,,,,,,,,,,,,,,,,,,,,,,,,,,,,,,,,,,,,,,,,,,,,,,,,,,,,,,,,,,,,,,,,,,,,,,,,,,,,,,,,,,,,,,,,,,,,,,,,,,,,,,,,,,,,,,,,,,Palmer_Donavin_Mfg_Company_925219.jpg,,,,,,,,,Palmer_Donavin_Mfg_Company_925219_Specification_Sheet.pdf,,,,,,,,,,,,,,,,,,No
,,,,,,93015766,Tools & Industrial Hardware,Industrial Maintenance,General Supplies,4015766,27233,24x48 WH Attic Access Door,AJM,-- No Unilog Brand --,-- No DIB Brand --,A J Manufacturing Inc (AJMAN),A J Manufacturing Inc,AJM,,27233,,Tools & Industrial Hardware>Industrial Maintenance>General Supplies,"A J Manufacturing Inc, General Supplie, 27233",GENERAL SUPPLIE,AJM 27233 General Supplie,AJM General Supplie,General Supplie,,,,,,,,,,,,,,,,,,,,,,,,,,,General Supplie,Model,27233,,,,,,,,,,,,,,,,,,,,,,,,,,,,,,,,,,,,,,,,,,,,,,,,,,,,,,,,,,,,,,,,,,,,,,,,,,,,,,,,,,,,,,,,,,,,,,,,,,,,,,,,,,,,,,,,,,,,,,,,,,,,,,,,,,,,,,,,,,,,,,,,,,,,,,,,,,,,,,,,,,,,,,,,AJM_27233.jpg,,,,,,,,,AJM_27233_Specification_Sheet.pdf,,,,,,,,,,,,,,,,,,No
,,,,,,58976847,Tools & Industrial Hardware,Industrial Maintenance,General Supplies,5976847,1517602,6068R Gliding Patio Dr 4500 United Blk Ext/WH Int LowE Arg w/J,United Window & Door,-- No Unilog Brand --,-- No DIB Brand --,United Window & Door Manufacturing (UNIWI),United Window & Door Manufacturing,United Window & Door,,1517602,,Tools & Industrial Hardware>Industrial Maintenance>General Supplies,"United Window & Door Manufacturing, General Supplie, 1517602",GENERAL SUPPLIE,United Window & Door 1517602 General Supplie,United Window & Door General Supplie,General Supplie,,,,,,,,,,,,,,,,,,,,,,,,,,,General Supplie,Model,1517602,,,,,,,,,,,,,,,,,,,,,,,,,,,,,,,,,,,,,,,,,,,,,,,,,,,,,,,,,,,,,,,,,,,,,,,,,,,,,,,,,,,,,,,,,,,,,,,,,,,,,,,,,,,,,,,,,,,,,,,,,,,,,,,,,,,,,,,,,,,,,,,,,,,,,,,,,,,,,,,,,,,,,,,,United_Window_AND_Door_1517602.jpg,,,,,,,,,United_Window_AND_Door_1517602_Specification_Sheet.pdf,,,,,,,,,,,,,,,,,,No
,,,,,,92901841,Tools & Industrial Hardware,Industrial Maintenance,General Supplies,3901841,1517603,6068L Gliding Patio Dr 4500 United Blk Ext/WH Int LowE Arg w/J,United Window & Door,-- No Unilog Brand --,-- No DIB Brand --,United Window & Door Manufacturing (UNIWI),United Window & Door Manufacturing,United Window & Door,,1517603,,Tools & Industrial Hardware>Industrial Maintenance>General Supplies,"United Window & Door Manufacturing, General Supplie, 1517603",GENERAL SUPPLIE,United Window & Door 1517603 General Supplie,United Window & Door General Supplie,General Supplie,,,,,,,,,,,,,,,,,,,,,,,,,,,General Supplie,Model,1517603,,,,,,,,,,,,,,,,,,,,,,,,,,,,,,,,,,,,,,,,,,,,,,,,,,,,,,,,,,,,,,,,,,,,,,,,,,,,,,,,,,,,,,,,,,,,,,,,,,,,,,,,,,,,,,,,,,,,,,,,,,,,,,,,,,,,,,,,,,,,,,,,,,,,,,,,,,,,,,,,,,,,,,,,United_Window_AND_Door_1517603.jpg,,,,,,,,,United_Window_AND_Door_1517603_Specification_Sheet.pdf,,,,,,,,,,,,,,,,,,No
,,,,,,24252039,Tools & Industrial Hardware,Industrial Maintenance,General Supplies,7252039,1517604,6068L Gliding Patio Dr 4500 United White LowE Arg w/J,United Window & Door,-- No Unilog Brand --,-- No DIB Brand --,United Window & Door Manufacturing (UNIWI),United Window & Door Manufacturing,United Window & Door,,1517604,,Tools & Industrial Hardware>Industrial Maintenance>General Supplies,"United Window & Door Manufacturing, General Supplie, 1517604",GENERAL SUPPLIE,United Window & Door 1517604 General Supplie,United Window & Door General Supplie,General Supplie,,,,,,,,,,,,,,,,,,,,,,,,,,,General Supplie,Model,1517604,,,,,,,,,,,,,,,,,,,,,,,,,,,,,,,,,,,,,,,,,,,,,,,,,,,,,,,,,,,,,,,,,,,,,,,,,,,,,,,,,,,,,,,,,,,,,,,,,,,,,,,,,,,,,,,,,,,,,,,,,,,,,,,,,,,,,,,,,,,,,,,,,,,,,,,,,,,,,,,,,,,,,,,,United_Window_AND_Door_1517604.jpg,,,,,,,,,United_Window_AND_Door_1517604_Specification_Sheet.pdf,,,,,,,,,,,,,,,,,,No
,,,,,,79841504,Tools & Industrial Hardware,Industrial Maintenance,General Supplies,8841504,1517605,6068R Gliding Patio Dr 4500 United White LowE Arg w/J,United Window & Door,-- No Unilog Brand --,-- No DIB Brand --,United Window & Door Manufacturing (UNIWI),United Window & Door Manufacturing,United Window & Door,,1517605,,Tools & Industrial Hardware>Industrial Maintenance>General Supplies,"United Window & Door Manufacturing, General Supplie, 1517605",GENERAL SUPPLIE,United Window & Door 1517605 General Supplie,United Window & Door General Supplie,General Supplie,,,,,,,,,,,,,,,,,,,,,,,,,,,General Supplie,Model,1517605,,,,,,,,,,,,,,,,,,,,,,,,,,,,,,,,,,,,,,,,,,,,,,,,,,,,,,,,,,,,,,,,,,,,,,,,,,,,,,,,,,,,,,,,,,,,,,,,,,,,,,,,,,,,,,,,,,,,,,,,,,,,,,,,,,,,,,,,,,,,,,,,,,,,,,,,,,,,,,,,,,,,,,,,United_Window_AND_Door_1517605.jpg,,,,,,,,,United_Window_AND_Door_1517605_Specification_Sheet.pdf,,,,,,,,,,,,,,,,,,No
,,,,,,26663445,Tools & Industrial Hardware,Industrial Maintenance,General Supplies,9663445,FS C01 2004S,"FS C01 Velux Fxd Skylt Gry/Wh - w/Solar Shade RO 21""x26-7/8""",-- Unbranded --,-- No Unilog Brand --,-- No DIB Brand --,Velux America Inc (VELAM),Velux America Inc,Velux America Inc,,FS C01 2004S,"FS C04 2004S, FS C06 2004S",Tools & Industrial Hardware>Industrial Maintenance>General Supplies,"Velux America Inc, General Supplie, FS C01 2004S",GENERAL SUPPLIE,Velux America Inc FS C01 2004S General Supplie,Velux America Inc General Supplie,General Supplie,,,,,,,,,,,,,,,,,,,,,,,,,,,General Supplie,Model,FS C01 2004S,,,,,,,,,,,,,,,,,,,,,,,,,,,,,,,,,,,,,,,,,,,,,,,,,,,,,,,,,,,,,,,,,,,,,,,,,,,,,,,,,,,,,,,,,,,,,,,,,,,,,,,,,,,,,,,,,,,,,,,,,,,,,,,,,,,,,,,,,,,,,,,,,,,,,,,,,,,,,,,,,,,,,,,,Velux_America_Inc_FS C01 2004S.jpg,,,,,,,,,Velux_America_Inc_FS C01 2004S_Specification_Sheet.pdf,,,,,,,,,,,,,,,,,,No
,,,,,,48243946,Tools & Industrial Hardware,Industrial Maintenance,General Supplies,4243946,FS C04 2004S,"FS C04 Velux Fxd Skylt Gry/Wh - w/Solar Shade RO 21""x37-7/8""",-- Unbranded --,-- No Unilog Brand --,-- No DIB Brand --,Velux America Inc (VELAM),Velux America Inc,Velux America Inc,,FS C04 2004S,"FS C01 2004S, FS C06 2004S",Tools & Industrial Hardware>Industrial Maintenance>General Supplies,"Velux America Inc, General Supplie, FS C04 2004S",GENERAL SUPPLIE,Velux America Inc FS C04 2004S General Supplie,Velux America Inc General Supplie,General Supplie,,,,,,,,,,,,,,,,,,,,,,,,,,,General Supplie,Model,FS C04 2004S,,,,,,,,,,,,,,,,,,,,,,,,,,,,,,,,,,,,,,,,,,,,,,,,,,,,,,,,,,,,,,,,,,,,,,,,,,,,,,,,,,,,,,,,,,,,,,,,,,,,,,,,,,,,,,,,,,,,,,,,,,,,,,,,,,,,,,,,,,,,,,,,,,,,,,,,,,,,,,,,,,,,,,,,Velux_America_Inc_FS C04 2004S.jpg,,,,,,,,,Velux_America_Inc_FS C04 2004S_Specification_Sheet.pdf,,,,,,,,,,,,,,,,,,No
,,,,,,56208410,Tools & Industrial Hardware,Industrial Maintenance,General Supplies,3208410,FS C06 2004S,"FS C06 Velux Fxd Skylt Gry/Wh - w/Solar Shade RO 21""x45-7/8""",-- Unbranded --,-- No Unilog Brand --,-- No DIB Brand --,Velux America Inc (VELAM),Velux America Inc,Velux America Inc,,FS C06 2004S,"FS C01 2004S, FS C04 2004S",Tools & Industrial Hardware>Industrial Maintenance>General Supplies,"Velux America Inc, General Supplie, FS C06 2004S",GENERAL SUPPLIE,Velux America Inc FS C06 2004S General Supplie,Velux America Inc General Supplie,General Supplie,,,,,,,,,,,,,,,,,,,,,,,,,,,General Supplie,Model,FS C06 2004S,,,,,,,,,,,,,,,,,,,,,,,,,,,,,,,,,,,,,,,,,,,,,,,,,,,,,,,,,,,,,,,,,,,,,,,,,,,,,,,,,,,,,,,,,,,,,,,,,,,,,,,,,,,,,,,,,,,,,,,,,,,,,,,,,,,,,,,,,,,,,,,,,,,,,,,,,,,,,,,,,,,,,,,,Velux_America_Inc_FS C06 2004S.jpg,,,,,,,,,Velux_America_Inc_FS C06 2004S_Specification_Sheet.pdf,,,,,,,,,,,,,,,,,,No
,,,,,,49246299,Tools & Industrial Hardware,Industrial Maintenance,General Supplies,5246299,1501831,31.5x14.75 Bsmt ecoLitePlus WH - Hopper DLA w/Screen,PROVIA,-- No Unilog Brand --,-- No DIB Brand --,ProVia (PRODO),ProVia,PROVIA,,1501831,,Tools & Industrial Hardware>Industrial Maintenance>General Supplies,"ProVia, General Supplie, 1501831",GENERAL SUPPLIE,PROVIA 1501831 General Supplie,PROVIA General Supplie,General Supplie,,,,,,,,,,,,,,,,,,,,,,,,,,,General Supplie,Model,1501831,,,,,,,,,,,,,,,,,,,,,,,,,,,,,,,,,,,,,,,,,,,,,,,,,,,,,,,,,,,,,,,,,,,,,,,,,,,,,,,,,,,,,,,,,,,,,,,,,,,,,,,,,,,,,,,,,,,,,,,,,,,,,,,,,,,,,,,,,,,,,,,,,,,,,,,,,,,,,,,,,,,,,,,,PROVIA_1501831.jpg,,,,,,,,,PROVIA_1501831_Specification_Sheet.pdf,,,,,,,,,,,,,,,,,,No
,,,,,,31334363,Tools & Industrial Hardware,Industrial Maintenance,General Supplies,5334363,1501832,31.5x22.75 Bsmt ecoLitePlus WH - Hopper DLA w/Screen,PROVIA,-- No Unilog Brand --,-- No DIB Brand --,ProVia (PRODO),ProVia,PROVIA,,1501832,,Tools & Industrial Hardware>Industrial Maintenance>General Supplies,"ProVia, General Supplie, 1501832",GENERAL SUPPLIE,PROVIA 1501832 General Supplie,PROVIA General Supplie,General Supplie,,,,,,,,,,,,,,,,,,,,,,,,,,,General Supplie,Model,1501832,,,,,,,,,,,,,,,,,,,,,,,,,,,,,,,,,,,,,,,,,,,,,,,,,,,,,,,,,,,,,,,,,,,,,,,,,,,,,,,,,,,,,,,,,,,,,,,,,,,,,,,,,,,,,,,,,,,,,,,,,,,,,,,,,,,,,,,,,,,,,,,,,,,,,,,,,,,,,,,,,,,,,,,,PROVIA_1501832.jpg,,,,,,,,,PROVIA_1501832_Specification_Sheet.pdf,,,,,,,,,,,,,,,,,,No
,,,,,,65176725,Tools & Industrial Hardware,Industrial Maintenance,General Supplies,3176725,1515974,3030 Slider 3900 United Black WH Int LowE-2 w/Half Scrn w/J,United Window & Door,-- No Unilog Brand --,-- No DIB Brand --,-,,United Window & Door,,1515974,,Tools & Industrial Hardware>Industrial Maintenance>General Supplies,"United Window & Door, General Supplie, 1515974",GENERAL SUPPLIE,United Window & Door 1515974 General Supplie,United Window & Door General Supplie,General Supplie,,,,,,,,,,,,,,,,,,,,,,,,,,,General Supplie,Model,1515974,,,,,,,,,,,,,,,,,,,,,,,,,,,,,,,,,,,,,,,,,,,,,,,,,,,,,,,,,,,,,,,,,,,,,,,,,,,,,,,,,,,,,,,,,,,,,,,,,,,,,,,,,,,,,,,,,,,,,,,,,,,,,,,,,,,,,,,,,,,,,,,,,,,,,,,,,,,,,,,,,,,,,,,,United_Window_AND_Door_1515974.jpg,,,,,,,,,United_Window_AND_Door_1515974_Specification_Sheet.pdf,,,,,,,,,,,,,,,,,,No
,,,,,,64311020,Tools & Industrial Hardware,Industrial Maintenance,General Supplies,2311020,640383,"1/2"" 54""x10 Drywall Easi-Lite",-- Unbranded --,-- No Unilog Brand --,-- No DIB Brand --,Certainteed Gypsum (2765),Certainteed Gypsum,Certainteed Gypsum,,640383,,Tools & Industrial Hardware>Industrial Maintenance>General Supplies,"Certainteed Gypsum, General Supplie, 640383",GENERAL SUPPLIE,Certainteed Gypsum 640383 General Supplie,Certainteed Gypsum General Supplie,General Supplie,,,,,,,,,,,,,,,,,,,,,,,,,,,General Supplie,Model,640383,,,,,,,,,,,,,,,,,,,,,,,,,,,,,,,,,,,,,,,,,,,,,,,,,,,,,,,,,,,,,,,,,,,,,,,,,,,,,,,,,,,,,,,,,,,,,,,,,,,,,,,,,,,,,,,,,,,,,,,,,,,,,,,,,,,,,,,,,,,,,,,,,,,,,,,,,,,,,,,,,,,,,,,,Certainteed_Gypsum_640383.jpg,,,,,,,,,Certainteed_Gypsum_640383_Specification_Sheet.pdf,,,,,,,,,,,,,,,,,,No
,,,,,,21725889,Tools & Industrial Hardware,Industrial Maintenance,General Supplies,4725889,653258,"5/8"" 4x9 Drywall Firelite",-- Unbranded --,-- No Unilog Brand --,-- No DIB Brand --,Certainteed Gypsum (2765),Certainteed Gypsum,Certainteed Gypsum,,653258,,Tools & Industrial Hardware>Industrial Maintenance>General Supplies,"Certainteed Gypsum, General Supplie, 653258",GENERAL SUPPLIE,Certainteed Gypsum 653258 General Supplie,Certainteed Gypsum General Supplie,General Supplie,,,,,,,,,,,,,,,,,,,,,,,,,,,General Supplie,Model,653258,,,,,,,,,,,,,,,,,,,,,,,,,,,,,,,,,,,,,,,,,,,,,,,,,,,,,,,,,,,,,,,,,,,,,,,,,,,,,,,,,,,,,,,,,,,,,,,,,,,,,,,,,,,,,,,,,,,,,,,,,,,,,,,,,,,,,,,,,,,,,,,,,,,,,,,,,,,,,,,,,,,,,,,,Certainteed_Gypsum_653258.jpg,,,,,,,,,Certainteed_Gypsum_653258_Specification_Sheet.pdf,,,,,,,,,,,,,,,,,,No
,,,,,,59332278,Tools & Industrial Hardware,Industrial Maintenance,General Supplies,6332278,413S-DBA-36,"413S 36"" Alum Threshold DBZ",HAGER,-- No Unilog Brand --,-- No DIB Brand --,Hager Hinge Co (4189),Hager Hinge Co,HAGER,,413S-DBA-36,,Tools & Industrial Hardware>Industrial Maintenance>General Supplies,"Hager Hinge Co, General Supplie, 413S-DBA-36",GENERAL SUPPLIE,HAGER 413S-DBA-36 General Supplie,HAGER General Supplie,General Supplie,,,,,,,,,,,,,,,,,,,,,,,,,,,General Supplie,Model,413S-DBA-36,,,,,,,,,,,,,,,,,,,,,,,,,,,,,,,,,,,,,,,,,,,,,,,,,,,,,,,,,,,,,,,,,,,,,,,,,,,,,,,,,,,,,,,,,,,,,,,,,,,,,,,,,,,,,,,,,,,,,,,,,,,,,,,,,,,,,,,,,,,,,,,,,,,,,,,,,,,,,,,,,,,,,,,,HAGER_413S-DBA-36.jpg,,,,,,,,,HAGER_413S-DBA-36_Specification_Sheet.pdf,,,,,,,,,,,,,,,,,,No
,,,,,,74218385,Tools & Industrial Hardware,Industrial Maintenance,General Supplies,3218385,413S-DBA-72,"413S 72"" Alum Threshold DBZ",HAGER,-- No Unilog Brand --,-- No DIB Brand --,Hager Hinge Co (4189),Hager Hinge Co,HAGER,,413S-DBA-72,,Tools & Industrial Hardware>Industrial Maintenance>General Supplies,"Hager Hinge Co, General Supplie, 413S-DBA-72",GENERAL SUPPLIE,HAGER 413S-DBA-72 General Supplie,HAGER General Supplie,General Supplie,,,,,,,,,,,,,,,,,,,,,,,,,,,General Supplie,Model,413S-DBA-72,,,,,,,,,,,,,,,,,,,,,,,,,,,,,,,,,,,,,,,,,,,,,,,,,,,,,,,,,,,,,,,,,,,,,,,,,,,,,,,,,,,,,,,,,,,,,,,,,,,,,,,,,,,,,,,,,,,,,,,,,,,,,,,,,,,,,,,,,,,,,,,,,,,,,,,,,,,,,,,,,,,,,,,,HAGER_413S-DBA-72.jpg,,,,,,,,,HAGER_413S-DBA-72_Specification_Sheet.pdf,,,,,,,,,,,,,,,,,,No
,,,,,,60785713,Tools & Industrial Hardware,Industrial Maintenance,General Supplies,7785713,1511506,4'x65' Zip Rainscreen,-- Unbranded --,-- No Unilog Brand --,-- No DIB Brand --,Huber Eng Wood LLC (3158),Huber Eng Wood LLC,Huber Eng Wood LLC,,1511506,,Tools & Industrial Hardware>Industrial Maintenance>General Supplies,"Huber Eng Wood LLC, General Supplie, 1511506",GENERAL SUPPLIE,Huber Eng Wood LLC 1511506 General Supplie,Huber Eng Wood LLC General Supplie,General Supplie,,,,,,,,,,,,,,,,,,,,,,,,,,,General Supplie,Model,1511506,,,,,,,,,,,,,,,,,,,,,,,,,,,,,,,,,,,,,,,,,,,,,,,,,,,,,,,,,,,,,,,,,,,,,,,,,,,,,,,,,,,,,,,,,,,,,,,,,,,,,,,,,,,,,,,,,,,,,,,,,,,,,,,,,,,,,,,,,,,,,,,,,,,,,,,,,,,,,,,,,,,,,,,,Huber_Eng_Wood_LLC_1511506.jpg,,,,,,,,,Huber_Eng_Wood_LLC_1511506_Specification_Sheet.pdf,,,,,,,,,,,,,,,,,,No
,,,,,,79356295,Building Materials,Decking & Building Products,Composite Decking & Trim,8356295,1513577,1x8-12' Doug Fir STK Smooth 1S2E,COMMODITY - UNBRANDED,-- No Unilog Brand --,-- No DIB Brand --,Westwood Lumber Sales (WESLU),Westwood Lumber Sales,COMMODITY - UNBRANDED,,1513577,,Building Materials>Decking & Building Products>Composite Decking,"Westwood Lumber Sales, Composite Decking & Trim, 1513577",COMPOSITE DECKING & TRIM,COMMODITY - UNBRANDED 1513577 Composite Decking & Trim,COMMODITY - UNBRANDED Composite Decking & Trim,Composite Decking & Trim,,,,,,,,,,,,,,,,,,,,,,,,,,,Composite Decking & Trim,Model,1513577,,,,,,,,,,,,,,,,,,,,,,,,,,,,,,,,,,,,,,,,,,,,,,,,,,,,,,,,,,,,,,,,,,,,,,,,,,,,,,,,,,,,,,,,,,,,,,,,,,,,,,,,,,,,,,,,,,,,,,,,,,,,,,,,,,,,,,,,,,,,,,,,,,,,,,,,,,,,,,,,,,,,,,,,COMMODITY_-_UNBRANDED_1513577.jpg,,,,,,,,,COMMODITY_-_UNBRANDED_1513577_Specification_Sheet.pdf,,,,,,,,,,,,,,,,,,No
,,,,,,87953398,Building Materials,Decking & Building Products,Composite Decking & Trim,7953398,1513578,1x8-16' Doug Fir STK Smooth 1S2E,COMMODITY - UNBRANDED,-- No Unilog Brand --,-- No DIB Brand --,Westwood Lumber Sales (WESLU),Westwood Lumber Sales,COMMODITY - UNBRANDED,,1513578,,Building Materials>Decking & Building Products>Composite Decking,"Westwood Lumber Sales, Composite Decking & Trim, 1513578",COMPOSITE DECKING & TRIM,COMMODITY - UNBRANDED 1513578 Composite Decking & Trim,COMMODITY - UNBRANDED Composite Decking & Trim,Composite Decking & Trim,,,,,,,,,,,,,,,,,,,,,,,,,,,Composite Decking & Trim,Model,1513578,,,,,,,,,,,,,,,,,,,,,,,,,,,,,,,,,,,,,,,,,,,,,,,,,,,,,,,,,,,,,,,,,,,,,,,,,,,,,,,,,,,,,,,,,,,,,,,,,,,,,,,,,,,,,,,,,,,,,,,,,,,,,,,,,,,,,,,,,,,,,,,,,,,,,,,,,,,,,,,,,,,,,,,,COMMODITY_-_UNBRANDED_1513578.jpg,,,,,,,,,COMMODITY_-_UNBRANDED_1513578_Specification_Sheet.pdf,,,,,,,,,,,,,,,,,,No
,,,,,,42703141,Building Materials,Decking & Building Products,Composite Decking & Trim,7703141,1513579,1x12-12 'Doug Fir STK Smooth 1S2E,COMMODITY - UNBRANDED,-- No Unilog Brand --,-- No DIB Brand --,Westwood Lumber Sales (WESLU),Westwood Lumber Sales,COMMODITY - UNBRANDED,,1513579,,Building Materials>Decking & Building Products>Composite Decking,"Westwood Lumber Sales, Composite Decking & Trim, 1513579",COMPOSITE DECKING & TRIM,COMMODITY - UNBRANDED 1513579 Composite Decking & Trim,COMMODITY - UNBRANDED Composite Decking & Trim,Composite Decking & Trim,,,,,,,,,,,,,,,,,,,,,,,,,,,Composite Decking & Trim,Model,1513579,,,,,,,,,,,,,,,,,,,,,,,,,,,,,,,,,,,,,,,,,,,,,,,,,,,,,,,,,,,,,,,,,,,,,,,,,,,,,,,,,,,,,,,,,,,,,,,,,,,,,,,,,,,,,,,,,,,,,,,,,,,,,,,,,,,,,,,,,,,,,,,,,,,,,,,,,,,,,,,,,,,,,,,,COMMODITY_-_UNBRANDED_1513579.jpg,,,,,,,,,COMMODITY_-_UNBRANDED_1513579_Specification_Sheet.pdf,,,,,,,,,,,,,,,,,,No
,,,,,,81699101,Building Materials,Decking & Building Products,Composite Decking & Trim,1699101,1513580,1x12-16' Doug Fir STK Smooth 1S2E,COMMODITY - UNBRANDED,-- No Unilog Brand --,-- No DIB Brand --,Westwood Lumber Sales (WESLU),Westwood Lumber Sales,COMMODITY - UNBRANDED,,1513580,,Building Materials>Decking & Building Products>Composite Decking,"Westwood Lumber Sales, Composite Decking & Trim, 1513580",COMPOSITE DECKING & TRIM,COMMODITY - UNBRANDED 1513580 Composite Decking & Trim,COMMODITY - UNBRANDED Composite Decking & Trim,Composite Decking & Trim,,,,,,,,,,,,,,,,,,,,,,,,,,,Composite Decking & Trim,Model,1513580,,,,,,,,,,,,,,,,,,,,,,,,,,,,,,,,,,,,,,,,,,,,,,,,,,,,,,,,,,,,,,,,,,,,,,,,,,,,,,,,,,,,,,,,,,,,,,,,,,,,,,,,,,,,,,,,,,,,,,,,,,,,,,,,,,,,,,,,,,,,,,,,,,,,,,,,,,,,,,,,,,,,,,,,COMMODITY_-_UNBRANDED_1513580.jpg,,,,,,,,,COMMODITY_-_UNBRANDED_1513580_Specification_Sheet.pdf,,,,,,,,,,,,,,,,,,No
,,,,,,23736269,Tools & Industrial Hardware,Industrial Maintenance,General Supplies,6736269,1501767,"3/4"" 4x8T&G Huber Blue PlusOSB - Sub Floor",-- Unbranded --,-- No Unilog Brand --,-- No DIB Brand --,-,,,,1501767,,Tools & Industrial Hardware>Industrial Maintenance>General Supplies,", General Supplie, 1501767",GENERAL SUPPLIE,1501767 General Supplie,General Supplie,General Supplie,,,,,,,,,,,,,,,,,,,,,,,,,,,General Supplie,Model,1501767,,,,,,,,,,,,,,,,,,,,,,,,,,,,,,,,,,,,,,,,,,,,,,,,,,,,,,,,,,,,,,,,,,,,,,,,,,,,,,,,,,,,,,,,,,,,,,,,,,,,,,,,,,,,,,,,,,,,,,,,,,,,,,,,,,,,,,,,,,,,,,,,,,,,,,,,,,,,,,,,,,,,,,,,PRODUCT_1501767.jpg,,,,,,,,,PRODUCT_1501767_Specification_Sheet.pdf,,,,,,,,,,,,,,,,,,No
,,,,,,53103243,Tools & Industrial Hardware,Industrial Maintenance,General Supplies,9103243,PP-8BL,8' Premier Rib XL Black,-- Unbranded --,-- No Unilog Brand --,-- No DIB Brand --,Premier Metals (PREME),Premier Metals,Premier Metals,,PP-8BL,,Tools & Industrial Hardware>Industrial Maintenance>General Supplies,"Premier Metals, General Supplie, PP-8BL",GENERAL SUPPLIE,Premier Metals PP-8BL General Supplie,Premier Metals General Supplie,General Supplie,,,,,,,,,,,,,,,,,,,,,,,,,,,General Supplie,Model,PP-8BL,,,,,,,,,,,,,,,,,,,,,,,,,,,,,,,,,,,,,,,,,,,,,,,,,,,,,,,,,,,,,,,,,,,,,,,,,,,,,,,,,,,,,,,,,,,,,,,,,,,,,,,,,,,,,,,,,,,,,,,,,,,,,,,,,,,,,,,,,,,,,,,,,,,,,,,,,,,,,,,,,,,,,,,,Premier_Metals_PP-8BL.jpg,,,,,,,,,Premier_Metals_PP-8BL_Specification_Sheet.pdf,,,,,,,,,,,,,,,,,,No
,,,,,,89399681,Tools & Industrial Hardware,Industrial Maintenance,General Supplies,9399681,PP-10BL,10' Premier Rib XL Black,-- Unbranded --,-- No Unilog Brand --,-- No DIB Brand --,Premier Metals (PREME),Premier Metals,Premier Metals,,PP-10BL,,Tools & Industrial Hardware>Industrial Maintenance>General Supplies,"Premier Metals, General Supplie, PP-10BL",GENERAL SUPPLIE,Premier Metals PP-10BL General Supplie,Premier Metals General Supplie,General Supplie,,,,,,,,,,,,,,,,,,,,,,,,,,,General Supplie,Model,PP-10BL,,,,,,,,,,,,,,,,,,,,,,,,,,,,,,,,,,,,,,,,,,,,,,,,,,,,,,,,,,,,,,,,,,,,,,,,,,,,,,,,,,,,,,,,,,,,,,,,,,,,,,,,,,,,,,,,,,,,,,,,,,,,,,,,,,,,,,,,,,,,,,,,,,,,,,,,,,,,,,,,,,,,,,,,Premier_Metals_PP-10BL.jpg,,,,,,,,,Premier_Metals_PP-10BL_Specification_Sheet.pdf,,,,,,,,,,,,,,,,,,No
,,,,,,30968176,Tools & Industrial Hardware,Industrial Maintenance,General Supplies,4968176,PP-12BL,12' Premier Rib XL Black,-- Unbranded --,-- No Unilog Brand --,-- No DIB Brand --,Premier Metals (PREME),Premier Metals,Premier Metals,,PP-12BL,,Tools & Industrial Hardware>Industrial Maintenance>General Supplies,"Premier Metals, General Supplie, PP-12BL",GENERAL SUPPLIE,Premier Metals PP-12BL General Supplie,Premier Metals General Supplie,General Supplie,,,,,,,,,,,,,,,,,,,,,,,,,,,General Supplie,Model,PP-12BL,,,,,,,,,,,,,,,,,,,,,,,,,,,,,,,,,,,,,,,,,,,,,,,,,,,,,,,,,,,,,,,,,,,,,,,,,,,,,,,,,,,,,,,,,,,,,,,,,,,,,,,,,,,,,,,,,,,,,,,,,,,,,,,,,,,,,,,,,,,,,,,,,,,,,,,,,,,,,,,,,,,,,,,,Premier_Metals_PP-12BL.jpg,,,,,,,,,Premier_Metals_PP-12BL_Specification_Sheet.pdf,,,,,,,,,,,,,,,,,,No
,,,,,,25235274,Tools & Industrial Hardware,Industrial Maintenance,General Supplies,8235274,PP-8CH,8' Premier Rib XL Charcoal,-- Unbranded --,-- No Unilog Brand --,-- No DIB Brand --,Premier Metals (PREME),Premier Metals,Premier Metals,,PP-8CH,,Tools & Industrial Hardware>Industrial Maintenance>General Supplies,"Premier Metals, General Supplie, PP-8CH",GENERAL SUPPLIE,Premier Metals PP-8CH General Supplie,Premier Metals General Supplie,General Supplie,,,,,,,,,,,,,,,,,,,,,,,,,,,General Supplie,Model,PP-8CH,,,,,,,,,,,,,,,,,,,,,,,,,,,,,,,,,,,,,,,,,,,,,,,,,,,,,,,,,,,,,,,,,,,,,,,,,,,,,,,,,,,,,,,,,,,,,,,,,,,,,,,,,,,,,,,,,,,,,,,,,,,,,,,,,,,,,,,,,,,,,,,,,,,,,,,,,,,,,,,,,,,,,,,,Premier_Metals_PP-8CH.jpg,,,,,,,,,Premier_Metals_PP-8CH_Specification_Sheet.pdf,,,,,,,,,,,,,,,,,,No
,,,,,,59423746,Tools & Industrial Hardware,Industrial Maintenance,General Supplies,6423746,PP-10CH,10' Premier Rib XL Charcoal,-- Unbranded --,-- No Unilog Brand --,-- No DIB Brand --,Premier Metals (PREME),Premier Metals,Premier Metals,,PP-10CH,,Tools & Industrial Hardware>Industrial Maintenance>General Supplies,"Premier Metals, General Supplie, PP-10CH",GENERAL SUPPLIE,Premier Metals PP-10CH General Supplie,Premier Metals General Supplie,General Supplie,,,,,,,,,,,,,,,,,,,,,,,,,,,General Supplie,Model,PP-10CH,,,,,,,,,,,,,,,,,,,,,,,,,,,,,,,,,,,,,,,,,,,,,,,,,,,,,,,,,,,,,,,,,,,,,,,,,,,,,,,,,,,,,,,,,,,,,,,,,,,,,,,,,,,,,,,,,,,,,,,,,,,,,,,,,,,,,,,,,,,,,,,,,,,,,,,,,,,,,,,,,,,,,,,,Premier_Metals_PP-10CH.jpg,,,,,,,,,Premier_Metals_PP-10CH_Specification_Sheet.pdf,,,,,,,,,,,,,,,,,,No
,,,,,,13219682,Tools & Industrial Hardware,Industrial Maintenance,General Supplies,5219682,PP-12CH,12' Premier Rib XL Charcoal,-- Unbranded --,-- No Unilog Brand --,-- No DIB Brand --,Premier Metals (PREME),Premier Metals,Premier Metals,,PP-12CH,,Tools & Industrial Hardware>Industrial Maintenance>General Supplies,"Premier Metals, General Supplie, PP-12CH",GENERAL SUPPLIE,Premier Metals PP-12CH General Supplie,Premier Metals General Supplie,General Supplie,,,,,,,,,,,,,,,,,,,,,,,,,,,General Supplie,Model,PP-12CH,,,,,,,,,,,,,,,,,,,,,,,,,,,,,,,,,,,,,,,,,,,,,,,,,,,,,,,,,,,,,,,,,,,,,,,,,,,,,,,,,,,,,,,,,,,,,,,,,,,,,,,,,,,,,,,,,,,,,,,,,,,,,,,,,,,,,,,,,,,,,,,,,,,,,,,,,,,,,,,,,,,,,,,,Premier_Metals_PP-12CH.jpg,,,,,,,,,Premier_Metals_PP-12CH_Specification_Sheet.pdf,,,,,,,,,,,,,,,,,,No
,,,,,,79081317,Tools & Industrial Hardware,Industrial Maintenance,General Supplies,8081317,PP-8WH,8' Premier Rib XL White,-- Unbranded --,-- No Unilog Brand --,-- No DIB Brand --,Premier Metals (PREME),Premier Metals,Premier Metals,,PP-8WH,,Tools & Industrial Hardware>Industrial Maintenance>General Supplies,"Premier Metals, General Supplie, PP-8WH",GENERAL SUPPLIE,Premier Metals PP-8WH General Supplie,Premier Metals General Supplie,General Supplie,,,,,,,,,,,,,,,,,,,,,,,,,,,General Supplie,Model,PP-8WH,,,,,,,,,,,,,,,,,,,,,,,,,,,,,,,,,,,,,,,,,,,,,,,,,,,,,,,,,,,,,,,,,,,,,,,,,,,,,,,,,,,,,,,,,,,,,,,,,,,,,,,,,,,,,,,,,,,,,,,,,,,,,,,,,,,,,,,,,,,,,,,,,,,,,,,,,,,,,,,,,,,,,,,,Premier_Metals_PP-8WH.jpg,,,,,,,,,Premier_Metals_PP-8WH_Specification_Sheet.pdf,,,,,,,,,,,,,,,,,,No
,,,,,,57026823,Tools & Industrial Hardware,Industrial Maintenance,General Supplies,4026823,PP-10WH,10' Premier Rib XL White,-- Unbranded --,-- No Unilog Brand --,-- No DIB Brand --,Premier Metals (PREME),Premier Metals,Premier Metals,,PP-10WH,,Tools & Industrial Hardware>Industrial Maintenance>General Supplies,"Premier Metals, General Supplie, PP-10WH",GENERAL SUPPLIE,Premier Metals PP-10WH General Supplie,Premier Metals General Supplie,General Supplie,,,,,,,,,,,,,,,,,,,,,,,,,,,General Supplie,Model,PP-10WH,,,,,,,,,,,,,,,,,,,,,,,,,,,,,,,,,,,,,,,,,,,,,,,,,,,,,,,,,,,,,,,,,,,,,,,,,,,,,,,,,,,,,,,,,,,,,,,,,,,,,,,,,,,,,,,,,,,,,,,,,,,,,,,,,,,,,,,,,,,,,,,,,,,,,,,,,,,,,,,,,,,,,,,,Premier_Metals_PP-10WH.jpg,,,,,,,,,Premier_Metals_PP-10WH_Specification_Sheet.pdf,,,,,,,,,,,,,,,,,,No
,,,,,,29738869,Tools & Industrial Hardware,Industrial Maintenance,General Supplies,3738869,1504345,OC Duration TruDef Wburg Gray (BDL),-- Unbranded --,-- No Unilog Brand --,-- No DIB Brand --,Palmer Donavin Mfg Company (PALDO),Palmer Donavin Mfg Company,Palmer Donavin Mfg Company,,1504345,,Tools & Industrial Hardware>Industrial Maintenance>General Supplies,"Palmer Donavin Mfg Company, General Supplie, 1504345",GENERAL SUPPLIE,Palmer Donavin Mfg Company 1504345 General Supplie,Palmer Donavin Mfg Company General Supplie,General Supplie,,,,,,,,,,,,,,,,,,,,,,,,,,,General Supplie,Model,1504345,,,,,,,,,,,,,,,,,,,,,,,,,,,,,,,,,,,,,,,,,,,,,,,,,,,,,,,,,,,,,,,,,,,,,,,,,,,,,,,,,,,,,,,,,,,,,,,,,,,,,,,,,,,,,,,,,,,,,,,,,,,,,,,,,,,,,,,,,,,,,,,,,,,,,,,,,,,,,,,,,,,,,,,,Palmer_Donavin_Mfg_Company_1504345.jpg,,,,,,,,,Palmer_Donavin_Mfg_Company_1504345_Specification_Sheet.pdf,,,,,,,,,,,,,,,,,,No
,,,,,,76405186,Tools & Industrial Hardware,Industrial Maintenance,General Supplies,5405186,2733,3'x65' Henry Eaveguard - Ice Guard,-- Unbranded --,-- No Unilog Brand --,-- No DIB Brand --,Palmer Donavin Mfg Company (PALDO),Palmer Donavin Mfg Company,Palmer Donavin Mfg Company,,2733,,Tools & Industrial Hardware>Industrial Maintenance>General Supplies,"Palmer Donavin Mfg Company, General Supplie, 2733",GENERAL SUPPLIE,Palmer Donavin Mfg Company 2733 General Supplie,Palmer Donavin Mfg Company General Supplie,General Supplie,,,,,,,,,,,,,,,,,,,,,,,,,,,General Supplie,Model,2733,,,,,,,,,,,,,,,,,,,,,,,,,,,,,,,,,,,,,,,,,,,,,,,,,,,,,,,,,,,,,,,,,,,,,,,,,,,,,,,,,,,,,,,,,,,,,,,,,,,,,,,,,,,,,,,,,,,,,,,,,,,,,,,,,,,,,,,,,,,,,,,,,,,,,,,,,,,,,,,,,,,,,,,,Palmer_Donavin_Mfg_Company_2733.jpg,,,,,,,,,Palmer_Donavin_Mfg_Company_2733_Specification_Sheet.pdf,,,,,,,,,,,,,,,,,,No
,,,,,,76524199,Tools & Industrial Hardware,Industrial Maintenance,General Supplies,5524199,7547,Ice Guard OC Weathr Lk Mat 2sq,-- Unbranded --,-- No Unilog Brand --,-- No DIB Brand --,-,,,,7547,,Tools & Industrial Hardware>Industrial Maintenance>General Supplies,", General Supplie, 7547",GENERAL SUPPLIE,7547 General Supplie,General Supplie,General Supplie,,,,,,,,,,,,,,,,,,,,,,,,,,,General Supplie,Model,7547,,,,,,,,,,,,,,,,,,,,,,,,,,,,,,,,,,,,,,,,,,,,,,,,,,,,,,,,,,,,,,,,,,,,,,,,,,,,,,,,,,,,,,,,,,,,,,,,,,,,,,,,,,,,,,,,,,,,,,,,,,,,,,,,,,,,,,,,,,,,,,,,,,,,,,,,,,,,,,,,,,,,,,,,PRODUCT_7547.jpg,,,,,,,,,PRODUCT_7547_Specification_Sheet.pdf,,,,,,,,,,,,,,,,,,No
,,,,,,42817225,Tools & Industrial Hardware,Industrial Maintenance,General Supplies,7817225,8912220,"7-1/4""x12' Hardie Sdg Smooth - Primed HardiePlank",JAMESHARDIE,-- No Unilog Brand --,-- No DIB Brand --,Boise Cascade Building Materials (BOICA),Boise Cascade Building Materials,JAMESHARDIE,,8912220,,Tools & Industrial Hardware>Industrial Maintenance>General Supplies,"Boise Cascade Building Materials, General Supplie, 8912220",GENERAL SUPPLIE,JAMESHARDIE 8912220 General Supplie,JAMESHARDIE General Supplie,General Supplie,,,,,,,,,,,,,,,,,,,,,,,,,,,General Supplie,Model,8912220,,,,,,,,,,,,,,,,,,,,,,,,,,,,,,,,,,,,,,,,,,,,,,,,,,,,,,,,,,,,,,,,,,,,,,,,,,,,,,,,,,,,,,,,,,,,,,,,,,,,,,,,,,,,,,,,,,,,,,,,,,,,,,,,,,,,,,,,,,,,,,,,,,,,,,,,,,,,,,,,,,,,,,,,JAMESHARDIE_8912220.jpg,,,,,,,,,JAMESHARDIE_8912220_Specification_Sheet.pdf,,,,,,,,,,,,,,,,,,No
,,,,,,42081226,Tools & Industrial Hardware,Industrial Maintenance,General Supplies,7081226,8904015,4'x10' HardiePanel Smooth - Primed,JAMESHARDIE,-- No Unilog Brand --,-- No DIB Brand --,Boise Cascade Building Materials (BOICA),Boise Cascade Building Materials,JAMESHARDIE,,8904015,,Tools & Industrial Hardware>Industrial Maintenance>General Supplies,"Boise Cascade Building Materials, General Supplie, 8904015",GENERAL SUPPLIE,JAMESHARDIE 8904015 General Supplie,JAMESHARDIE General Supplie,General Supplie,,,,,,,,,,,,,,,,,,,,,,,,,,,General Supplie,Model,8904015,,,,,,,,,,,,,,,,,,,,,,,,,,,,,,,,,,,,,,,,,,,,,,,,,,,,,,,,,,,,,,,,,,,,,,,,,,,,,,,,,,,,,,,,,,,,,,,,,,,,,,,,,,,,,,,,,,,,,,,,,,,,,,,,,,,,,,,,,,,,,,,,,,,,,,,,,,,,,,,,,,,,,,,,JAMESHARDIE_8904015.jpg,,,,,,,,,JAMESHARDIE_8904015_Specification_Sheet.pdf,,,,,,,,,,,,,,,,,,No
,,,,,,22597799,Building Materials,Decking & Building Products,Composite Decking & Trim,5597799,25796,"6""x16' Smart Lap Sdg Cedar",LP SMARTSIDE,-- No Unilog Brand --,-- No DIB Brand --,U S Lumber (3073),U S Lumber,LP SMARTSIDE,,25796,,Building Materials>Decking & Building Products>Composite Decking,"U S Lumber, Composite Decking & Trim, 25796",COMPOSITE DECKING & TRIM,LP SMARTSIDE 25796 Composite Decking & Trim,LP SMARTSIDE Composite Decking & Trim,Composite Decking & Trim,,,,,,,,,,,,,,,,,,,,,,,,,,,Composite Decking & Trim,Model,25796,,,,,,,,,,,,,,,,,,,,,,,,,,,,,,,,,,,,,,,,,,,,,,,,,,,,,,,,,,,,,,,,,,,,,,,,,,,,,,,,,,,,,,,,,,,,,,,,,,,,,,,,,,,,,,,,,,,,,,,,,,,,,,,,,,,,,,,,,,,,,,,,,,,,,,,,,,,,,,,,,,,,,,,,LP_SMARTSIDE_25796.jpg,,,,,,,,,LP_SMARTSIDE_25796_Specification_Sheet.pdf,,,,,,,,,,,,,,,,,,No
,,,,,,61439539,Building Materials,Decking & Building Products,Composite Decking & Trim,8439539,40503,"3/8"" 16""x16' Smart Pan Cedar - No-Groove Sq Edge B&B",LP SMARTSIDE,-- No Unilog Brand --,-- No DIB Brand --,U S Lumber (3073),U S Lumber,LP SMARTSIDE,,40503,,Building Materials>Decking & Building Products>Composite Decking,"U S Lumber, Composite Decking & Trim, 40503",COMPOSITE DECKING & TRIM,LP SMARTSIDE 40503 Composite Decking & Trim,LP SMARTSIDE Composite Decking & Trim,Composite Decking & Trim,,,,,,,,,,,,,,,,,,,,,,,,,,,Composite Decking & Trim,Model,40503,,,,,,,,,,,,,,,,,,,,,,,,,,,,,,,,,,,,,,,,,,,,,,,,,,,,,,,,,,,,,,,,,,,,,,,,,,,,,,,,,,,,,,,,,,,,,,,,,,,,,,,,,,,,,,,,,,,,,,,,,,,,,,,,,,,,,,,,,,,,,,,,,,,,,,,,,,,,,,,,,,,,,,,,LP_SMARTSIDE_40503.jpg,,,,,,,,,LP_SMARTSIDE_40503_Specification_Sheet.pdf,,,,,,,,,,,,,,,,,,No
,,,,,,38592478,Building Materials,Decking & Building Products,Composite Decking & Trim,3592478,25825,"3/8"" 4x10 Smart Pan Cedar - No-Groove w/Shiplap Edges",LP SMARTSIDE,-- No Unilog Brand --,-- No DIB Brand --,U S Lumber (3073),U S Lumber,LP SMARTSIDE,,25825,,Building Materials>Decking & Building Products>Composite Decking,"U S Lumber, Composite Decking & Trim, 25825",COMPOSITE DECKING & TRIM,LP SMARTSIDE 25825 Composite Decking & Trim,LP SMARTSIDE Composite Decking & Trim,Composite Decking & Trim,,,,,,,,,,,,,,,,,,,,,,,,,,,Composite Decking & Trim,Model,25825,,,,,,,,,,,,,,,,,,,,,,,,,,,,,,,,,,,,,,,,,,,,,,,,,,,,,,,,,,,,,,,,,,,,,,,,,,,,,,,,,,,,,,,,,,,,,,,,,,,,,,,,,,,,,,,,,,,,,,,,,,,,,,,,,,,,,,,,,,,,,,,,,,,,,,,,,,,,,,,,,,,,,,,,LP_SMARTSIDE_25825.jpg,,,,,,,,,LP_SMARTSIDE_25825_Specification_Sheet.pdf,,,,,,,,,,,,,,,,,,No
,,,,,,43590380,Building Materials,Decking & Building Products,Composite Decking & Trim,8590380,25822,"3/8"" 12""x16' Smart Vented Soff - Cedar Soffit",LP SMARTSIDE,-- No Unilog Brand --,-- No DIB Brand --,U S Lumber (3073),U S Lumber,LP SMARTSIDE,,25822,,Building Materials>Decking & Building Products>Composite Decking,"U S Lumber, Composite Decking & Trim, 25822",COMPOSITE DECKING & TRIM,LP SMARTSIDE 25822 Composite Decking & Trim,LP SMARTSIDE Composite Decking & Trim,Composite Decking & Trim,,,,,,,,,,,,,,,,,,,,,,,,,,,Composite Decking & Trim,Model,25822,,,,,,,,,,,,,,,,,,,,,,,,,,,,,,,,,,,,,,,,,,,,,,,,,,,,,,,,,,,,,,,,,,,,,,,,,,,,,,,,,,,,,,,,,,,,,,,,,,,,,,,,,,,,,,,,,,,,,,,,,,,,,,,,,,,,,,,,,,,,,,,,,,,,,,,,,,,,,,,,,,,,,,,,LP_SMARTSIDE_25822.jpg,,,,,,,,,LP_SMARTSIDE_25822_Specification_Sheet.pdf,,,,,,,,,,,,,,,,,,No
,,,,,,51913968,Building Materials,Decking & Building Products,Composite Decking & Trim,7913968,543650101,Black Alum ADA Wall Mount Trex,TREX,-- No Unilog Brand --,-- No DIB Brand --,Boise Cascade Building Materials (BOICA),Boise Cascade Building Materials,TREX®,,543650101,,Building Materials>Decking & Building Products>Composite Decking,"Boise Cascade Building Materials, Composite Decking & Trim, 543650101, Wall Moun",COMPOSITE DECKING & TRIM WALL,"TREX® 543650101 Composite Decking & Trim, Wall Mounting","TREX® Composite Decking & Trim, Wall Mounting","Composite Decking & Trim, Wall Mounting",,,,,,,,,,,,,,,,,,,,,,,,,,,Composite Decking & Trim,Model,543650101,,Mounting Type,Wall,,,,,,,,,,,,,,,,,,,,,,,,,,,,,,,,,,,,,,,,,,,,,,,,,,,,,,,,,,,,,,,,,,,,,,,,,,,,,,,,,,,,,,,,,,,,,,,,,,,,,,,,,,,,,,,,,,,,,,,,,,,,,,,,,,,,,,,,,,,,,,,,,,,,,,,,,,,,,,,,,,,,,TREX_543650101.jpg,,,,,,,,,TREX_543650101_Specification_Sheet.pdf,,,,,,,,,,,,,,,,,,No
,,,,,,85260681,Building Materials,Decking & Building Products,Composite Decking & Trim,5260681,543650010,Black Alum ADA Int End Cap - Trex,TREX,-- No Unilog Brand --,-- No DIB Brand --,Boise Cascade Building Materials (BOICA),Boise Cascade Building Materials,TREX®,,543650010,,Building Materials>Decking & Building Products>Composite Decking,"Boise Cascade Building Materials, Composite Decking & Trim, 543650010",COMPOSITE DECKING & TRIM,TREX® 543650010 Composite Decking & Trim,TREX® Composite Decking & Trim,Composite Decking & Trim,,,,,,,,,,,,,,,,,,,,,,,,,,,Composite Decking & Trim,Model,543650010,,,,,,,,,,,,,,,,,,,,,,,,,,,,,,,,,,,,,,,,,,,,,,,,,,,,,,,,,,,,,,,,,,,,,,,,,,,,,,,,,,,,,,,,,,,,,,,,,,,,,,,,,,,,,,,,,,,,,,,,,,,,,,,,,,,,,,,,,,,,,,,,,,,,,,,,,,,,,,,,,,,,,,,,TREX_543650010.jpg,,,,,,,,,TREX_543650010_Specification_Sheet.pdf,,,,,,,,,,,,,,,,,,No
,,,,,,47298755,Building Materials,Decking & Building Products,Composite Decking & Trim,3298755,543650048,8' Black Alum ADA Rail Trex,TREX,-- No Unilog Brand --,-- No DIB Brand --,Boise Cascade Building Materials (BOICA),Boise Cascade Building Materials,TREX®,,543650048,,Building Materials>Decking & Building Products>Composite Decking,"Boise Cascade Building Materials, Composite Decking & Trim, 543650048",COMPOSITE DECKING & TRIM,TREX® 543650048 Composite Decking & Trim,TREX® Composite Decking & Trim,Composite Decking & Trim,,,,,,,,,,,,,,,,,,,,,,,,,,,Composite Decking & Trim,Model,543650048,,,,,,,,,,,,,,,,,,,,,,,,,,,,,,,,,,,,,,,,,,,,,,,,,,,,,,,,,,,,,,,,,,,,,,,,,,,,,,,,,,,,,,,,,,,,,,,,,,,,,,,,,,,,,,,,,,,,,,,,,,,,,,,,,,,,,,,,,,,,,,,,,,,,,,,,,,,,,,,,,,,,,,,,TREX_543650048.jpg,,,,,,,,,TREX_543650048_Specification_Sheet.pdf,,,,,,,,,,,,,,,,,,No
,,,,,,65366957,Tools & Industrial Hardware,Industrial Maintenance,General Supplies,3366957,1506969,"1-1/2"" 4x8 Huber Zip R6.6 - Insulated R-Sheathing",-- Unbranded --,-- No Unilog Brand --,-- No DIB Brand --,-,,,,1506969,,Tools & Industrial Hardware>Industrial Maintenance>General Supplies,", General Supplie, 1506969",GENERAL SUPPLIE,1506969 General Supplie,General Supplie,General Supplie,,,,,,,,,,,,,,,,,,,,,,,,,,,General Supplie,Model,1506969,,,,,,,,,,,,,,,,,,,,,,,,,,,,,,,,,,,,,,,,,,,,,,,,,,,,,,,,,,,,,,,,,,,,,,,,,,,,,,,,,,,,,,,,,,,,,,,,,,,,,,,,,,,,,,,,,,,,,,,,,,,,,,,,,,,,,,,,,,,,,,,,,,,,,,,,,,,,,,,,,,,,,,,,PRODUCT_1506969.jpg,,,,,,,,,PRODUCT_1506969_Specification_Sheet.pdf,,,,,,,,,,,,,,,,,,No
,,,,,,50057650,Tools & Industrial Hardware,Industrial Maintenance,General Supplies,6057650,1514681,"1"" 4x8 Huber Zip R3.6 - Insulated R-Sheathing",-- Unbranded --,-- No Unilog Brand --,-- No DIB Brand --,-,,,,1514681,,Tools & Industrial Hardware>Industrial Maintenance>General Supplies,", General Supplie, 1514681",GENERAL SUPPLIE,1514681 General Supplie,General Supplie,General Supplie,,,,,,,,,,,,,,,,,,,,,,,,,,,General Supplie,Model,1514681,,,,,,,,,,,,,,,,,,,,,,,,,,,,,,,,,,,,,,,,,,,,,,,,,,,,,,,,,,,,,,,,,,,,,,,,,,,,,,,,,,,,,,,,,,,,,,,,,,,,,,,,,,,,,,,,,,,,,,,,,,,,,,,,,,,,,,,,,,,,,,,,,,,,,,,,,,,,,,,,,,,,,,,,PRODUCT_1514681.jpg,,,,,,,,,PRODUCT_1514681_Specification_Sheet.pdf,,,,,,,,,,,,,,,,,,No
,,,,,,82449070,Tools & Industrial Hardware,Industrial Maintenance,General Supplies,2449070,1514726,"2"" 4x8 Huber Zip R9.6 - Insulated R-Sheathing",-- Unbranded --,-- No Unilog Brand --,-- No DIB Brand --,-,,,,1514726,,Tools & Industrial Hardware>Industrial Maintenance>General Supplies,", General Supplie, 1514726",GENERAL SUPPLIE,1514726 General Supplie,General Supplie,General Supplie,,,,,,,,,,,,,,,,,,,,,,,,,,,General Supplie,Model,1514726,,,,,,,,,,,,,,,,,,,,,,,,,,,,,,,,,,,,,,,,,,,,,,,,,,,,,,,,,,,,,,,,,,,,,,,,,,,,,,,,,,,,,,,,,,,,,,,,,,,,,,,,,,,,,,,,,,,,,,,,,,,,,,,,,,,,,,,,,,,,,,,,,,,,,,,,,,,,,,,,,,,,,,,,PRODUCT_1514726.jpg,,,,,,,,,PRODUCT_1514726_Specification_Sheet.pdf,,,,,,,,,,,,,,,,,,No
,,,,,,41654308,Tools & Industrial Hardware,Industrial Maintenance,General Supplies,6654308,1728ABL,2x2 Black Fine Fissured 1728BL,-- Unbranded --,-- No Unilog Brand --,-- No DIB Brand --,Palmer Donavin Mfg Company (PALDO),Palmer Donavin Mfg Company,Palmer Donavin Mfg Company,,1728ABL,,Tools & Industrial Hardware>Industrial Maintenance>General Supplies,"Palmer Donavin Mfg Company, General Supplie, 1728ABL",GENERAL SUPPLIE,Palmer Donavin Mfg Company 1728ABL General Supplie,Palmer Donavin Mfg Company General Supplie,General Supplie,,,,,,,,,,,,,,,,,,,,,,,,,,,General Supplie,Model,1728ABL,,,,,,,,,,,,,,,,,,,,,,,,,,,,,,,,,,,,,,,,,,,,,,,,,,,,,,,,,,,,,,,,,,,,,,,,,,,,,,,,,,,,,,,,,,,,,,,,,,,,,,,,,,,,,,,,,,,,,,,,,,,,,,,,,,,,,,,,,,,,,,,,,,,,,,,,,,,,,,,,,,,,,,,,Palmer_Donavin_Mfg_Company_1728ABL.jpg,,,,,,,,,Palmer_Donavin_Mfg_Company_1728ABL_Specification_Sheet.pdf,,,,,,,,,,,,,,,,,,No
,,,,,,95236704,Tools & Industrial Hardware,Industrial Maintenance,General Supplies,6236704,402-R,402R 12V12AH 8D Battery,-- Unbranded --,-- No Unilog Brand --,-- No DIB Brand --,MillerTech Energy Solutions (MILTE),MillerTech Energy Solutions,MillerTech Energy Solutions,,402-R,,Tools & Industrial Hardware>Industrial Maintenance>General Supplies,"MillerTech Energy Solutions, General Supplie, 402-R",GENERAL SUPPLIE,MillerTech Energy Solutions 402-R General Supplie,MillerTech Energy Solutions General Supplie,General Supplie,,,,,,,,,,,,,,,,,,,,,,,,,,,General Supplie,Model,402-R,,,,,,,,,,,,,,,,,,,,,,,,,,,,,,,,,,,,,,,,,,,,,,,,,,,,,,,,,,,,,,,,,,,,,,,,,,,,,,,,,,,,,,,,,,,,,,,,,,,,,,,,,,,,,,,,,,,,,,,,,,,,,,,,,,,,,,,,,,,,,,,,,,,,,,,,,,,,,,,,,,,,,,,,MillerTech_Energy_Solutions_402-R.jpg,,,,,,,,,MillerTech_Energy_Solutions_402-R_Specification_Sheet.pdf,,,,,,,,,,,,,,,,,,No
,,,,,,90072583,Tools & Industrial Hardware,Industrial Maintenance,General Supplies,1072583,SL1672,SL1672 Jumpstart & Pwr Supply,-- Unbranded --,-- No Unilog Brand --,Schumacher,-,,Schumacher,,SL1672,,Tools & Industrial Hardware>Industrial Maintenance>General Supplies,"Schumacher, General Supplie, SL1672",GENERAL SUPPLIE,Schumacher SL1672 General Supplie,Schumacher General Supplie,General Supplie,,,,,,,,,,,,,,,,,,,,,,,,,,,General Supplie,Model,SL1672,,,,,,,,,,,,,,,,,,,,,,,,,,,,,,,,,,,,,,,,,,,,,,,,,,,,,,,,,,,,,,,,,,,,,,,,,,,,,,,,,,,,,,,,,,,,,,,,,,,,,,,,,,,,,,,,,,,,,,,,,,,,,,,,,,,,,,,,,,,,,,,,,,,,,,,,,,,,,,,,,,,,,,,,Schumacher_SL1672.jpg,,,,,,,,,Schumacher_SL1672_Specification_Sheet.pdf,,,,,,,,,,,,,,,,,,No
,,,,,,63113175,Tools & Industrial Hardware,Industrial Maintenance,General Supplies,1113175,BM-DW20-YLW-6,BM-DW20-YLW-6 Dewalt - Battery Mounts 6pk,-- Unbranded --,-- No Unilog Brand --,StealthMounts,Metalmark Industrial Inc (METIN),Metalmark Industrial Inc,StealthMounts,,BM-DW20-YLW-6,,Tools & Industrial Hardware>Industrial Maintenance>General Supplies,"Metalmark Industrial Inc, General Supplie, BM-DW20-YLW-6",GENERAL SUPPLIE,StealthMounts BM-DW20-YLW-6 General Supplie,StealthMounts General Supplie,General Supplie,,,,,,,,,,,,,,,,,,,,,,,,,,,General Supplie,Model,BM-DW20-YLW-6,,,,,,,,,,,,,,,,,,,,,,,,,,,,,,,,,,,,,,,,,,,,,,,,,,,,,,,,,,,,,,,,,,,,,,,,,,,,,,,,,,,,,,,,,,,,,,,,,,,,,,,,,,,,,,,,,,,,,,,,,,,,,,,,,,,,,,,,,,,,,,,,,,,,,,,,,,,,,,,,,,,,,,,,StealthMounts_BM-DW20-YLW-6.jpg,,,,,,,,,StealthMounts_BM-DW20-YLW-6_Specification_Sheet.pdf,,,,,,,,,,,,,,,,,,No
,,,,,,97513928,Lighting & Electrical,Electrical Controls,Wiring Devices & Switches,8513928,BHA1-UPC,16-24 Adjust Hanger,-- Unbranded --,-- No Unilog Brand --,Southwire,Southwire/g Turner (6603),Southwire/g Turner,Southwire,,BHA1-UPC,,Lighting & Electrical>Electrical Controls>Wiring Devices,"Southwire/g Turner, Wiring Devices & Switche, BHA1-UPC",WIRING DEVICES & SWITCHE,Southwire BHA1-UPC Wiring Devices & Switche,Southwire Wiring Devices & Switche,Wiring Devices & Switche,,,,,,,,,,,,,,,,,,,,,,,,,,,Wiring Devices & Switche,Model,BHA1-UPC,,,,,,,,,,,,,,,,,,,,,,,,,,,,,,,,,,,,,,,,,,,,,,,,,,,,,,,,,,,,,,,,,,,,,,,,,,,,,,,,,,,,,,,,,,,,,,,,,,,,,,,,,,,,,,,,,,,,,,,,,,,,,,,,,,,,,,,,,,,,,,,,,,,,,,,,,,,,,,,,,,,,,,,,Southwire_BHA1-UPC.jpg,,,,,,,,,Southwire_BHA1-UPC_Specification_Sheet.pdf,,,,,,,,,,,,,,,,,,No
,,,,,,22272679,Lighting & Electrical,Electrical Controls,Wiring Devices & Switches,5272679,G1941-UPC,"G1941UPC 4"" Sq Cover Sw/Outlet",-- Unbranded --,-- No Unilog Brand --,Southwire,Southwire/g Turner (6603),Southwire/g Turner,Southwire,,G1941-UPC,,Lighting & Electrical>Electrical Controls>Wiring Devices,"Southwire/g Turner, Wiring Devices & Switche, G1941-UPC",WIRING DEVICES & SWITCHE,Southwire G1941-UPC Wiring Devices & Switche,Southwire Wiring Devices & Switche,Wiring Devices & Switche,,,,,,,,,,,,,,,,,,,,,,,,,,,Wiring Devices & Switche,Model,G1941-UPC,,,,,,,,,,,,,,,,,,,,,,,,,,,,,,,,,,,,,,,,,,,,,,,,,,,,,,,,,,,,,,,,,,,,,,,,,,,,,,,,,,,,,,,,,,,,,,,,,,,,,,,,,,,,,,,,,,,,,,,,,,,,,,,,,,,,,,,,,,,,,,,,,,,,,,,,,,,,,,,,,,,,,,,,Southwire_G1941-UPC.jpg,,,,,,,,,Southwire_G1941-UPC_Specification_Sheet.pdf,,,,,,,,,,,,,,,,,,No
,,,,,,76083332,Lighting & Electrical,Electrical Controls,Wiring Devices & Switches,5083332,G1950-UPC,4x4 2G GFI Box Cover,-- Unbranded --,-- No Unilog Brand --,Southwire,Southwire/g Turner (6603),Southwire/g Turner,Southwire,,G1950-UPC,,Lighting & Electrical>Electrical Controls>Wiring Devices,"Southwire/g Turner, Wiring Devices & Switche, G1950-UPC",WIRING DEVICES & SWITCHE,Southwire G1950-UPC Wiring Devices & Switche,Southwire Wiring Devices & Switche,Wiring Devices & Switche,,,,,,,,,,,,,,,,,,,,,,,,,,,Wiring Devices & Switche,Model,G1950-UPC,,,,,,,,,,,,,,,,,,,,,,,,,,,,,,,,,,,,,,,,,,,,,,,,,,,,,,,,,,,,,,,,,,,,,,,,,,,,,,,,,,,,,,,,,,,,,,,,,,,,,,,,,,,,,,,,,,,,,,,,,,,,,,,,,,,,,,,,,,,,,,,,,,,,,,,,,,,,,,,,,,,,,,,,Southwire_G1950-UPC.jpg,,,,,,,,,Southwire_G1950-UPC_Specification_Sheet.pdf,,,,,,,,,,,,,,,,,,No
,,,,,,81214211,Tools & Industrial Hardware,Industrial Maintenance,General Supplies,1214211,A410RCAR,4x4 1G PVC Box Cover,-- Unbranded --,-- No Unilog Brand --,Carlon,Thomas & Betts (7405),Thomas & Betts,Carlon,,A410RCAR,,Tools & Industrial Hardware>Industrial Maintenance>General Supplies,"Thomas & Betts, General Supplie, A410RCAR",GENERAL SUPPLIE,Carlon A410RCAR General Supplie,Carlon General Supplie,General Supplie,,,,,,,,,,,,,,,,,,,,,,,,,,,General Supplie,Model,A410RCAR,,,,,,,,,,,,,,,,,,,,,,,,,,,,,,,,,,,,,,,,,,,,,,,,,,,,,,,,,,,,,,,,,,,,,,,,,,,,,,,,,,,,,,,,,,,,,,,,,,,,,,,,,,,,,,,,,,,,,,,,,,,,,,,,,,,,,,,,,,,,,,,,,,,,,,,,,,,,,,,,,,,,,,,,Carlon_A410RCAR.jpg,,,,,,,,,Carlon_A410RCAR_Specification_Sheet.pdf,,,,,,,,,,,,,,,,,,No
,,,,,,90121891,Lighting & Electrical,Electrical Controls,Wiring Devices & Switches,1121891,G1951-UPC,4x4 2G GFCI Duplex Box Cover,-- Unbranded --,-- No Unilog Brand --,Southwire,Southwire/g Turner (6603),Southwire/g Turner,Southwire,,G1951-UPC,,Lighting & Electrical>Electrical Controls>Wiring Devices,"Southwire/g Turner, Wiring Devices & Switche, G1951-UPC",WIRING DEVICES & SWITCHE,Southwire G1951-UPC Wiring Devices & Switche,Southwire Wiring Devices & Switche,Wiring Devices & Switche,,,,,,,,,,,,,,,,,,,,,,,,,,,Wiring Devices & Switche,Model,G1951-UPC,,,,,,,,,,,,,,,,,,,,,,,,,,,,,,,,,,,,,,,,,,,,,,,,,,,,,,,,,,,,,,,,,,,,,,,,,,,,,,,,,,,,,,,,,,,,,,,,,,,,,,,,,,,,,,,,,,,,,,,,,,,,,,,,,,,,,,,,,,,,,,,,,,,,,,,,,,,,,,,,,,,,,,,,Southwire_G1951-UPC.jpg,,,,,,,,,Southwire_G1951-UPC_Specification_Sheet.pdf,,,,,,,,,,,,,,,,,,No
,,,,,,33065080,Lighting & Electrical,Electrical Controls,Wiring Devices & Switches,7065080,52C3-5/8-UPC,4x4 1G Box Cover,-- Unbranded --,-- No Unilog Brand --,Southwire,Southwire/g Turner (6603),Southwire/g Turner,Southwire,,52C3-5/8-UPC,,Lighting & Electrical>Electrical Controls>Wiring Devices,"Southwire/g Turner, Wiring Devices & Switche, 52C3-5/8-UPC",WIRING DEVICES & SWITCHE,Southwire 52C3-5/8-UPC Wiring Devices & Switche,Southwire Wiring Devices & Switche,Wiring Devices & Switche,,,,,,,,,,,,,,,,,,,,,,,,,,,Wiring Devices & Switche,Model,52C3-5/8-UPC,,,,,,,,,,,,,,,,,,,,,,,,,,,,,,,,,,,,,,,,,,,,,,,,,,,,,,,,,,,,,,,,,,,,,,,,,,,,,,,,,,,,,,,,,,,,,,,,,,,,,,,,,,,,,,,,,,,,,,,,,,,,,,,,,,,,,,,,,,,,,,,,,,,,,,,,,,,,,,,,,,,,,,,,Southwire_52C3-5/8-UPC.jpg,,,,,,,,,Southwire_52C3-5/8-UPC_Specification_Sheet.pdf,,,,,,,,,,,,,,,,,,No
,,,,,,42780999,Lighting & Electrical,Electrical Controls,Wiring Devices & Switches,7780999,52C14-5/8-UPC,4x4 1G Box Cover,-- Unbranded --,-- No Unilog Brand --,Southwire,Southwire/g Turner (6603),Southwire/g Turner,Southwire,,52C14-5/8-UPC,,Lighting & Electrical>Electrical Controls>Wiring Devices,"Southwire/g Turner, Wiring Devices & Switche, 52C14-5/8-UPC",WIRING DEVICES & SWITCHE,Southwire 52C14-5/8-UPC Wiring Devices & Switche,Southwire Wiring Devices & Switche,Wiring Devices & Switche,,,,,,,,,,,,,,,,,,,,,,,,,,,Wiring Devices & Switche,Model,52C14-5/8-UPC,,,,,,,,,,,,,,,,,,,,,,,,,,,,,,,,,,,,,,,,,,,,,,,,,,,,,,,,,,,,,,,,,,,,,,,,,,,,,,,,,,,,,,,,,,,,,,,,,,,,,,,,,,,,,,,,,,,,,,,,,,,,,,,,,,,,,,,,,,,,,,,,,,,,,,,,,,,,,,,,,,,,,,,,Southwire_52C14-5/8-UPC.jpg,,,,,,,,,Southwire_52C14-5/8-UPC_Specification_Sheet.pdf,,,,,,,,,,,,,,,,,,No
,,,,,,37139757,Lighting & Electrical,Electrical Controls,Wiring Devices & Switches,2139757,52C3-UPC,4x4 1G Box Cover,-- Unbranded --,-- No Unilog Brand --,Southwire,Southwire/g Turner (6603),Southwire/g Turner,Southwire,,52C3-UPC,,Lighting & Electrical>Electrical Controls>Wiring Devices,"Southwire/g Turner, Wiring Devices & Switche, 52C3-UPC",WIRING DEVICES & SWITCHE,Southwire 52C3-UPC Wiring Devices & Switche,Southwire Wiring Devices & Switche,Wiring Devices & Switche,,,,,,,,,,,,,,,,,,,,,,,,,,,Wiring Devices & Switche,Model,52C3-UPC,,,,,,,,,,,,,,,,,,,,,,,,,,,,,,,,,,,,,,,,,,,,,,,,,,,,,,,,,,,,,,,,,,,,,,,,,,,,,,,,,,,,,,,,,,,,,,,,,,,,,,,,,,,,,,,,,,,,,,,,,,,,,,,,,,,,,,,,,,,,,,,,,,,,,,,,,,,,,,,,,,,,,,,,Southwire_52C3-UPC.jpg,,,,,,,,,Southwire_52C3-UPC_Specification_Sheet.pdf,,,,,,,,,,,,,,,,,,No
,,,,,,79430250,Lighting & Electrical,Electrical Controls,Wiring Devices & Switches,8430250,54151-F-UPC,4x4x1-1/2 Oct Box w/Bracket,-- Unbranded --,-- No Unilog Brand --,Southwire,Southwire/g Turner (6603),Southwire/g Turner,Southwire,,54151-F-UPC,,Lighting & Electrical>Electrical Controls>Wiring Devices,"Southwire/g Turner, Wiring Devices & Switche, 54151-F-UPC",WIRING DEVICES & SWITCHE,Southwire 54151-F-UPC Wiring Devices & Switche,Southwire Wiring Devices & Switche,Wiring Devices & Switche,,,,,,,,,,,,,,,,,,,,,,,,,,,Wiring Devices & Switche,Model,54151-F-UPC,,,,,,,,,,,,,,,,,,,,,,,,,,,,,,,,,,,,,,,,,,,,,,,,,,,,,,,,,,,,,,,,,,,,,,,,,,,,,,,,,,,,,,,,,,,,,,,,,,,,,,,,,,,,,,,,,,,,,,,,,,,,,,,,,,,,,,,,,,,,,,,,,,,,,,,,,,,,,,,,,,,,,,,,Southwire_54151-F-UPC.jpg,,,,,,,,,Southwire_54151-F-UPC_Specification_Sheet.pdf,,,,,,,,,,,,,,,,,,No
,,,,,,16953436,Lighting & Electrical,Electrical Controls,Wiring Devices & Switches,8953436,54151-HUR-UPC,4x4x1-1/2 Oct Box w/Hanger,-- Unbranded --,-- No Unilog Brand --,Southwire,Southwire/g Turner (6603),Southwire/g Turner,Southwire,,54151-HUR-UPC,,Lighting & Electrical>Electrical Controls>Wiring Devices,"Southwire/g Turner, Wiring Devices & Switche, 54151-HUR-UPC",WIRING DEVICES & SWITCHE,Southwire 54151-HUR-UPC Wiring Devices & Switche,Southwire Wiring Devices & Switche,Wiring Devices & Switche,,,,,,,,,,,,,,,,,,,,,,,,,,,Wiring Devices & Switche,Model,54151-HUR-UPC,,,,,,,,,,,,,,,,,,,,,,,,,,,,,,,,,,,,,,,,,,,,,,,,,,,,,,,,,,,,,,,,,,,,,,,,,,,,,,,,,,,,,,,,,,,,,,,,,,,,,,,,,,,,,,,,,,,,,,,,,,,,,,,,,,,,,,,,,,,,,,,,,,,,,,,,,,,,,,,,,,,,,,,,Southwire_54151-HUR-UPC.jpg,,,,,,,,,Southwire_54151-HUR-UPC_Specification_Sheet.pdf,,,,,,,,,,,,,,,,,,No
,,,,,,36787675,Lighting & Electrical,Electrical Controls,Wiring Devices & Switches,1787675,54151-JR-UPC,4x4x1-1/2 Oct Box w/Brakcet,-- Unbranded --,-- No Unilog Brand --,Southwire,Southwire/g Turner (6603),Southwire/g Turner,Southwire,,54151-JR-UPC,,Lighting & Electrical>Electrical Controls>Wiring Devices,"Southwire/g Turner, Wiring Devices & Switche, 54151-JR-UPC",WIRING DEVICES & SWITCHE,Southwire 54151-JR-UPC Wiring Devices & Switche,Southwire Wiring Devices & Switche,Wiring Devices & Switche,,,,,,,,,,,,,,,,,,,,,,,,,,,Wiring Devices & Switche,Model,54151-JR-UPC,,,,,,,,,,,,,,,,,,,,,,,,,,,,,,,,,,,,,,,,,,,,,,,,,,,,,,,,,,,,,,,,,,,,,,,,,,,,,,,,,,,,,,,,,,,,,,,,,,,,,,,,,,,,,,,,,,,,,,,,,,,,,,,,,,,,,,,,,,,,,,,,,,,,,,,,,,,,,,,,,,,,,,,,Southwire_54151-JR-UPC.jpg,,,,,,,,,Southwire_54151-JR-UPC_Specification_Sheet.pdf,,,,,,,,,,,,,,,,,,No
,,,,,,27515509,Lighting & Electrical,Electrical Controls,Wiring Devices & Switches,1515509,54171-R-UPC,4x4x2 Oct Box,-- Unbranded --,-- No Unilog Brand --,Southwire,Southwire/g Turner (6603),Southwire/g Turner,Southwire,,54171-R-UPC,,Lighting & Electrical>Electrical Controls>Wiring Devices,"Southwire/g Turner, Wiring Devices & Switche, 54171-R-UPC",WIRING DEVICES & SWITCHE,Southwire 54171-R-UPC Wiring Devices & Switche,Southwire Wiring Devices & Switche,Wiring Devices & Switche,,,,,,,,,,,,,,,,,,,,,,,,,,,Wiring Devices & Switche,Model,54171-R-UPC,,,,,,,,,,,,,,,,,,,,,,,,,,,,,,,,,,,,,,,,,,,,,,,,,,,,,,,,,,,,,,,,,,,,,,,,,,,,,,,,,,,,,,,,,,,,,,,,,,,,,,,,,,,,,,,,,,,,,,,,,,,,,,,,,,,,,,,,,,,,,,,,,,,,,,,,,,,,,,,,,,,,,,,,Southwire_54171-R-UPC.jpg,,,,,,,,,Southwire_54171-R-UPC_Specification_Sheet.pdf,,,,,,,,,,,,,,,,,,No
,,,,,,77819625,Lighting & Electrical,Electrical Controls,Wiring Devices & Switches,6819625,52151-S-UPC,4x4x1-1/2 Square Box,-- Unbranded --,-- No Unilog Brand --,Southwire,Southwire/g Turner (6603),Southwire/g Turner,Southwire,,52151-S-UPC,,Lighting & Electrical>Electrical Controls>Wiring Devices,"Southwire/g Turner, Wiring Devices & Switche, 52151-S-UPC",WIRING DEVICES & SWITCHE,Southwire 52151-S-UPC Wiring Devices & Switche,Southwire Wiring Devices & Switche,Wiring Devices & Switche,,,,,,,,,,,,,,,,,,,,,,,,,,,Wiring Devices & Switche,Model,52151-S-UPC,,,,,,,,,,,,,,,,,,,,,,,,,,,,,,,,,,,,,,,,,,,,,,,,,,,,,,,,,,,,,,,,,,,,,,,,,,,,,,,,,,,,,,,,,,,,,,,,,,,,,,,,,,,,,,,,,,,,,,,,,,,,,,,,,,,,,,,,,,,,,,,,,,,,,,,,,,,,,,,,,,,,,,,,Southwire_52151-S-UPC.jpg,,,,,,,,,Southwire_52151-S-UPC_Specification_Sheet.pdf,,,,,,,,,,,,,,,,,,No
,,,,,,99155199,Lighting & Electrical,Electrical Controls,Wiring Devices & Switches,1155199,72171-3/4-1W-UPC,4-1/2x4-1/2x2 2G Box,-- Unbranded --,-- No Unilog Brand --,Southwire,Southwire/g Turner (6603),Southwire/g Turner,Southwire,,72171-3/4-1W-UPC,,Lighting & Electrical>Electrical Controls>Wiring Devices,"Southwire/g Turner, Wiring Devices & Switche, 72171-3/4-1W-UPC",WIRING DEVICES & SWITCHE,Southwire 72171-3/4-1W-UPC Wiring Devices & Switche,Southwire Wiring Devices & Switche,Wiring Devices & Switche,,,,,,,,,,,,,,,,,,,,,,,,,,,Wiring Devices & Switche,Model,72171-3/4-1W-UPC,,,,,,,,,,,,,,,,,,,,,,,,,,,,,,,,,,,,,,,,,,,,,,,,,,,,,,,,,,,,,,,,,,,,,,,,,,,,,,,,,,,,,,,,,,,,,,,,,,,,,,,,,,,,,,,,,,,,,,,,,,,,,,,,,,,,,,,,,,,,,,,,,,,,,,,,,,,,,,,,,,,,,,,,Southwire_72171-3/4-1W-UPC.jpg,,,,,,,,,Southwire_72171-3/4-1W-UPC_Specification_Sheet.pdf,,,,,,,,,,,,,,,,,,No
,,,,,,58657883,Tools & Industrial Hardware,Industrial Maintenance,General Supplies,5657883,5522-5EV,5522-5EV 2 Port Decor Plate,-- Unbranded --,-- No Unilog Brand --,-- No DIB Brand --,Cooper Wiring Devices (3560),Cooper Wiring Devices,Cooper Wiring Devices,,5522-5EV,,Tools & Industrial Hardware>Industrial Maintenance>General Supplies,"Cooper Wiring Devices, General Supplie, 5522-5EV",GENERAL SUPPLIE,Cooper Wiring Devices 5522-5EV General Supplie,Cooper Wiring Devices General Supplie,General Supplie,,,,,,,,,,,,,,,,,,,,,,,,,,,General Supplie,Model,5522-5EV,,,,,,,,,,,,,,,,,,,,,,,,,,,,,,,,,,,,,,,,,,,,,,,,,,,,,,,,,,,,,,,,,,,,,,,,,,,,,,,,,,,,,,,,,,,,,,,,,,,,,,,,,,,,,,,,,,,,,,,,,,,,,,,,,,,,,,,,,,,,,,,,,,,,,,,,,,,,,,,,,,,,,,,,Cooper_Wiring_Devices_5522-5EV.jpg,,,,,,,,,Cooper_Wiring_Devices_5522-5EV_Specification_Sheet.pdf,,,,,,,,,,,,,,,,,,No
,,,,,,38882630,Lighting & Electrical,Electrical Controls,Wiring Devices & Switches,3882630,AYCL-153PH-LA,AYCL-153PH-LA Lutron Dimmer LA,-- Unbranded --,-- No Unilog Brand --,-- No DIB Brand --,Fenton Bros Electric Inc (FENBR),Fenton Bros Electric Inc,Fenton Bros Electric Inc,,AYCL-153PH-LA,,Lighting & Electrical>Electrical Controls>Wiring Devices,"Fenton Bros Electric Inc, Wiring Devices & Switche, AYCL-153PH-LA",WIRING DEVICES & SWITCHE,Fenton Bros Electric Inc AYCL-153PH-LA Wiring Devices & Switche,Fenton Bros Electric Inc Wiring Devices & Switche,Wiring Devices & Switche,,,,,,,,,,,,,,,,,,,,,,,,,,,Wiring Devices & Switche,Model,AYCL-153PH-LA,,,,,,,,,,,,,,,,,,,,,,,,,,,,,,,,,,,,,,,,,,,,,,,,,,,,,,,,,,,,,,,,,,,,,,,,,,,,,,,,,,,,,,,,,,,,,,,,,,,,,,,,,,,,,,,,,,,,,,,,,,,,,,,,,,,,,,,,,,,,,,,,,,,,,,,,,,,,,,,,,,,,,,,,Fenton_Bros_Electric_Inc_AYCL-153PH-LA.jpg,,,,,,,,,Fenton_Bros_Electric_Inc_AYCL-153PH-LA_Specification_Sheet.pdf,,,,,,,,,,,,,,,,,,No
,,,,,,74457529,Lighting & Electrical,Electrical Controls,Wiring Devices & Switches,3457529,AYCL-153PH-WH,AYCL-153PH-WH Lutron Dimmer Wh,-- Unbranded --,-- No Unilog Brand --,-- No DIB Brand --,Fenton Bros Electric Inc (FENBR),Fenton Bros Electric Inc,Fenton Bros Electric Inc,,AYCL-153PH-WH,,Lighting & Electrical>Electrical Controls>Wiring Devices,"Fenton Bros Electric Inc, Wiring Devices & Switche, AYCL-153PH-WH",WIRING DEVICES & SWITCHE,Fenton Bros Electric Inc AYCL-153PH-WH Wiring Devices & Switche,Fenton Bros Electric Inc Wiring Devices & Switche,Wiring Devices & Switche,,,,,,,,,,,,,,,,,,,,,,,,,,,Wiring Devices & Switche,Model,AYCL-153PH-WH,,,,,,,,,,,,,,,,,,,,,,,,,,,,,,,,,,,,,,,,,,,,,,,,,,,,,,,,,,,,,,,,,,,,,,,,,,,,,,,,,,,,,,,,,,,,,,,,,,,,,,,,,,,,,,,,,,,,,,,,,,,,,,,,,,,,,,,,,,,,,,,,,,,,,,,,,,,,,,,,,,,,,,,,Fenton_Bros_Electric_Inc_AYCL-153PH-WH.jpg,,,,,,,,,Fenton_Bros_Electric_Inc_AYCL-153PH-WH_Specification_Sheet.pdf,,,,,,,,,,,,,,,,,,No
,,,,,,35433923,Lighting & Electrical,Electrical Controls,Wiring Devices & Switches,9433923,D23LP-R02-1RW,D23LPR021RW Plug In Dimmer Wh,-- Unbranded --,-- No Unilog Brand --,Leviton,Leviton Mfg Co (4927),Leviton Mfg Co,LEVITON®,,D23LP-R02-1RW,,Lighting & Electrical>Electrical Controls>Wiring Devices,"Leviton Mfg Co, Wiring Devices & Switche, D23LP-R02-1RW",WIRING DEVICES & SWITCHE,LEVITON® D23LP-R02-1RW Wiring Devices & Switche,LEVITON® Wiring Devices & Switche,Wiring Devices & Switche,,,,,,,,,,,,,,,,,,,,,,,,,,,Wiring Devices & Switche,Model,D23LP-R02-1RW,,,,,,,,,,,,,,,,,,,,,,,,,,,,,,,,,,,,,,,,,,,,,,,,,,,,,,,,,,,,,,,,,,,,,,,,,,,,,,,,,,,,,,,,,,,,,,,,,,,,,,,,,,,,,,,,,,,,,,,,,,,,,,,,,,,,,,,,,,,,,,,,,,,,,,,,,,,,,,,,,,,,,,,,LEVITON_D23LP-R02-1RW.jpg,,,,,,,,,LEVITON_D23LP-R02-1RW_Specification_Sheet.pdf,,,,,,,,,,,,,,,,,,No
,,,,,,70450599,Lighting & Electrical,Electrical Controls,Wiring Devices & Switches,8450599,TNOCD002,TNOCD002 125V Outdooor Timer,-- Unbranded --,-- No Unilog Brand --,Prime,Prime Wire & Cable (3562),Prime Wire & Cable,Prime,,TNOCD002,,Lighting & Electrical>Electrical Controls>Wiring Devices,"Prime Wire & Cable, Wiring Devices & Switche, TNOCD002",WIRING DEVICES & SWITCHE 125V,Prime TNOCD002 Wiring Devices & Switche,"Prime Wiring Devices & Switche, 125 V",Wiring Devices & Switche,,,,,,,,,,,,,,,,,,,,,,,,,,,Wiring Devices & Switche,Model,TNOCD002,,Voltage Rating,125,V,,,,,,,,,,,,,,,,,,,,,,,,,,,,,,,,,,,,,,,,,,,,,,,,,,,,,,,,,,,,,,,,,,,,,,,,,,,,,,,,,,,,,,,,,,,,,,,,,,,,,,,,,,,,,,,,,,,,,,,,,,,,,,,,,,,,,,,,,,,,,,,,,,,,,,,,,,,,,,,,,,,,Prime_TNOCD002.jpg,,,,,,,,,Prime_TNOCD002_Specification_Sheet.pdf,,,,,,,,,,,,,,,,,,No
,,,,,,61985432,Lighting & Electrical,Electrical Controls,Wiring Devices & Switches,8985432,TNDHD002,TNDHD002 125V 7Day Timer,-- Unbranded --,-- No Unilog Brand --,Prime,Prime Wire & Cable (3562),Prime Wire & Cable,Prime,,TNDHD002,,Lighting & Electrical>Electrical Controls>Wiring Devices,"Prime Wire & Cable, Wiring Devices & Switche, TNDHD002",WIRING DEVICES & SWITCHE 125V,Prime TNDHD002 Wiring Devices & Switche,"Prime Wiring Devices & Switche, 125 V",Wiring Devices & Switche,,,,,,,,,,,,,,,,,,,,,,,,,,,Wiring Devices & Switche,Model,TNDHD002,,Voltage Rating,125,V,,,,,,,,,,,,,,,,,,,,,,,,,,,,,,,,,,,,,,,,,,,,,,,,,,,,,,,,,,,,,,,,,,,,,,,,,,,,,,,,,,,,,,,,,,,,,,,,,,,,,,,,,,,,,,,,,,,,,,,,,,,,,,,,,,,,,,,,,,,,,,,,,,,,,,,,,,,,,,,,,,,,Prime_TNDHD002.jpg,,,,,,,,,Prime_TNDHD002_Specification_Sheet.pdf,,,,,,,,,,,,,,,,,,No
,,,,,,23225393,Lighting & Electrical,Electrical Controls,Wiring Devices & Switches,6225393,TNIDP12,TNIDP12 125V Dig Indoor Timer,-- Unbranded --,-- No Unilog Brand --,Prime,Prime Wire & Cable (3562),Prime Wire & Cable,Prime,,TNIDP12,,Lighting & Electrical>Electrical Controls>Wiring Devices,"Prime Wire & Cable, Wiring Devices & Switche, TNIDP12",WIRING DEVICES & SWITCHE 125V,Prime TNIDP12 Wiring Devices & Switche,"Prime Wiring Devices & Switche, 125 V",Wiring Devices & Switche,,,,,,,,,,,,,,,,,,,,,,,,,,,Wiring Devices & Switche,Model,TNIDP12,,Voltage Rating,125,V,,,,,,,,,,,,,,,,,,,,,,,,,,,,,,,,,,,,,,,,,,,,,,,,,,,,,,,,,,,,,,,,,,,,,,,,,,,,,,,,,,,,,,,,,,,,,,,,,,,,,,,,,,,,,,,,,,,,,,,,,,,,,,,,,,,,,,,,,,,,,,,,,,,,,,,,,,,,,,,,,,,,Prime_TNIDP12.jpg,,,,,,,,,Prime_TNIDP12_Specification_Sheet.pdf,,,,,,,,,,,,,,,,,,No
,,,,,,70077424,Lighting & Electrical,Electrical Controls,Wiring Devices & Switches,8077424,TNIW24,TNIW24 125V 24hr Mech Timer,-- Unbranded --,-- No Unilog Brand --,Prime,Prime Wire & Cable (3562),Prime Wire & Cable,Prime,,TNIW24,,Lighting & Electrical>Electrical Controls>Wiring Devices,"Prime Wire & Cable, Wiring Devices & Switche, TNIW24",WIRING DEVICES & SWITCHE 125V,Prime TNIW24 Wiring Devices & Switche,"Prime Wiring Devices & Switche, 125 V",Wiring Devices & Switche,,,,,,,,,,,,,,,,,,,,,,,,,,,Wiring Devices & Switche,Model,TNIW24,,Voltage Rating,125,V,,,,,,,,,,,,,,,,,,,,,,,,,,,,,,,,,,,,,,,,,,,,,,,,,,,,,,,,,,,,,,,,,,,,,,,,,,,,,,,,,,,,,,,,,,,,,,,,,,,,,,,,,,,,,,,,,,,,,,,,,,,,,,,,,,,,,,,,,,,,,,,,,,,,,,,,,,,,,,,,,,,,Prime_TNIW24.jpg,,,,,,,,,Prime_TNIW24_Specification_Sheet.pdf,,,,,,,,,,,,,,,,,,No
,,,,,,44657341,Lighting & Electrical,Lighting,Lamps & Bulbs,9657341,65-1222,65-1222 1' Led Lt Multi CCT,-- Unbranded --,-- No Unilog Brand --,-- No DIB Brand --,Satco Prod Inc (5573),Satco Prod Inc,Satco Prod Inc,,65-1222,,Lighting & Electrical>Lighting>Lamps & Fixtures,"Satco Prod Inc, Lamps & Bulb, 65-1222",LAMPS & BULB,Satco Prod Inc 65-1222 Lamps & Bulb,Satco Prod Inc Lamps & Bulb,Lamps & Bulb,,,,,,,,,,,,,,,,,,,,,,,,,,,Lamps & Bulb,Model,65-1222,,,,,,,,,,,,,,,,,,,,,,,,,,,,,,,,,,,,,,,,,,,,,,,,,,,,,,,,,,,,,,,,,,,,,,,,,,,,,,,,,,,,,,,,,,,,,,,,,,,,,,,,,,,,,,,,,,,,,,,,,,,,,,,,,,,,,,,,,,,,,,,,,,,,,,,,,,,,,,,,,,,,,,,,Satco_Prod_Inc_65-1222.jpg,,,,,,,,,Satco_Prod_Inc_65-1222_Specification_Sheet.pdf,,,,,,,,,,,,,,,,,,No
,,,,,,37966835,Lighting & Electrical,Lighting,Lamps & Bulbs,2966835,65-1224,65-1224 4' Led Strip Light,-- Unbranded --,-- No Unilog Brand --,Satco,Satco Prod Inc (5573),Satco Prod Inc,SATCO®,,65-1224,,Lighting & Electrical>Lighting>Lamps & Fixtures,"Satco Prod Inc, Lamps & Bulb, 65-1224",LAMPS & BULB,SATCO® 65-1224 Lamps & Bulb,SATCO® Lamps & Bulb,Lamps & Bulb,,,,,,,,,,,,,,,,,,,,,,,,,,,Lamps & Bulb,Model,65-1224,,,,,,,,,,,,,,,,,,,,,,,,,,,,,,,,,,,,,,,,,,,,,,,,,,,,,,,,,,,,,,,,,,,,,,,,,,,,,,,,,,,,,,,,,,,,,,,,,,,,,,,,,,,,,,,,,,,,,,,,,,,,,,,,,,,,,,,,,,,,,,,,,,,,,,,,,,,,,,,,,,,,,,,,SATCO_65-1224.jpg,,,,,,,,,SATCO_65-1224_Specification_Sheet.pdf,,,,,,,,,,,,,,,,,,No
,,,,,,30441673,Lighting & Electrical,Lighting,Lamps & Bulbs,4441673,45297BK,45297BK Kichler Wall Lt,-- Unbranded --,-- No Unilog Brand --,-- No DIB Brand --,Kichler Lighting (KICLI),Kichler Lighting,Kichler Lighting,,45297BK,,Lighting & Electrical>Lighting>Lamps & Fixtures,"Kichler Lighting, Lamps & Bulb, 45297BK, Wall Mounting",LAMPS & BULB WALL,"Kichler Lighting 45297BK Lamps & Bulb, Wall Mounting","Kichler Lighting Lamps & Bulb, Wall Mounting","Lamps & Bulb, Wall Mounting",,,,,,,,,,,,,,,,,,,,,,,,,,,Lamps & Bulb,Model,45297BK,,Mounting Type,Wall,,,,,,,,,,,,,,,,,,,,,,,,,,,,,,,,,,,,,,,,,,,,,,,,,,,,,,,,,,,,,,,,,,,,,,,,,,,,,,,,,,,,,,,,,,,,,,,,,,,,,,,,,,,,,,,,,,,,,,,,,,,,,,,,,,,,,,,,,,,,,,,,,,,,,,,,,,,,,,,,,,,,,Kichler_Lighting_45297BK.jpg,,,,,,,,,Kichler_Lighting_45297BK_Specification_Sheet.pdf,,,,,,,,,,,,,,,,,,No
,,,,,,48014443,Lighting & Electrical,Lighting,Lamps & Bulbs,4014443,45573BK,45573BK Kichler Wall Light,-- Unbranded --,-- No Unilog Brand --,-- No DIB Brand --,Kichler Lighting (KICLI),Kichler Lighting,Kichler Lighting,,45573BK,,Lighting & Electrical>Lighting>Lamps & Fixtures,"Kichler Lighting, Lamps & Bulb, 45573BK, Wall Mounting",LAMPS & BULB WALL,"Kichler Lighting 45573BK Lamps & Bulb, Wall Mounting","Kichler Lighting Lamps & Bulb, Wall Mounting","Lamps & Bulb, Wall Mounting",,,,,,,,,,,,,,,,,,,,,,,,,,,Lamps & Bulb,Model,45573BK,,Mounting Type,Wall,,,,,,,,,,,,,,,,,,,,,,,,,,,,,,,,,,,,,,,,,,,,,,,,,,,,,,,,,,,,,,,,,,,,,,,,,,,,,,,,,,,,,,,,,,,,,,,,,,,,,,,,,,,,,,,,,,,,,,,,,,,,,,,,,,,,,,,,,,,,,,,,,,,,,,,,,,,,,,,,,,,,,Kichler_Lighting_45573BK.jpg,,,,,,,,,Kichler_Lighting_45573BK_Specification_Sheet.pdf,,,,,,,,,,,,,,,,,,No
,,,,,,27549802,Lighting & Electrical,Lighting,Lamps & Bulbs,1549802,37418A,37418A Kichler Bath Light,-- Unbranded --,-- No Unilog Brand --,-- No DIB Brand --,Kichler Lighting (KICLI),Kichler Lighting,Kichler Lighting,,37418A,,Lighting & Electrical>Lighting>Lamps & Fixtures,"Kichler Lighting, Lamps & Bulb, 37418A",LAMPS & BULB 37418A,Kichler Lighting 37418A Lamps & Bulb,"Kichler Lighting Lamps & Bulb, 37418 A",Lamps & Bulb,,,,,,,,,,,,,,,,,,,,,,,,,,,Lamps & Bulb,Model,37418A,,Amperage Rating,37418,A,,,,,,,,,,,,,,,,,,,,,,,,,,,,,,,,,,,,,,,,,,,,,,,,,,,,,,,,,,,,,,,,,,,,,,,,,,,,,,,,,,,,,,,,,,,,,,,,,,,,,,,,,,,,,,,,,,,,,,,,,,,,,,,,,,,,,,,,,,,,,,,,,,,,,,,,,,,,,,,,,,,,Kichler_Lighting_37418A.jpg,,,,,,,,,Kichler_Lighting_37418A_Specification_Sheet.pdf,,,,,,,,,,,,,,,,,,No
,,,,,,27905444,Lighting & Electrical,Lighting,Lamps & Bulbs,1905444,37423A,37423A Kichler Bath Light,-- Unbranded --,-- No Unilog Brand --,-- No DIB Brand --,Kichler Lighting (KICLI),Kichler Lighting,Kichler Lighting,,37423A,,Lighting & Electrical>Lighting>Lamps & Fixtures,"Kichler Lighting, Lamps & Bulb, 37423A",LAMPS & BULB 37423A,Kichler Lighting 37423A Lamps & Bulb,"Kichler Lighting Lamps & Bulb, 37423 A",Lamps & Bulb,,,,,,,,,,,,,,,,,,,,,,,,,,,Lamps & Bulb,Model,37423A,,Amperage Rating,37423,A,,,,,,,,,,,,,,,,,,,,,,,,,,,,,,,,,,,,,,,,,,,,,,,,,,,,,,,,,,,,,,,,,,,,,,,,,,,,,,,,,,,,,,,,,,,,,,,,,,,,,,,,,,,,,,,,,,,,,,,,,,,,,,,,,,,,,,,,,,,,,,,,,,,,,,,,,,,,,,,,,,,,Kichler_Lighting_37423A.jpg,,,,,,,,,Kichler_Lighting_37423A_Specification_Sheet.pdf,,,,,,,,,,,,,,,,,,No
,,,,,,12440076,Lighting & Electrical,Lighting,Lamps & Bulbs,4440076,45496BKCLR,45496BKCLR Kichler Bath Light,-- Unbranded --,-- No Unilog Brand --,-- No DIB Brand --,Kichler Lighting (KICLI),Kichler Lighting,Kichler Lighting,,45496BKCLR,45495BKCLR,Lighting & Electrical>Lighting>Lamps & Fixtures,"Kichler Lighting, Lamps & Bulb, 45496BKCLR",LAMPS & BULB,Kichler Lighting 45496BKCLR Lamps & Bulb,Kichler Lighting Lamps & Bulb,Lamps & Bulb,,,,,,,,,,,,,,,,,,,,,,,,,,,Lamps & Bulb,Model,45496BKCLR,,,,,,,,,,,,,,,,,,,,,,,,,,,,,,,,,,,,,,,,,,,,,,,,,,,,,,,,,,,,,,,,,,,,,,,,,,,,,,,,,,,,,,,,,,,,,,,,,,,,,,,,,,,,,,,,,,,,,,,,,,,,,,,,,,,,,,,,,,,,,,,,,,,,,,,,,,,,,,,,,,,,,,,,Kichler_Lighting_45496BKCLR.jpg,,,,,,,,,Kichler_Lighting_45496BKCLR_Specification_Sheet.pdf,,,,,,,,,,,,,,,,,,No
,,,,,,20504895,Lighting & Electrical,Lighting,Lamps & Bulbs,3504895,45973BK,45973BK Kichler Wall Light,-- Unbranded --,-- No Unilog Brand --,-- No DIB Brand --,Kichler Lighting (KICLI),Kichler Lighting,Kichler Lighting,,45973BK,,Lighting & Electrical>Lighting>Lamps & Fixtures,"Kichler Lighting, Lamps & Bulb, 45973BK, Wall Mounting",LAMPS & BULB WALL,"Kichler Lighting 45973BK Lamps & Bulb, Wall Mounting","Kichler Lighting Lamps & Bulb, Wall Mounting","Lamps & Bulb, Wall Mounting",,,,,,,,,,,,,,,,,,,,,,,,,,,Lamps & Bulb,Model,45973BK,,Mounting Type,Wall,,,,,,,,,,,,,,,,,,,,,,,,,,,,,,,,,,,,,,,,,,,,,,,,,,,,,,,,,,,,,,,,,,,,,,,,,,,,,,,,,,,,,,,,,,,,,,,,,,,,,,,,,,,,,,,,,,,,,,,,,,,,,,,,,,,,,,,,,,,,,,,,,,,,,,,,,,,,,,,,,,,,,Kichler_Lighting_45973BK.jpg,,,,,,,,,Kichler_Lighting_45973BK_Specification_Sheet.pdf,,,,,,,,,,,,,,,,,,No
,,,,,,15896591,Lighting & Electrical,Lighting,Lamps & Bulbs,7896591,55155BK,55155BK Kichler Wall Lt,-- Unbranded --,-- No Unilog Brand --,-- No DIB Brand --,Kichler Lighting (KICLI),Kichler Lighting,Kichler Lighting,,55155BK,,Lighting & Electrical>Lighting>Lamps & Fixtures,"Kichler Lighting, Lamps & Bulb, 55155BK, Wall Mounting",LAMPS & BULB WALL,"Kichler Lighting 55155BK Lamps & Bulb, Wall Mounting","Kichler Lighting Lamps & Bulb, Wall Mounting","Lamps & Bulb, Wall Mounting",,,,,,,,,,,,,,,,,,,,,,,,,,,Lamps & Bulb,Model,55155BK,,Mounting Type,Wall,,,,,,,,,,,,,,,,,,,,,,,,,,,,,,,,,,,,,,,,,,,,,,,,,,,,,,,,,,,,,,,,,,,,,,,,,,,,,,,,,,,,,,,,,,,,,,,,,,,,,,,,,,,,,,,,,,,,,,,,,,,,,,,,,,,,,,,,,,,,,,,,,,,,,,,,,,,,,,,,,,,,,Kichler_Lighting_55155BK.jpg,,,,,,,,,Kichler_Lighting_55155BK_Specification_Sheet.pdf,,,,,,,,,,,,,,,,,,No
,,,,,,15133901,Lighting & Electrical,Lighting,Lamps & Bulbs,7133901,55157CPZ,55157CPZ Kichler Wall Light,-- Unbranded --,-- No Unilog Brand --,-- No DIB Brand --,Kichler Lighting (KICLI),Kichler Lighting,Kichler Lighting,,55157CPZ,,Lighting & Electrical>Lighting>Lamps & Fixtures,"Kichler Lighting, Lamps & Bulb, 55157CPZ, Wall Mounting",LAMPS & BULB WALL,"Kichler Lighting 55157CPZ Lamps & Bulb, Wall Mounting","Kichler Lighting Lamps & Bulb, Wall Mounting","Lamps & Bulb, Wall Mounting",,,,,,,,,,,,,,,,,,,,,,,,,,,Lamps & Bulb,Model,55157CPZ,,Mounting Type,Wall,,,,,,,,,,,,,,,,,,,,,,,,,,,,,,,,,,,,,,,,,,,,,,,,,,,,,,,,,,,,,,,,,,,,,,,,,,,,,,,,,,,,,,,,,,,,,,,,,,,,,,,,,,,,,,,,,,,,,,,,,,,,,,,,,,,,,,,,,,,,,,,,,,,,,,,,,,,,,,,,,,,,,Kichler_Lighting_55157CPZ.jpg,,,,,,,,,Kichler_Lighting_55157CPZ_Specification_Sheet.pdf,,,,,,,,,,,,,,,,,,No
,,,,,,67599470,Lighting & Electrical,Lighting,Lamps & Bulbs,5599470,55184BK,55184BK Kichler Wall Lt,-- Unbranded --,-- No Unilog Brand --,-- No DIB Brand --,Kichler Lighting (KICLI),Kichler Lighting,Kichler Lighting,,55184BK,,Lighting & Electrical>Lighting>Lamps & Fixtures,"Kichler Lighting, Lamps & Bulb, 55184BK, Wall Mounting",LAMPS & BULB WALL,"Kichler Lighting 55184BK Lamps & Bulb, Wall Mounting","Kichler Lighting Lamps & Bulb, Wall Mounting","Lamps & Bulb, Wall Mounting",,,,,,,,,,,,,,,,,,,,,,,,,,,Lamps & Bulb,Model,55184BK,,Mounting Type,Wall,,,,,,,,,,,,,,,,,,,,,,,,,,,,,,,,,,,,,,,,,,,,,,,,,,,,,,,,,,,,,,,,,,,,,,,,,,,,,,,,,,,,,,,,,,,,,,,,,,,,,,,,,,,,,,,,,,,,,,,,,,,,,,,,,,,,,,,,,,,,,,,,,,,,,,,,,,,,,,,,,,,,,Kichler_Lighting_55184BK.jpg,,,,,,,,,Kichler_Lighting_55184BK_Specification_Sheet.pdf,,,,,,,,,,,,,,,,,,No
,,,,,,23200654,Lighting & Electrical,Lighting,Lamps & Bulbs,6200654,55185BK,55185BK Kichler Wall Lt,-- Unbranded --,-- No Unilog Brand --,-- No DIB Brand --,Kichler Lighting (KICLI),Kichler Lighting,Kichler Lighting,,55185BK,,Lighting & Electrical>Lighting>Lamps & Fixtures,"Kichler Lighting, Lamps & Bulb, 55185BK, Wall Mounting",LAMPS & BULB WALL,"Kichler Lighting 55185BK Lamps & Bulb, Wall Mounting","Kichler Lighting Lamps & Bulb, Wall Mounting","Lamps & Bulb, Wall Mounting",,,,,,,,,,,,,,,,,,,,,,,,,,,Lamps & Bulb,Model,55185BK,,Mounting Type,Wall,,,,,,,,,,,,,,,,,,,,,,,,,,,,,,,,,,,,,,,,,,,,,,,,,,,,,,,,,,,,,,,,,,,,,,,,,,,,,,,,,,,,,,,,,,,,,,,,,,,,,,,,,,,,,,,,,,,,,,,,,,,,,,,,,,,,,,,,,,,,,,,,,,,,,,,,,,,,,,,,,,,,,Kichler_Lighting_55185BK.jpg,,,,,,,,,Kichler_Lighting_55185BK_Specification_Sheet.pdf,,,,,,,,,,,,,,,,,,No
,,,,,,68166220,Lighting & Electrical,Lighting,Lamps & Bulbs,6166220,55186CH,55186CH Kichler Wall Lt,-- Unbranded --,-- No Unilog Brand --,-- No DIB Brand --,Kichler Lighting (KICLI),Kichler Lighting,Kichler Lighting,,55186CH,,Lighting & Electrical>Lighting>Lamps & Fixtures,"Kichler Lighting, Lamps & Bulb, 55186CH, Wall Mounting",LAMPS & BULB WALL,"Kichler Lighting 55186CH Lamps & Bulb, Wall Mounting","Kichler Lighting Lamps & Bulb, Wall Mounting","Lamps & Bulb, Wall Mounting",,,,,,,,,,,,,,,,,,,,,,,,,,,Lamps & Bulb,Model,55186CH,,Mounting Type,Wall,,,,,,,,,,,,,,,,,,,,,,,,,,,,,,,,,,,,,,,,,,,,,,,,,,,,,,,,,,,,,,,,,,,,,,,,,,,,,,,,,,,,,,,,,,,,,,,,,,,,,,,,,,,,,,,,,,,,,,,,,,,,,,,,,,,,,,,,,,,,,,,,,,,,,,,,,,,,,,,,,,,,,Kichler_Lighting_55186CH.jpg,,,,,,,,,Kichler_Lighting_55186CH_Specification_Sheet.pdf,,,,,,,,,,,,,,,,,,No
,,,,,,61751735,Lighting & Electrical,Lighting,Lamps & Bulbs,8751735,55210NI,55210NI Kichler Wall Light,-- Unbranded --,-- No Unilog Brand --,-- No DIB Brand --,Kichler Lighting (KICLI),Kichler Lighting,Kichler Lighting,,55210NI,,Lighting & Electrical>Lighting>Lamps & Fixtures,"Kichler Lighting, Lamps & Bulb, 55210NI, Wall Mounting",LAMPS & BULB WALL,"Kichler Lighting 55210NI Lamps & Bulb, Wall Mounting","Kichler Lighting Lamps & Bulb, Wall Mounting","Lamps & Bulb, Wall Mounting",,,,,,,,,,,,,,,,,,,,,,,,,,,Lamps & Bulb,Model,55210NI,,Mounting Type,Wall,,,,,,,,,,,,,,,,,,,,,,,,,,,,,,,,,,,,,,,,,,,,,,,,,,,,,,,,,,,,,,,,,,,,,,,,,,,,,,,,,,,,,,,,,,,,,,,,,,,,,,,,,,,,,,,,,,,,,,,,,,,,,,,,,,,,,,,,,,,,,,,,,,,,,,,,,,,,,,,,,,,,,Kichler_Lighting_55210NI.jpg,,,,,,,,,Kichler_Lighting_55210NI_Specification_Sheet.pdf,,,,,,,,,,,,,,,,,,No
,,,,,,62988797,Lighting & Electrical,Lighting,Lamps & Bulbs,9988797,55211BK,55211BK Kichler Wall Light,-- Unbranded --,-- No Unilog Brand --,-- No DIB Brand --,Kichler Lighting (KICLI),Kichler Lighting,Kichler Lighting,,55211BK,,Lighting & Electrical>Lighting>Lamps & Fixtures,"Kichler Lighting, Lamps & Bulb, 55211BK, Wall Mounting",LAMPS & BULB WALL,"Kichler Lighting 55211BK Lamps & Bulb, Wall Mounting","Kichler Lighting Lamps & Bulb, Wall Mounting","Lamps & Bulb, Wall Mounting",,,,,,,,,,,,,,,,,,,,,,,,,,,Lamps & Bulb,Model,55211BK,,Mounting Type,Wall,,,,,,,,,,,,,,,,,,,,,,,,,,,,,,,,,,,,,,,,,,,,,,,,,,,,,,,,,,,,,,,,,,,,,,,,,,,,,,,,,,,,,,,,,,,,,,,,,,,,,,,,,,,,,,,,,,,,,,,,,,,,,,,,,,,,,,,,,,,,,,,,,,,,,,,,,,,,,,,,,,,,,Kichler_Lighting_55211BK.jpg,,,,,,,,,Kichler_Lighting_55211BK_Specification_Sheet.pdf,,,,,,,,,,,,,,,,,,No
,,,,,,93848486,Lighting & Electrical,Lighting,Lamps & Bulbs,4848486,55211NI,55211NI Kichler Wall Light,-- Unbranded --,-- No Unilog Brand --,-- No DIB Brand --,Kichler Lighting (KICLI),Kichler Lighting,Kichler Lighting,,55211NI,,Lighting & Electrical>Lighting>Lamps & Fixtures,"Kichler Lighting, Lamps & Bulb, 55211NI, Wall Mounting",LAMPS & BULB WALL,"Kichler Lighting 55211NI Lamps & Bulb, Wall Mounting","Kichler Lighting Lamps & Bulb, Wall Mounting","Lamps & Bulb, Wall Mounting",,,,,,,,,,,,,,,,,,,,,,,,,,,Lamps & Bulb,Model,55211NI,,Mounting Type,Wall,,,,,,,,,,,,,,,,,,,,,,,,,,,,,,,,,,,,,,,,,,,,,,,,,,,,,,,,,,,,,,,,,,,,,,,,,,,,,,,,,,,,,,,,,,,,,,,,,,,,,,,,,,,,,,,,,,,,,,,,,,,,,,,,,,,,,,,,,,,,,,,,,,,,,,,,,,,,,,,,,,,,,Kichler_Lighting_55211NI.jpg,,,,,,,,,Kichler_Lighting_55211NI_Specification_Sheet.pdf,,,,,,,,,,,,,,,,,,No
,,,,,,61775187,Lighting & Electrical,Lighting,Lamps & Bulbs,8775187,55212NI,55212NI Kichler Wall Light,-- Unbranded --,-- No Unilog Brand --,-- No DIB Brand --,Kichler Lighting (KICLI),Kichler Lighting,Kichler Lighting,,55212NI,,Lighting & Electrical>Lighting>Lamps & Fixtures,"Kichler Lighting, Lamps & Bulb, 55212NI, Wall Mounting",LAMPS & BULB WALL,"Kichler Lighting 55212NI Lamps & Bulb, Wall Mounting","Kichler Lighting Lamps & Bulb, Wall Mounting","Lamps & Bulb, Wall Mounting",,,,,,,,,,,,,,,,,,,,,,,,,,,Lamps & Bulb,Model,55212NI,,Mounting Type,Wall,,,,,,,,,,,,,,,,,,,,,,,,,,,,,,,,,,,,,,,,,,,,,,,,,,,,,,,,,,,,,,,,,,,,,,,,,,,,,,,,,,,,,,,,,,,,,,,,,,,,,,,,,,,,,,,,,,,,,,,,,,,,,,,,,,,,,,,,,,,,,,,,,,,,,,,,,,,,,,,,,,,,,Kichler_Lighting_55212NI.jpg,,,,,,,,,Kichler_Lighting_55212NI_Specification_Sheet.pdf,,,,,,,,,,,,,,,,,,No
,,,,,,39515926,Lighting & Electrical,Lighting,Lamps & Bulbs,4515926,55226BKLFU,55226BKFLU Kichler Wall Lt,-- Unbranded --,-- No Unilog Brand --,-- No DIB Brand --,Kichler Lighting (KICLI),Kichler Lighting,Kichler Lighting,,55226BKLFU,,Lighting & Electrical>Lighting>Lamps & Fixtures,"Kichler Lighting, Lamps & Bulb, 55226BKLFU, Wall Mounting",LAMPS & BULB WALL,"Kichler Lighting 55226BKLFU Lamps & Bulb, Wall Mounting","Kichler Lighting Lamps & Bulb, Wall Mounting","Lamps & Bulb, Wall Mounting",,,,,,,,,,,,,,,,,,,,,,,,,,,Lamps & Bulb,Model,55226BKLFU,,Mounting Type,Wall,,,,,,,,,,,,,,,,,,,,,,,,,,,,,,,,,,,,,,,,,,,,,,,,,,,,,,,,,,,,,,,,,,,,,,,,,,,,,,,,,,,,,,,,,,,,,,,,,,,,,,,,,,,,,,,,,,,,,,,,,,,,,,,,,,,,,,,,,,,,,,,,,,,,,,,,,,,,,,,,,,,,,Kichler_Lighting_55226BKLFU.jpg,,,,,,,,,Kichler_Lighting_55226BKLFU_Specification_Sheet.pdf,,,,,,,,,,,,,,,,,,No
,,,,,,62671382,Lighting & Electrical,Lighting,Lamps & Bulbs,9671382,55239CPZLED,55239CPZLED Kichler Wall Lt,-- Unbranded --,-- No Unilog Brand --,-- No DIB Brand --,Kichler Lighting (KICLI),Kichler Lighting,Kichler Lighting,,55239CPZLED,,Lighting & Electrical>Lighting>Lamps & Fixtures,"Kichler Lighting, Lamps & Bulb, 55239CPZLED, Wall Mounting",LAMPS & BULB WALL,"Kichler Lighting 55239CPZLED Lamps & Bulb, Wall Mounting","Kichler Lighting Lamps & Bulb, Wall Mounting","Lamps & Bulb, Wall Mounting",,,,,,,,,,,,,,,,,,,,,,,,,,,Lamps & Bulb,Model,55239CPZLED,,Mounting Type,Wall,,,,,,,,,,,,,,,,,,,,,,,,,,,,,,,,,,,,,,,,,,,,,,,,,,,,,,,,,,,,,,,,,,,,,,,,,,,,,,,,,,,,,,,,,,,,,,,,,,,,,,,,,,,,,,,,,,,,,,,,,,,,,,,,,,,,,,,,,,,,,,,,,,,,,,,,,,,,,,,,,,,,,Kichler_Lighting_55239CPZLED.jpg,,,,,,,,,Kichler_Lighting_55239CPZLED_Specification_Sheet.pdf,,,,,,,,,,,,,,,,,,No
,,,,,,84807403,Lighting & Electrical,Lighting,Lamps & Bulbs,4807403,44072DBK,44072DBK Kichler Chandelier Lt,-- Unbranded --,-- No Unilog Brand --,-- No DIB Brand --,Kichler Lighting (KICLI),Kichler Lighting,Kichler Lighting,,44072DBK,,Lighting & Electrical>Lighting>Lamps & Fixtures,"Kichler Lighting, Lamps & Bulb, 44072DBK",LAMPS & BULB,Kichler Lighting 44072DBK Lamps & Bulb,Kichler Lighting Lamps & Bulb,Lamps & Bulb,,,,,,,,,,,,,,,,,,,,,,,,,,,Lamps & Bulb,Model,44072DBK,,,,,,,,,,,,,,,,,,,,,,,,,,,,,,,,,,,,,,,,,,,,,,,,,,,,,,,,,,,,,,,,,,,,,,,,,,,,,,,,,,,,,,,,,,,,,,,,,,,,,,,,,,,,,,,,,,,,,,,,,,,,,,,,,,,,,,,,,,,,,,,,,,,,,,,,,,,,,,,,,,,,,,,,Kichler_Lighting_44072DBK.jpg,,,,,,,,,Kichler_Lighting_44072DBK_Specification_Sheet.pdf,,,,,,,,,,,,,,,,,,No
,,,,,,39840274,Lighting & Electrical,Lighting,Lamps & Bulbs,4840274,44073NI,44073NI Kichler Chandelier Lt,-- Unbranded --,-- No Unilog Brand --,-- No DIB Brand --,Kichler Lighting (KICLI),Kichler Lighting,Kichler Lighting,,44073NI,,Lighting & Electrical>Lighting>Lamps & Fixtures,"Kichler Lighting, Lamps & Bulb, 44073NI",LAMPS & BULB,Kichler Lighting 44073NI Lamps & Bulb,Kichler Lighting Lamps & Bulb,Lamps & Bulb,,,,,,,,,,,,,,,,,,,,,,,,,,,Lamps & Bulb,Model,44073NI,,,,,,,,,,,,,,,,,,,,,,,,,,,,,,,,,,,,,,,,,,,,,,,,,,,,,,,,,,,,,,,,,,,,,,,,,,,,,,,,,,,,,,,,,,,,,,,,,,,,,,,,,,,,,,,,,,,,,,,,,,,,,,,,,,,,,,,,,,,,,,,,,,,,,,,,,,,,,,,,,,,,,,,,Kichler_Lighting_44073NI.jpg,,,,,,,,,Kichler_Lighting_44073NI_Specification_Sheet.pdf,,,,,,,,,,,,,,,,,,No
,,,,,,85339485,Lighting & Electrical,Lighting,Lamps & Bulbs,5339485,52033BK,52033BK Kichler Chandelier Lt,-- Unbranded --,-- No Unilog Brand --,-- No DIB Brand --,Kichler Lighting (KICLI),Kichler Lighting,Kichler Lighting,,52033BK,,Lighting & Electrical>Lighting>Lamps & Fixtures,"Kichler Lighting, Lamps & Bulb, 52033BK",LAMPS & BULB,Kichler Lighting 52033BK Lamps & Bulb,Kichler Lighting Lamps & Bulb,Lamps & Bulb,,,,,,,,,,,,,,,,,,,,,,,,,,,Lamps & Bulb,Model,52033BK,,,,,,,,,,,,,,,,,,,,,,,,,,,,,,,,,,,,,,,,,,,,,,,,,,,,,,,,,,,,,,,,,,,,,,,,,,,,,,,,,,,,,,,,,,,,,,,,,,,,,,,,,,,,,,,,,,,,,,,,,,,,,,,,,,,,,,,,,,,,,,,,,,,,,,,,,,,,,,,,,,,,,,,,Kichler_Lighting_52033BK.jpg,,,,,,,,,Kichler_Lighting_52033BK_Specification_Sheet.pdf,,,,,,,,,,,,,,,,,,No
,,,,,,80561587,Lighting & Electrical,Lighting,Lamps & Bulbs,9561587,84322WH,84322WH Kichler Chandelier Lt,-- Unbranded --,-- No Unilog Brand --,-- No DIB Brand --,Kichler Lighting (KICLI),Kichler Lighting,Kichler Lighting,,84322WH,,Lighting & Electrical>Lighting>Lamps & Fixtures,"Kichler Lighting, Lamps & Bulb, 84322WH",LAMPS & BULB,Kichler Lighting 84322WH Lamps & Bulb,Kichler Lighting Lamps & Bulb,Lamps & Bulb,,,,,,,,,,,,,,,,,,,,,,,,,,,Lamps & Bulb,Model,84322WH,,,,,,,,,,,,,,,,,,,,,,,,,,,,,,,,,,,,,,,,,,,,,,,,,,,,,,,,,,,,,,,,,,,,,,,,,,,,,,,,,,,,,,,,,,,,,,,,,,,,,,,,,,,,,,,,,,,,,,,,,,,,,,,,,,,,,,,,,,,,,,,,,,,,,,,,,,,,,,,,,,,,,,,,Kichler_Lighting_84322WH.jpg,,,,,,,,,Kichler_Lighting_84322WH_Specification_Sheet.pdf,,,,,,,,,,,,,,,,,,No
,,,,,,48437200,Lighting & Electrical,Lighting,Lamps & Bulbs,4437200,52404BK,52404BK Kichler Chandelier Lt,-- Unbranded --,-- No Unilog Brand --,-- No DIB Brand --,Kichler Lighting (KICLI),Kichler Lighting,Kichler Lighting,,52404BK,,Lighting & Electrical>Lighting>Lamps & Fixtures,"Kichler Lighting, Lamps & Bulb, 52404BK",LAMPS & BULB,Kichler Lighting 52404BK Lamps & Bulb,Kichler Lighting Lamps & Bulb,Lamps & Bulb,,,,,,,,,,,,,,,,,,,,,,,,,,,Lamps & Bulb,Model,52404BK,,,,,,,,,,,,,,,,,,,,,,,,,,,,,,,,,,,,,,,,,,,,,,,,,,,,,,,,,,,,,,,,,,,,,,,,,,,,,,,,,,,,,,,,,,,,,,,,,,,,,,,,,,,,,,,,,,,,,,,,,,,,,,,,,,,,,,,,,,,,,,,,,,,,,,,,,,,,,,,,,,,,,,,,Kichler_Lighting_52404BK.jpg,,,,,,,,,Kichler_Lighting_52404BK_Specification_Sheet.pdf,,,,,,,,,,,,,,,,,,No
,,,,,,40000704,Lighting & Electrical,Lighting,Lamps & Bulbs,5000704,34686A,34686A Kichler Chandelier Lt,-- Unbranded --,-- No Unilog Brand --,-- No DIB Brand --,Kichler Lighting (KICLI),Kichler Lighting,Kichler Lighting,,34686A,,Lighting & Electrical>Lighting>Lamps & Fixtures,"Kichler Lighting, Lamps & Bulb, 34686A",LAMPS & BULB 34686A,Kichler Lighting 34686A Lamps & Bulb,"Kichler Lighting Lamps & Bulb, 34686 A",Lamps & Bulb,,,,,,,,,,,,,,,,,,,,,,,,,,,Lamps & Bulb,Model,34686A,,Amperage Rating,34686,A,,,,,,,,,,,,,,,,,,,,,,,,,,,,,,,,,,,,,,,,,,,,,,,,,,,,,,,,,,,,,,,,,,,,,,,,,,,,,,,,,,,,,,,,,,,,,,,,,,,,,,,,,,,,,,,,,,,,,,,,,,,,,,,,,,,,,,,,,,,,,,,,,,,,,,,,,,,,,,,,,,,,Kichler_Lighting_34686A.jpg,,,,,,,,,Kichler_Lighting_34686A_Specification_Sheet.pdf,,,,,,,,,,,,,,,,,,No
,,,,,,27522376,Lighting & Electrical,Lighting,Lamps & Bulbs,1522376,34687A,34687A Kichler Chandelier Lt,-- Unbranded --,-- No Unilog Brand --,-- No DIB Brand --,Kichler Lighting (KICLI),Kichler Lighting,Kichler Lighting,,34687A,,Lighting & Electrical>Lighting>Lamps & Fixtures,"Kichler Lighting, Lamps & Bulb, 34687A",LAMPS & BULB 34687A,Kichler Lighting 34687A Lamps & Bulb,"Kichler Lighting Lamps & Bulb, 34687 A",Lamps & Bulb,,,,,,,,,,,,,,,,,,,,,,,,,,,Lamps & Bulb,Model,34687A,,Amperage Rating,34687,A,,,,,,,,,,,,,,,,,,,,,,,,,,,,,,,,,,,,,,,,,,,,,,,,,,,,,,,,,,,,,,,,,,,,,,,,,,,,,,,,,,,,,,,,,,,,,,,,,,,,,,,,,,,,,,,,,,,,,,,,,,,,,,,,,,,,,,,,,,,,,,,,,,,,,,,,,,,,,,,,,,,,Kichler_Lighting_34687A.jpg,,,,,,,,,Kichler_Lighting_34687A_Specification_Sheet.pdf,,,,,,,,,,,,,,,,,,No
,,,,,,65471726,Lighting & Electrical,Lighting,Lamps & Bulbs,3471726,34688A,34688A Kichler Chandelier Lt,-- Unbranded --,-- No Unilog Brand --,-- No DIB Brand --,-,,,,34688A,,Lighting & Electrical>Lighting>Lamps & Fixtures,", Lamps & Bulb, 34688A",LAMPS & BULB 34688A,34688A Lamps & Bulb,"Lamps & Bulb, 34688 A",Lamps & Bulb,,,,,,,,,,,,,,,,,,,,,,,,,,,Lamps & Bulb,Model,34688A,,Amperage Rating,34688,A,,,,,,,,,,,,,,,,,,,,,,,,,,,,,,,,,,,,,,,,,,,,,,,,,,,,,,,,,,,,,,,,,,,,,,,,,,,,,,,,,,,,,,,,,,,,,,,,,,,,,,,,,,,,,,,,,,,,,,,,,,,,,,,,,,,,,,,,,,,,,,,,,,,,,,,,,,,,,,,,,,,,PRODUCT_34688A.jpg,,,,,,,,,PRODUCT_34688A_Specification_Sheet.pdf,,,,,,,,,,,,,,,,,,No
,,,,,,96646405,Lighting & Electrical,Lighting,Lamps & Bulbs,7646405,43671BKCLR,43671BKCLR Kichler Chand Lt,-- Unbranded --,-- No Unilog Brand --,-- No DIB Brand --,Kichler Lighting (KICLI),Kichler Lighting,Kichler Lighting,,43671BKCLR,,Lighting & Electrical>Lighting>Lamps & Fixtures,"Kichler Lighting, Lamps & Bulb, 43671BKCLR",LAMPS & BULB,Kichler Lighting 43671BKCLR Lamps & Bulb,Kichler Lighting Lamps & Bulb,Lamps & Bulb,,,,,,,,,,,,,,,,,,,,,,,,,,,Lamps & Bulb,Model,43671BKCLR,,,,,,,,,,,,,,,,,,,,,,,,,,,,,,,,,,,,,,,,,,,,,,,,,,,,,,,,,,,,,,,,,,,,,,,,,,,,,,,,,,,,,,,,,,,,,,,,,,,,,,,,,,,,,,,,,,,,,,,,,,,,,,,,,,,,,,,,,,,,,,,,,,,,,,,,,,,,,,,,,,,,,,,,Kichler_Lighting_43671BKCLR.jpg,,,,,,,,,Kichler_Lighting_43671BKCLR_Specification_Sheet.pdf,,,,,,,,,,,,,,,,,,No
,,,,,,93310941,Lighting & Electrical,Lighting,Lamps & Bulbs,4310941,52616BK,52616BK Kichler Chandelier Lt,-- Unbranded --,-- No Unilog Brand --,-- No DIB Brand --,Kichler Lighting (KICLI),Kichler Lighting,Kichler Lighting,,52616BK,,Lighting & Electrical>Lighting>Lamps & Fixtures,"Kichler Lighting, Lamps & Bulb, 52616BK",LAMPS & BULB,Kichler Lighting 52616BK Lamps & Bulb,Kichler Lighting Lamps & Bulb,Lamps & Bulb,,,,,,,,,,,,,,,,,,,,,,,,,,,Lamps & Bulb,Model,52616BK,,,,,,,,,,,,,,,,,,,,,,,,,,,,,,,,,,,,,,,,,,,,,,,,,,,,,,,,,,,,,,,,,,,,,,,,,,,,,,,,,,,,,,,,,,,,,,,,,,,,,,,,,,,,,,,,,,,,,,,,,,,,,,,,,,,,,,,,,,,,,,,,,,,,,,,,,,,,,,,,,,,,,,,,Kichler_Lighting_52616BK.jpg,,,,,,,,,Kichler_Lighting_52616BK_Specification_Sheet.pdf,,,,,,,,,,,,,,,,,,No
,,,,,,26074095,Lighting & Electrical,Lighting,Lamps & Bulbs,9074095,52616NI,52616NI Kichler Chandelier Lt,-- Unbranded --,-- No Unilog Brand --,-- No DIB Brand --,Kichler Lighting (KICLI),Kichler Lighting,Kichler Lighting,,52616NI,,Lighting & Electrical>Lighting>Lamps & Fixtures,"Kichler Lighting, Lamps & Bulb, 52616NI",LAMPS & BULB,Kichler Lighting 52616NI Lamps & Bulb,Kichler Lighting Lamps & Bulb,Lamps & Bulb,,,,,,,,,,,,,,,,,,,,,,,,,,,Lamps & Bulb,Model,52616NI,,,,,,,,,,,,,,,,,,,,,,,,,,,,,,,,,,,,,,,,,,,,,,,,,,,,,,,,,,,,,,,,,,,,,,,,,,,,,,,,,,,,,,,,,,,,,,,,,,,,,,,,,,,,,,,,,,,,,,,,,,,,,,,,,,,,,,,,,,,,,,,,,,,,,,,,,,,,,,,,,,,,,,,,Kichler_Lighting_52616NI.jpg,,,,,,,,,Kichler_Lighting_52616NI_Specification_Sheet.pdf,,,,,,,,,,,,,,,,,,No
,,,,,,67013908,Lighting & Electrical,Lighting,Lamps & Bulbs,5013908,52678BK,52678BK Kichler Chandelier Lt,-- Unbranded --,-- No Unilog Brand --,-- No DIB Brand --,Kichler Lighting (KICLI),Kichler Lighting,Kichler Lighting,,52678BK,,Lighting & Electrical>Lighting>Lamps & Fixtures,"Kichler Lighting, Lamps & Bulb, 52678BK",LAMPS & BULB,Kichler Lighting 52678BK Lamps & Bulb,Kichler Lighting Lamps & Bulb,Lamps & Bulb,,,,,,,,,,,,,,,,,,,,,,,,,,,Lamps & Bulb,Model,52678BK,,,,,,,,,,,,,,,,,,,,,,,,,,,,,,,,,,,,,,,,,,,,,,,,,,,,,,,,,,,,,,,,,,,,,,,,,,,,,,,,,,,,,,,,,,,,,,,,,,,,,,,,,,,,,,,,,,,,,,,,,,,,,,,,,,,,,,,,,,,,,,,,,,,,,,,,,,,,,,,,,,,,,,,,Kichler_Lighting_52678BK.jpg,,,,,,,,,Kichler_Lighting_52678BK_Specification_Sheet.pdf,,,,,,,,,,,,,,,,,,No
,,,,,,11673917,Lighting & Electrical,Lighting,Lamps & Bulbs,3673917,52680CPZ,52680CPZ Kichler Chandelier Lt,-- Unbranded --,-- No Unilog Brand --,-- No DIB Brand --,Kichler Lighting (KICLI),Kichler Lighting,Kichler Lighting,,52680CPZ,,Lighting & Electrical>Lighting>Lamps & Fixtures,"Kichler Lighting, Lamps & Bulb, 52680CPZ",LAMPS & BULB,Kichler Lighting 52680CPZ Lamps & Bulb,Kichler Lighting Lamps & Bulb,Lamps & Bulb,,,,,,,,,,,,,,,,,,,,,,,,,,,Lamps & Bulb,Model,52680CPZ,,,,,,,,,,,,,,,,,,,,,,,,,,,,,,,,,,,,,,,,,,,,,,,,,,,,,,,,,,,,,,,,,,,,,,,,,,,,,,,,,,,,,,,,,,,,,,,,,,,,,,,,,,,,,,,,,,,,,,,,,,,,,,,,,,,,,,,,,,,,,,,,,,,,,,,,,,,,,,,,,,,,,,,,Kichler_Lighting_52680CPZ.jpg,,,,,,,,,Kichler_Lighting_52680CPZ_Specification_Sheet.pdf,,,,,,,,,,,,,,,,,,No
,,,,,,50133078,Lighting & Electrical,Lighting,Lamps & Bulbs,6133078,52772BK,52772BK Kichler Chandelier Lt,-- Unbranded --,-- No Unilog Brand --,-- No DIB Brand --,Kichler Lighting (KICLI),Kichler Lighting,Kichler Lighting,,52772BK,,Lighting & Electrical>Lighting>Lamps & Fixtures,"Kichler Lighting, Lamps & Bulb, 52772BK",LAMPS & BULB,Kichler Lighting 52772BK Lamps & Bulb,Kichler Lighting Lamps & Bulb,Lamps & Bulb,,,,,,,,,,,,,,,,,,,,,,,,,,,Lamps & Bulb,Model,52772BK,,,,,,,,,,,,,,,,,,,,,,,,,,,,,,,,,,,,,,,,,,,,,,,,,,,,,,,,,,,,,,,,,,,,,,,,,,,,,,,,,,,,,,,,,,,,,,,,,,,,,,,,,,,,,,,,,,,,,,,,,,,,,,,,,,,,,,,,,,,,,,,,,,,,,,,,,,,,,,,,,,,,,,,,Kichler_Lighting_52772BK.jpg,,,,,,,,,Kichler_Lighting_52772BK_Specification_Sheet.pdf,,,,,,,,,,,,,,,,,,No
,,,,,,80709961,Lighting & Electrical,Lighting,Lamps & Bulbs,9709961,82399,82399 Kichler Chandelier Lt,-- Unbranded --,-- No Unilog Brand --,-- No DIB Brand --,Kichler Lighting (KICLI),Kichler Lighting,Kichler Lighting,,82399,,Lighting & Electrical>Lighting>Lamps & Fixtures,"Kichler Lighting, Lamps & Bulb, 82399",LAMPS & BULB,Kichler Lighting 82399 Lamps & Bulb,Kichler Lighting Lamps & Bulb,Lamps & Bulb,,,,,,,,,,,,,,,,,,,,,,,,,,,Lamps & Bulb,Model,82399,,,,,,,,,,,,,,,,,,,,,,,,,,,,,,,,,,,,,,,,,,,,,,,,,,,,,,,,,,,,,,,,,,,,,,,,,,,,,,,,,,,,,,,,,,,,,,,,,,,,,,,,,,,,,,,,,,,,,,,,,,,,,,,,,,,,,,,,,,,,,,,,,,,,,,,,,,,,,,,,,,,,,,,,Kichler_Lighting_82399.jpg,,,,,,,,,Kichler_Lighting_82399_Specification_Sheet.pdf,,,,,,,,,,,,,,,,,,No
,,,,,,63336385,Lighting & Electrical,Lighting,Lamps & Bulbs,1336385,65-771R3,65-771R3 Nuvo Highbay Light,-- Unbranded --,-- No Unilog Brand --,-- No DIB Brand --,Satco Prod Inc (5573),Satco Prod Inc,Satco Prod Inc,,65-771R3,,Lighting & Electrical>Lighting>Lamps & Fixtures,"Satco Prod Inc, Lamps & Bulb, 65-771R3",LAMPS & BULB,Satco Prod Inc 65-771R3 Lamps & Bulb,Satco Prod Inc Lamps & Bulb,Lamps & Bulb,,,,,,,,,,,,,,,,,,,,,,,,,,,Lamps & Bulb,Model,65-771R3,,,,,,,,,,,,,,,,,,,,,,,,,,,,,,,,,,,,,,,,,,,,,,,,,,,,,,,,,,,,,,,,,,,,,,,,,,,,,,,,,,,,,,,,,,,,,,,,,,,,,,,,,,,,,,,,,,,,,,,,,,,,,,,,,,,,,,,,,,,,,,,,,,,,,,,,,,,,,,,,,,,,,,,,Satco_Prod_Inc_65-771R3.jpg,,,,,,,,,Satco_Prod_Inc_65-771R3_Specification_Sheet.pdf,,,,,,,,,,,,,,,,,,No
,,,,,,75373765,Lighting & Electrical,Lighting,Lamps & Bulbs,4373765,42955BK,42955BK Kichler Ceiling Lt,-- Unbranded --,-- No Unilog Brand --,-- No DIB Brand --,Kichler Lighting (KICLI),Kichler Lighting,Kichler Lighting,,42955BK,,Lighting & Electrical>Lighting>Lamps & Fixtures,"Kichler Lighting, Lamps & Bulb, 42955BK",LAMPS & BULB,Kichler Lighting 42955BK Lamps & Bulb,Kichler Lighting Lamps & Bulb,Lamps & Bulb,,,,,,,,,,,,,,,,,,,,,,,,,,,Lamps & Bulb,Model,42955BK,,,,,,,,,,,,,,,,,,,,,,,,,,,,,,,,,,,,,,,,,,,,,,,,,,,,,,,,,,,,,,,,,,,,,,,,,,,,,,,,,,,,,,,,,,,,,,,,,,,,,,,,,,,,,,,,,,,,,,,,,,,,,,,,,,,,,,,,,,,,,,,,,,,,,,,,,,,,,,,,,,,,,,,,Kichler_Lighting_42955BK.jpg,,,,,,,,,Kichler_Lighting_42955BK_Specification_Sheet.pdf,,,,,,,,,,,,,,,,,,No
,,,,,,12915386,Lighting & Electrical,Lighting,Lamps & Bulbs,4915386,42275BK,42275BK Kichler Ceiling Lt,-- Unbranded --,-- No Unilog Brand --,-- No DIB Brand --,Kichler Lighting (KICLI),Kichler Lighting,Kichler Lighting,,42275BK,,Lighting & Electrical>Lighting>Lamps & Fixtures,"Kichler Lighting, Lamps & Bulb, 42275BK",LAMPS & BULB,Kichler Lighting 42275BK Lamps & Bulb,Kichler Lighting Lamps & Bulb,Lamps & Bulb,,,,,,,,,,,,,,,,,,,,,,,,,,,Lamps & Bulb,Model,42275BK,,,,,,,,,,,,,,,,,,,,,,,,,,,,,,,,,,,,,,,,,,,,,,,,,,,,,,,,,,,,,,,,,,,,,,,,,,,,,,,,,,,,,,,,,,,,,,,,,,,,,,,,,,,,,,,,,,,,,,,,,,,,,,,,,,,,,,,,,,,,,,,,,,,,,,,,,,,,,,,,,,,,,,,,Kichler_Lighting_42275BK.jpg,,,,,,,,,Kichler_Lighting_42275BK_Specification_Sheet.pdf,,,,,,,,,,,,,,,,,,No
,,,,,,73439797,Lighting & Electrical,Lighting,Lamps & Bulbs,2439797,62-1850,"62-1850 11"" Led Ceiling Light",-- Unbranded --,-- No Unilog Brand --,-- No DIB Brand --,Satco Prod Inc (5573),Satco Prod Inc,Satco Prod Inc,,62-1850,,Lighting & Electrical>Lighting>Lamps & Fixtures,"Satco Prod Inc, Lamps & Bulb, 62-1850",LAMPS & BULB,Satco Prod Inc 62-1850 Lamps & Bulb,Satco Prod Inc Lamps & Bulb,Lamps & Bulb,,,,,,,,,,,,,,,,,,,,,,,,,,,Lamps & Bulb,Model,62-1850,,,,,,,,,,,,,,,,,,,,,,,,,,,,,,,,,,,,,,,,,,,,,,,,,,,,,,,,,,,,,,,,,,,,,,,,,,,,,,,,,,,,,,,,,,,,,,,,,,,,,,,,,,,,,,,,,,,,,,,,,,,,,,,,,,,,,,,,,,,,,,,,,,,,,,,,,,,,,,,,,,,,,,,,Satco_Prod_Inc_62-1850.jpg,,,,,,,,,Satco_Prod_Inc_62-1850_Specification_Sheet.pdf,,,,,,,,,,,,,,,,,,No
,,,,,,56478554,Lighting & Electrical,Lighting,Lamps & Bulbs,3478554,62-1852,"62-1852 14"" Satco Led Ceiling Lt",-- Unbranded --,-- No Unilog Brand --,-- No DIB Brand --,Satco Prod Inc (5573),Satco Prod Inc,Satco Prod Inc,,62-1852,,Lighting & Electrical>Lighting>Lamps & Fixtures,"Satco Prod Inc, Lamps & Bulb, 62-1852",LAMPS & BULB,Satco Prod Inc 62-1852 Lamps & Bulb,Satco Prod Inc Lamps & Bulb,Lamps & Bulb,,,,,,,,,,,,,,,,,,,,,,,,,,,Lamps & Bulb,Model,62-1852,,,,,,,,,,,,,,,,,,,,,,,,,,,,,,,,,,,,,,,,,,,,,,,,,,,,,,,,,,,,,,,,,,,,,,,,,,,,,,,,,,,,,,,,,,,,,,,,,,,,,,,,,,,,,,,,,,,,,,,,,,,,,,,,,,,,,,,,,,,,,,,,,,,,,,,,,,,,,,,,,,,,,,,,Satco_Prod_Inc_62-1852.jpg,,,,,,,,,Satco_Prod_Inc_62-1852_Specification_Sheet.pdf,,,,,,,,,,,,,,,,,,No
,,,,,,91911654,Lighting & Electrical,Lighting,Lamps & Bulbs,2911654,62-1875,"62-1875 10"" Led Ceiling Lt Bn",-- Unbranded --,-- No Unilog Brand --,-- No DIB Brand --,Satco Prod Inc (5573),Satco Prod Inc,Satco Prod Inc,,62-1875,,Lighting & Electrical>Lighting>Lamps & Fixtures,"Satco Prod Inc, Lamps & Bulb, 62-1875",LAMPS & BULB,Satco Prod Inc 62-1875 Lamps & Bulb,Satco Prod Inc Lamps & Bulb,Lamps & Bulb,,,,,,,,,,,,,,,,,,,,,,,,,,,Lamps & Bulb,Model,62-1875,,,,,,,,,,,,,,,,,,,,,,,,,,,,,,,,,,,,,,,,,,,,,,,,,,,,,,,,,,,,,,,,,,,,,,,,,,,,,,,,,,,,,,,,,,,,,,,,,,,,,,,,,,,,,,,,,,,,,,,,,,,,,,,,,,,,,,,,,,,,,,,,,,,,,,,,,,,,,,,,,,,,,,,,Satco_Prod_Inc_62-1875.jpg,,,,,,,,,Satco_Prod_Inc_62-1875_Specification_Sheet.pdf,,,,,,,,,,,,,,,,,,No
,,,,,,73856784,Lighting & Electrical,Lighting,Lamps & Bulbs,2856784,62-1876,"62-1876 13"" Satco Ceiling Light BN",-- Unbranded --,-- No Unilog Brand --,-- No DIB Brand --,Satco Prod Inc (5573),Satco Prod Inc,Satco Prod Inc,,62-1876,,Lighting & Electrical>Lighting>Lamps & Fixtures,"Satco Prod Inc, Lamps & Bulb, 62-1876",LAMPS & BULB,Satco Prod Inc 62-1876 Lamps & Bulb,Satco Prod Inc Lamps & Bulb,Lamps & Bulb,,,,,,,,,,,,,,,,,,,,,,,,,,,Lamps & Bulb,Model,62-1876,,,,,,,,,,,,,,,,,,,,,,,,,,,,,,,,,,,,,,,,,,,,,,,,,,,,,,,,,,,,,,,,,,,,,,,,,,,,,,,,,,,,,,,,,,,,,,,,,,,,,,,,,,,,,,,,,,,,,,,,,,,,,,,,,,,,,,,,,,,,,,,,,,,,,,,,,,,,,,,,,,,,,,,,Satco_Prod_Inc_62-1876.jpg,,,,,,,,,Satco_Prod_Inc_62-1876_Specification_Sheet.pdf,,,,,,,,,,,,,,,,,,No
,,,,,,60598767,Lighting & Electrical,Lighting,Lamps & Bulbs,7598767,42296BK,42296BK Kichler Ceiling Lt,-- Unbranded --,-- No Unilog Brand --,-- No DIB Brand --,Kichler Lighting (KICLI),Kichler Lighting,Kichler Lighting,,42296BK,,Lighting & Electrical>Lighting>Lamps & Fixtures,"Kichler Lighting, Lamps & Bulb, 42296BK",LAMPS & BULB,Kichler Lighting 42296BK Lamps & Bulb,Kichler Lighting Lamps & Bulb,Lamps & Bulb,,,,,,,,,,,,,,,,,,,,,,,,,,,Lamps & Bulb,Model,42296BK,,,,,,,,,,,,,,,,,,,,,,,,,,,,,,,,,,,,,,,,,,,,,,,,,,,,,,,,,,,,,,,,,,,,,,,,,,,,,,,,,,,,,,,,,,,,,,,,,,,,,,,,,,,,,,,,,,,,,,,,,,,,,,,,,,,,,,,,,,,,,,,,,,,,,,,,,,,,,,,,,,,,,,,,Kichler_Lighting_42296BK.jpg,,,,,,,,,Kichler_Lighting_42296BK_Specification_Sheet.pdf,,,,,,,,,,,,,,,,,,No
,,,,,,12745083,Lighting & Electrical,Lighting,Lamps & Bulbs,4745083,43913BK,43913BK Kichler Pendant Lt,-- Unbranded --,-- No Unilog Brand --,-- No DIB Brand --,Kichler Lighting (KICLI),Kichler Lighting,Kichler Lighting,,43913BK,,Lighting & Electrical>Lighting>Lamps & Fixtures,"Kichler Lighting, Lamps & Bulb, 43913BK",LAMPS & BULB,Kichler Lighting 43913BK Lamps & Bulb,Kichler Lighting Lamps & Bulb,Lamps & Bulb,,,,,,,,,,,,,,,,,,,,,,,,,,,Lamps & Bulb,Model,43913BK,,,,,,,,,,,,,,,,,,,,,,,,,,,,,,,,,,,,,,,,,,,,,,,,,,,,,,,,,,,,,,,,,,,,,,,,,,,,,,,,,,,,,,,,,,,,,,,,,,,,,,,,,,,,,,,,,,,,,,,,,,,,,,,,,,,,,,,,,,,,,,,,,,,,,,,,,,,,,,,,,,,,,,,,Kichler_Lighting_43913BK.jpg,,,,,,,,,Kichler_Lighting_43913BK_Specification_Sheet.pdf,,,,,,,,,,,,,,,,,,No
,,,,,,91960011,Lighting & Electrical,Lighting,Lamps & Bulbs,2960011,HLSMS9129FS1E,"HLSMS9129FS1E 9"" Motion Lt",-- Unbranded --,-- No Unilog Brand --,-- No DIB Brand --,Cooper Lighting (7638),Cooper Lighting,Cooper Lighting,,HLSMS9129FS1E,,Lighting & Electrical>Lighting>Lamps & Fixtures,"Cooper Lighting, Lamps & Bulb, HLSMS9129FS1E",LAMPS & BULB,Cooper Lighting HLSMS9129FS1E Lamps & Bulb,Cooper Lighting Lamps & Bulb,Lamps & Bulb,,,,,,,,,,,,,,,,,,,,,,,,,,,Lamps & Bulb,Model,HLSMS9129FS1E,,,,,,,,,,,,,,,,,,,,,,,,,,,,,,,,,,,,,,,,,,,,,,,,,,,,,,,,,,,,,,,,,,,,,,,,,,,,,,,,,,,,,,,,,,,,,,,,,,,,,,,,,,,,,,,,,,,,,,,,,,,,,,,,,,,,,,,,,,,,,,,,,,,,,,,,,,,,,,,,,,,,,,,,Cooper_Lighting_HLSMS9129FS1E.jpg,,,,,,,,,Cooper_Lighting_HLSMS9129FS1E_Specification_Sheet.pdf,,,,,,,,,,,,,,,,,,No
,,,,,,31841603,Lighting & Electrical,Lighting,Lamps & Bulbs,5841603,64-110,64-110 Satco Tape Light 16',-- Unbranded --,-- No Unilog Brand --,-- No DIB Brand --,Satco Prod Inc (5573),Satco Prod Inc,Satco Prod Inc,,64-110,,Lighting & Electrical>Lighting>Lamps & Fixtures,"Satco Prod Inc, Lamps & Bulb, 64-110",LAMPS & BULB,Satco Prod Inc 64-110 Lamps & Bulb,Satco Prod Inc Lamps & Bulb,Lamps & Bulb,,,,,,,,,,,,,,,,,,,,,,,,,,,Lamps & Bulb,Model,64-110,,,,,,,,,,,,,,,,,,,,,,,,,,,,,,,,,,,,,,,,,,,,,,,,,,,,,,,,,,,,,,,,,,,,,,,,,,,,,,,,,,,,,,,,,,,,,,,,,,,,,,,,,,,,,,,,,,,,,,,,,,,,,,,,,,,,,,,,,,,,,,,,,,,,,,,,,,,,,,,,,,,,,,,,Satco_Prod_Inc_64-110.jpg,,,,,,,,,Satco_Prod_Inc_64-110_Specification_Sheet.pdf,,,,,,,,,,,,,,,,,,No
,,,,,,90089603,Lighting & Electrical,Lighting,Lamps & Bulbs,1089603,603571,603571 3' Strip Light Ext,-- Unbranded --,-- No Unilog Brand --,Wiz,Phillips Lighting (5831),Phillips Lighting,Wiz,,603571,,Lighting & Electrical>Lighting>Lamps & Fixtures,"Phillips Lighting, Lamps & Bulb, 603571",LAMPS & BULB,Wiz 603571 Lamps & Bulb,Wiz Lamps & Bulb,Lamps & Bulb,,,,,,,,,,,,,,,,,,,,,,,,,,,Lamps & Bulb,Model,603571,,,,,,,,,,,,,,,,,,,,,,,,,,,,,,,,,,,,,,,,,,,,,,,,,,,,,,,,,,,,,,,,,,,,,,,,,,,,,,,,,,,,,,,,,,,,,,,,,,,,,,,,,,,,,,,,,,,,,,,,,,,,,,,,,,,,,,,,,,,,,,,,,,,,,,,,,,,,,,,,,,,,,,,,Wiz_603571.jpg,,,,,,,,,Wiz_603571_Specification_Sheet.pdf,,,,,,,,,,,,,,,,,,No
,,,,,,16006111,Lighting & Electrical,Lighting,Lamps & Bulbs,8006111,65-572R1,65572 Satco 2x4 Led Flat Panel,-- Unbranded --,-- No Unilog Brand --,-- No DIB Brand --,Satco Prod Inc (5573),Satco Prod Inc,Satco Prod Inc,,65-572R1,,Lighting & Electrical>Lighting>Lamps & Fixtures,"Satco Prod Inc, Lamps & Bulb, 65-572R1",LAMPS & BULB,Satco Prod Inc 65-572R1 Lamps & Bulb,Satco Prod Inc Lamps & Bulb,Lamps & Bulb,,,,,,,,,,,,,,,,,,,,,,,,,,,Lamps & Bulb,Model,65-572R1,,,,,,,,,,,,,,,,,,,,,,,,,,,,,,,,,,,,,,,,,,,,,,,,,,,,,,,,,,,,,,,,,,,,,,,,,,,,,,,,,,,,,,,,,,,,,,,,,,,,,,,,,,,,,,,,,,,,,,,,,,,,,,,,,,,,,,,,,,,,,,,,,,,,,,,,,,,,,,,,,,,,,,,,Satco_Prod_Inc_65-572R1.jpg,,,,,,,,,Satco_Prod_Inc_65-572R1_Specification_Sheet.pdf,,,,,,,,,,,,,,,,,,No
,,,,,,83008850,Lighting & Electrical,Lighting,Lamps & Bulbs,3008850,52476AVI,52476AVI Kichler Pendant Lt,-- Unbranded --,-- No Unilog Brand --,-- No DIB Brand --,Kichler Lighting (KICLI),Kichler Lighting,Kichler Lighting,,52476AVI,,Lighting & Electrical>Lighting>Lamps & Fixtures,"Kichler Lighting, Lamps & Bulb, 52476AVI",LAMPS & BULB,Kichler Lighting 52476AVI Lamps & Bulb,Kichler Lighting Lamps & Bulb,Lamps & Bulb,,,,,,,,,,,,,,,,,,,,,,,,,,,Lamps & Bulb,Model,52476AVI,,,,,,,,,,,,,,,,,,,,,,,,,,,,,,,,,,,,,,,,,,,,,,,,,,,,,,,,,,,,,,,,,,,,,,,,,,,,,,,,,,,,,,,,,,,,,,,,,,,,,,,,,,,,,,,,,,,,,,,,,,,,,,,,,,,,,,,,,,,,,,,,,,,,,,,,,,,,,,,,,,,,,,,,Kichler_Lighting_52476AVI.jpg,,,,,,,,,Kichler_Lighting_52476AVI_Specification_Sheet.pdf,,,,,,,,,,,,,,,,,,No
,,,,,,44418781,Lighting & Electrical,Lighting,Lamps & Bulbs,9418781,42199BK,42199BK Kichler Pendant Lt,-- Unbranded --,-- No Unilog Brand --,-- No DIB Brand --,Kichler Lighting (KICLI),Kichler Lighting,Kichler Lighting,,42199BK,,Lighting & Electrical>Lighting>Lamps & Fixtures,"Kichler Lighting, Lamps & Bulb, 42199BK",LAMPS & BULB,Kichler Lighting 42199BK Lamps & Bulb,Kichler Lighting Lamps & Bulb,Lamps & Bulb,,,,,,,,,,,,,,,,,,,,,,,,,,,Lamps & Bulb,Model,42199BK,,,,,,,,,,,,,,,,,,,,,,,,,,,,,,,,,,,,,,,,,,,,,,,,,,,,,,,,,,,,,,,,,,,,,,,,,,,,,,,,,,,,,,,,,,,,,,,,,,,,,,,,,,,,,,,,,,,,,,,,,,,,,,,,,,,,,,,,,,,,,,,,,,,,,,,,,,,,,,,,,,,,,,,,Kichler_Lighting_42199BK.jpg,,,,,,,,,Kichler_Lighting_42199BK_Specification_Sheet.pdf,,,,,,,,,,,,,,,,,,No
,,,,,,86977117,Lighting & Electrical,Lighting,Lamps & Bulbs,6977117,42199BKCS,42199BKCS Kichler Pendant Lt,-- Unbranded --,-- No Unilog Brand --,-- No DIB Brand --,Kichler Lighting (KICLI),Kichler Lighting,Kichler Lighting,,42199BKCS,,Lighting & Electrical>Lighting>Lamps & Fixtures,"Kichler Lighting, Lamps & Bulb, 42199BKCS",LAMPS & BULB,Kichler Lighting 42199BKCS Lamps & Bulb,Kichler Lighting Lamps & Bulb,Lamps & Bulb,,,,,,,,,,,,,,,,,,,,,,,,,,,Lamps & Bulb,Model,42199BKCS,,,,,,,,,,,,,,,,,,,,,,,,,,,,,,,,,,,,,,,,,,,,,,,,,,,,,,,,,,,,,,,,,,,,,,,,,,,,,,,,,,,,,,,,,,,,,,,,,,,,,,,,,,,,,,,,,,,,,,,,,,,,,,,,,,,,,,,,,,,,,,,,,,,,,,,,,,,,,,,,,,,,,,,,Kichler_Lighting_42199BKCS.jpg,,,,,,,,,Kichler_Lighting_42199BKCS_Specification_Sheet.pdf,,,,,,,,,,,,,,,,,,No
,,,,,,12215405,Lighting & Electrical,Lighting,Lamps & Bulbs,4215405,42200BK,42200BK Kichler Pendant Lt,-- Unbranded --,-- No Unilog Brand --,-- No DIB Brand --,Kichler Lighting (KICLI),Kichler Lighting,Kichler Lighting,,42200BK,,Lighting & Electrical>Lighting>Lamps & Fixtures,"Kichler Lighting, Lamps & Bulb, 42200BK",LAMPS & BULB,Kichler Lighting 42200BK Lamps & Bulb,Kichler Lighting Lamps & Bulb,Lamps & Bulb,,,,,,,,,,,,,,,,,,,,,,,,,,,Lamps & Bulb,Model,42200BK,,,,,,,,,,,,,,,,,,,,,,,,,,,,,,,,,,,,,,,,,,,,,,,,,,,,,,,,,,,,,,,,,,,,,,,,,,,,,,,,,,,,,,,,,,,,,,,,,,,,,,,,,,,,,,,,,,,,,,,,,,,,,,,,,,,,,,,,,,,,,,,,,,,,,,,,,,,,,,,,,,,,,,,,Kichler_Lighting_42200BK.jpg,,,,,,,,,Kichler_Lighting_42200BK_Specification_Sheet.pdf,,,,,,,,,,,,,,,,,,No
,,,,,,26227336,Lighting & Electrical,Lighting,Lamps & Bulbs,9227336,42200BKCS,42200BKCS Kichler Pendant Lt,-- Unbranded --,-- No Unilog Brand --,-- No DIB Brand --,Kichler Lighting (KICLI),Kichler Lighting,Kichler Lighting,,42200BKCS,,Lighting & Electrical>Lighting>Lamps & Fixtures,"Kichler Lighting, Lamps & Bulb, 42200BKCS",LAMPS & BULB,Kichler Lighting 42200BKCS Lamps & Bulb,Kichler Lighting Lamps & Bulb,Lamps & Bulb,,,,,,,,,,,,,,,,,,,,,,,,,,,Lamps & Bulb,Model,42200BKCS,,,,,,,,,,,,,,,,,,,,,,,,,,,,,,,,,,,,,,,,,,,,,,,,,,,,,,,,,,,,,,,,,,,,,,,,,,,,,,,,,,,,,,,,,,,,,,,,,,,,,,,,,,,,,,,,,,,,,,,,,,,,,,,,,,,,,,,,,,,,,,,,,,,,,,,,,,,,,,,,,,,,,,,,Kichler_Lighting_42200BKCS.jpg,,,,,,,,,Kichler_Lighting_42200BKCS_Specification_Sheet.pdf,,,,,,,,,,,,,,,,,,No
,,,,,,15327789,Lighting & Electrical,Lighting,Lamps & Bulbs,7327789,43851BK,43851BK Kichler Pendant Lt,-- Unbranded --,-- No Unilog Brand --,-- No DIB Brand --,Kichler Lighting (KICLI),Kichler Lighting,Kichler Lighting,,43851BK,,Lighting & Electrical>Lighting>Lamps & Fixtures,"Kichler Lighting, Lamps & Bulb, 43851BK",LAMPS & BULB,Kichler Lighting 43851BK Lamps & Bulb,Kichler Lighting Lamps & Bulb,Lamps & Bulb,,,,,,,,,,,,,,,,,,,,,,,,,,,Lamps & Bulb,Model,43851BK,,,,,,,,,,,,,,,,,,,,,,,,,,,,,,,,,,,,,,,,,,,,,,,,,,,,,,,,,,,,,,,,,,,,,,,,,,,,,,,,,,,,,,,,,,,,,,,,,,,,,,,,,,,,,,,,,,,,,,,,,,,,,,,,,,,,,,,,,,,,,,,,,,,,,,,,,,,,,,,,,,,,,,,,Kichler_Lighting_43851BK.jpg,,,,,,,,,Kichler_Lighting_43851BK_Specification_Sheet.pdf,,,,,,,,,,,,,,,,,,No
,,,,,,58653506,Lighting & Electrical,Lighting,Lamps & Bulbs,5653506,43852BK,43852BK Kichler Pendant Lt,-- Unbranded --,-- No Unilog Brand --,-- No DIB Brand --,Kichler Lighting (KICLI),Kichler Lighting,Kichler Lighting,,43852BK,,Lighting & Electrical>Lighting>Lamps & Fixtures,"Kichler Lighting, Lamps & Bulb, 43852BK",LAMPS & BULB,Kichler Lighting 43852BK Lamps & Bulb,Kichler Lighting Lamps & Bulb,Lamps & Bulb,,,,,,,,,,,,,,,,,,,,,,,,,,,Lamps & Bulb,Model,43852BK,,,,,,,,,,,,,,,,,,,,,,,,,,,,,,,,,,,,,,,,,,,,,,,,,,,,,,,,,,,,,,,,,,,,,,,,,,,,,,,,,,,,,,,,,,,,,,,,,,,,,,,,,,,,,,,,,,,,,,,,,,,,,,,,,,,,,,,,,,,,,,,,,,,,,,,,,,,,,,,,,,,,,,,,Kichler_Lighting_43852BK.jpg,,,,,,,,,Kichler_Lighting_43852BK_Specification_Sheet.pdf,,,,,,,,,,,,,,,,,,No
,,,,,,42985349,Lighting & Electrical,Lighting,Lamps & Bulbs,7985349,43853BK,43853BK Kichler Pendant Lt,-- Unbranded --,-- No Unilog Brand --,-- No DIB Brand --,Kichler Lighting (KICLI),Kichler Lighting,Kichler Lighting,,43853BK,,Lighting & Electrical>Lighting>Lamps & Fixtures,"Kichler Lighting, Lamps & Bulb, 43853BK",LAMPS & BULB,Kichler Lighting 43853BK Lamps & Bulb,Kichler Lighting Lamps & Bulb,Lamps & Bulb,,,,,,,,,,,,,,,,,,,,,,,,,,,Lamps & Bulb,Model,43853BK,,,,,,,,,,,,,,,,,,,,,,,,,,,,,,,,,,,,,,,,,,,,,,,,,,,,,,,,,,,,,,,,,,,,,,,,,,,,,,,,,,,,,,,,,,,,,,,,,,,,,,,,,,,,,,,,,,,,,,,,,,,,,,,,,,,,,,,,,,,,,,,,,,,,,,,,,,,,,,,,,,,,,,,,Kichler_Lighting_43853BK.jpg,,,,,,,,,Kichler_Lighting_43853BK_Specification_Sheet.pdf,,,,,,,,,,,,,,,,,,No
,,,,,,65338439,Lighting & Electrical,Lighting,Lamps & Bulbs,3338439,43905BK,43905BK Kichler Pendant Lt,-- Unbranded --,-- No Unilog Brand --,-- No DIB Brand --,Kichler Lighting (KICLI),Kichler Lighting,Kichler Lighting,,43905BK,,Lighting & Electrical>Lighting>Lamps & Fixtures,"Kichler Lighting, Lamps & Bulb, 43905BK",LAMPS & BULB,Kichler Lighting 43905BK Lamps & Bulb,Kichler Lighting Lamps & Bulb,Lamps & Bulb,,,,,,,,,,,,,,,,,,,,,,,,,,,Lamps & Bulb,Model,43905BK,,,,,,,,,,,,,,,,,,,,,,,,,,,,,,,,,,,,,,,,,,,,,,,,,,,,,,,,,,,,,,,,,,,,,,,,,,,,,,,,,,,,,,,,,,,,,,,,,,,,,,,,,,,,,,,,,,,,,,,,,,,,,,,,,,,,,,,,,,,,,,,,,,,,,,,,,,,,,,,,,,,,,,,,Kichler_Lighting_43905BK.jpg,,,,,,,,,Kichler_Lighting_43905BK_Specification_Sheet.pdf,,,,,,,,,,,,,,,,,,No
,,,,,,37055049,Lighting & Electrical,Lighting,Lamps & Bulbs,2055049,43911BK,43911BK Kichler Pendant Lt,-- Unbranded --,-- No Unilog Brand --,-- No DIB Brand --,Kichler Lighting (KICLI),Kichler Lighting,Kichler Lighting,,43911BK,,Lighting & Electrical>Lighting>Lamps & Fixtures,"Kichler Lighting, Lamps & Bulb, 43911BK",LAMPS & BULB,Kichler Lighting 43911BK Lamps & Bulb,Kichler Lighting Lamps & Bulb,Lamps & Bulb,,,,,,,,,,,,,,,,,,,,,,,,,,,Lamps & Bulb,Model,43911BK,,,,,,,,,,,,,,,,,,,,,,,,,,,,,,,,,,,,,,,,,,,,,,,,,,,,,,,,,,,,,,,,,,,,,,,,,,,,,,,,,,,,,,,,,,,,,,,,,,,,,,,,,,,,,,,,,,,,,,,,,,,,,,,,,,,,,,,,,,,,,,,,,,,,,,,,,,,,,,,,,,,,,,,,Kichler_Lighting_43911BK.jpg,,,,,,,,,Kichler_Lighting_43911BK_Specification_Sheet.pdf,,,,,,,,,,,,,,,,,,No
,,,,,,83086694,Lighting & Electrical,Lighting,Lamps & Bulbs,3086694,52529BK,52529BK Kichler Pendant Light,-- Unbranded --,-- No Unilog Brand --,-- No DIB Brand --,Kichler Lighting (KICLI),Kichler Lighting,Kichler Lighting,,52529BK,,Lighting & Electrical>Lighting>Lamps & Fixtures,"Kichler Lighting, Lamps & Bulb, 52529BK",LAMPS & BULB,Kichler Lighting 52529BK Lamps & Bulb,Kichler Lighting Lamps & Bulb,Lamps & Bulb,,,,,,,,,,,,,,,,,,,,,,,,,,,Lamps & Bulb,Model,52529BK,,,,,,,,,,,,,,,,,,,,,,,,,,,,,,,,,,,,,,,,,,,,,,,,,,,,,,,,,,,,,,,,,,,,,,,,,,,,,,,,,,,,,,,,,,,,,,,,,,,,,,,,,,,,,,,,,,,,,,,,,,,,,,,,,,,,,,,,,,,,,,,,,,,,,,,,,,,,,,,,,,,,,,,,Kichler_Lighting_52529BK.jpg,,,,,,,,,Kichler_Lighting_52529BK_Specification_Sheet.pdf,,,,,,,,,,,,,,,,,,No
,,,,,,47106731,Lighting & Electrical,Lighting,Lamps & Bulbs,3106731,52662BKCLR,52662BKCLR Kichler Pendant Lt,-- Unbranded --,-- No Unilog Brand --,-- No DIB Brand --,Kichler Lighting (KICLI),Kichler Lighting,Kichler Lighting,,52662BKCLR,,Lighting & Electrical>Lighting>Lamps & Fixtures,"Kichler Lighting, Lamps & Bulb, 52662BKCLR",LAMPS & BULB,Kichler Lighting 52662BKCLR Lamps & Bulb,Kichler Lighting Lamps & Bulb,Lamps & Bulb,,,,,,,,,,,,,,,,,,,,,,,,,,,Lamps & Bulb,Model,52662BKCLR,,,,,,,,,,,,,,,,,,,,,,,,,,,,,,,,,,,,,,,,,,,,,,,,,,,,,,,,,,,,,,,,,,,,,,,,,,,,,,,,,,,,,,,,,,,,,,,,,,,,,,,,,,,,,,,,,,,,,,,,,,,,,,,,,,,,,,,,,,,,,,,,,,,,,,,,,,,,,,,,,,,,,,,,Kichler_Lighting_52662BKCLR.jpg,,,,,,,,,Kichler_Lighting_52662BKCLR_Specification_Sheet.pdf,,,,,,,,,,,,,,,,,,No
,,,,,,12728154,Lighting & Electrical,Lighting,Lamps & Bulbs,4728154,52734CPZ,52734CPZ Kichler Pendant Light,-- Unbranded --,-- No Unilog Brand --,-- No DIB Brand --,Kichler Lighting (KICLI),Kichler Lighting,Kichler Lighting,,52734CPZ,,Lighting & Electrical>Lighting>Lamps & Fixtures,"Kichler Lighting, Lamps & Bulb, 52734CPZ",LAMPS & BULB,Kichler Lighting 52734CPZ Lamps & Bulb,Kichler Lighting Lamps & Bulb,Lamps & Bulb,,,,,,,,,,,,,,,,,,,,,,,,,,,Lamps & Bulb,Model,52734CPZ,,,,,,,,,,,,,,,,,,,,,,,,,,,,,,,,,,,,,,,,,,,,,,,,,,,,,,,,,,,,,,,,,,,,,,,,,,,,,,,,,,,,,,,,,,,,,,,,,,,,,,,,,,,,,,,,,,,,,,,,,,,,,,,,,,,,,,,,,,,,,,,,,,,,,,,,,,,,,,,,,,,,,,,,Kichler_Lighting_52734CPZ.jpg,,,,,,,,,Kichler_Lighting_52734CPZ_Specification_Sheet.pdf,,,,,,,,,,,,,,,,,,No
,,,,,,50136835,Lighting & Electrical,Lighting,Lamps & Bulbs,6136835,82400,82400 Kichler Pendant Lt,-- Unbranded --,-- No Unilog Brand --,-- No DIB Brand --,Kichler Lighting (KICLI),Kichler Lighting,Kichler Lighting,,82400,,Lighting & Electrical>Lighting>Lamps & Fixtures,"Kichler Lighting, Lamps & Bulb, 82400",LAMPS & BULB,Kichler Lighting 82400 Lamps & Bulb,Kichler Lighting Lamps & Bulb,Lamps & Bulb,,,,,,,,,,,,,,,,,,,,,,,,,,,Lamps & Bulb,Model,82400,,,,,,,,,,,,,,,,,,,,,,,,,,,,,,,,,,,,,,,,,,,,,,,,,,,,,,,,,,,,,,,,,,,,,,,,,,,,,,,,,,,,,,,,,,,,,,,,,,,,,,,,,,,,,,,,,,,,,,,,,,,,,,,,,,,,,,,,,,,,,,,,,,,,,,,,,,,,,,,,,,,,,,,,Kichler_Lighting_82400.jpg,,,,,,,,,Kichler_Lighting_82400_Specification_Sheet.pdf,,,,,,,,,,,,,,,,,,No
,,,,,,51552161,Tools & Industrial Hardware,Industrial Maintenance,General Supplies,7552161,S11606,"S11606 8"" Round Down Lt 30K",-- Unbranded --,-- No Unilog Brand --,-- No DIB Brand --,Satco Prod Inc (5573),Satco Prod Inc,Satco Prod Inc,,S11606,,Tools & Industrial Hardware>Industrial Maintenance>General Supplies,"Satco Prod Inc, General Supplie, S11606",GENERAL SUPPLIE,Satco Prod Inc S11606 General Supplie,Satco Prod Inc General Supplie,General Supplie,,,,,,,,,,,,,,,,,,,,,,,,,,,General Supplie,Model,S11606,,,,,,,,,,,,,,,,,,,,,,,,,,,,,,,,,,,,,,,,,,,,,,,,,,,,,,,,,,,,,,,,,,,,,,,,,,,,,,,,,,,,,,,,,,,,,,,,,,,,,,,,,,,,,,,,,,,,,,,,,,,,,,,,,,,,,,,,,,,,,,,,,,,,,,,,,,,,,,,,,,,,,,,,Satco_Prod_Inc_S11606.jpg,,,,,,,,,Satco_Prod_Inc_S11606_Specification_Sheet.pdf,,,,,,,,,,,,,,,,,,No
,,,,,,21398388,Lighting & Electrical,Lighting,Lamps & Bulbs,4398388,S11828,"S11828 8"" Led Down Light",-- Unbranded --,-- No Unilog Brand --,-- No DIB Brand --,Satco Prod Inc (5573),Satco Prod Inc,Satco Prod Inc,,S11828,,Lighting & Electrical>Lighting>Lamps & Fixtures,"Satco Prod Inc, Lamps & Bulb, S11828",LAMPS & BULB,Satco Prod Inc S11828 Lamps & Bulb,Satco Prod Inc Lamps & Bulb,Lamps & Bulb,,,,,,,,,,,,,,,,,,,,,,,,,,,Lamps & Bulb,Model,S11828,,,,,,,,,,,,,,,,,,,,,,,,,,,,,,,,,,,,,,,,,,,,,,,,,,,,,,,,,,,,,,,,,,,,,,,,,,,,,,,,,,,,,,,,,,,,,,,,,,,,,,,,,,,,,,,,,,,,,,,,,,,,,,,,,,,,,,,,,,,,,,,,,,,,,,,,,,,,,,,,,,,,,,,,Satco_Prod_Inc_S11828.jpg,,,,,,,,,Satco_Prod_Inc_S11828_Specification_Sheet.pdf,,,,,,,,,,,,,,,,,,No
,,,,,,92579353,Lighting & Electrical,Lighting,Lamps & Bulbs,3579353,801274,"801274 10w LED 6"" Retro 50k",-- Unbranded --,-- No Unilog Brand --,Philips,Phillips Lighting (5831),Phillips Lighting,Philips,,801274,,Lighting & Electrical>Lighting>Lamps & Fixtures,"Phillips Lighting, Lamps & Bulb, 801274",LAMPS & BULB,Philips 801274 Lamps & Bulb,Philips Lamps & Bulb,Lamps & Bulb,,,,,,,,,,,,,,,,,,,,,,,,,,,Lamps & Bulb,Model,801274,,,,,,,,,,,,,,,,,,,,,,,,,,,,,,,,,,,,,,,,,,,,,,,,,,,,,,,,,,,,,,,,,,,,,,,,,,,,,,,,,,,,,,,,,,,,,,,,,,,,,,,,,,,,,,,,,,,,,,,,,,,,,,,,,,,,,,,,,,,,,,,,,,,,,,,,,,,,,,,,,,,,,,,,Philips_801274.jpg,,,,,,,,,Philips_801274_Specification_Sheet.pdf,,,,,,,,,,,,,,,,,,No
,,,,,,66186803,Lighting & Electrical,Lighting,Lamps & Bulbs,4186803,S11860,"S11860 6"" Downlight White 5 CCT",-- Unbranded --,-- No Unilog Brand --,-- No DIB Brand --,Satco Prod Inc (5573),Satco Prod Inc,Satco Prod Inc,,S11860,,Lighting & Electrical>Lighting>Lamps & Fixtures,"Satco Prod Inc, Lamps & Bulb, S11860",LAMPS & BULB,Satco Prod Inc S11860 Lamps & Bulb,Satco Prod Inc Lamps & Bulb,Lamps & Bulb,,,,,,,,,,,,,,,,,,,,,,,,,,,Lamps & Bulb,Model,S11860,,,,,,,,,,,,,,,,,,,,,,,,,,,,,,,,,,,,,,,,,,,,,,,,,,,,,,,,,,,,,,,,,,,,,,,,,,,,,,,,,,,,,,,,,,,,,,,,,,,,,,,,,,,,,,,,,,,,,,,,,,,,,,,,,,,,,,,,,,,,,,,,,,,,,,,,,,,,,,,,,,,,,,,,Satco_Prod_Inc_S11860.jpg,,,,,,,,,Satco_Prod_Inc_S11860_Specification_Sheet.pdf,,,,,,,,,,,,,,,,,,No
,,,,,,21965994,Lighting & Electrical,Lighting,Lamps & Bulbs,4965994,S11562,"S11562 Starfish 6"" D/W Downlight",-- Unbranded --,-- No Unilog Brand --,-- No DIB Brand --,Satco Prod Inc (5573),Satco Prod Inc,Satco Prod Inc,,S11562,,Lighting & Electrical>Lighting>Lamps & Fixtures,"Satco Prod Inc, Lamps & Bulb, S11562",LAMPS & BULB,Satco Prod Inc S11562 Lamps & Bulb,Satco Prod Inc Lamps & Bulb,Lamps & Bulb,,,,,,,,,,,,,,,,,,,,,,,,,,,Lamps & Bulb,Model,S11562,,,,,,,,,,,,,,,,,,,,,,,,,,,,,,,,,,,,,,,,,,,,,,,,,,,,,,,,,,,,,,,,,,,,,,,,,,,,,,,,,,,,,,,,,,,,,,,,,,,,,,,,,,,,,,,,,,,,,,,,,,,,,,,,,,,,,,,,,,,,,,,,,,,,,,,,,,,,,,,,,,,,,,,,Satco_Prod_Inc_S11562.jpg,,,,,,,,,Satco_Prod_Inc_S11562_Specification_Sheet.pdf,,,,,,,,,,,,,,,,,,No
,,,,,,55179251,Lighting & Electrical,Lighting,Lamps & Bulbs,2179251,S11646,"S11646 6"" Downlight Wh",-- Unbranded --,-- No Unilog Brand --,-- No DIB Brand --,Satco Prod Inc (5573),Satco Prod Inc,Satco Prod Inc,,S11646,,Lighting & Electrical>Lighting>Lamps & Fixtures,"Satco Prod Inc, Lamps & Bulb, S11646",LAMPS & BULB,Satco Prod Inc S11646 Lamps & Bulb,Satco Prod Inc Lamps & Bulb,Lamps & Bulb,,,,,,,,,,,,,,,,,,,,,,,,,,,Lamps & Bulb,Model,S11646,,,,,,,,,,,,,,,,,,,,,,,,,,,,,,,,,,,,,,,,,,,,,,,,,,,,,,,,,,,,,,,,,,,,,,,,,,,,,,,,,,,,,,,,,,,,,,,,,,,,,,,,,,,,,,,,,,,,,,,,,,,,,,,,,,,,,,,,,,,,,,,,,,,,,,,,,,,,,,,,,,,,,,,,Satco_Prod_Inc_S11646.jpg,,,,,,,,,Satco_Prod_Inc_S11646_Specification_Sheet.pdf,,,,,,,,,,,,,,,,,,No
,,,,,,51878286,Lighting & Electrical,Lighting,Lamps & Bulbs,7878286,S11801R1,"S11801R1 6"" Led Downlight Wh",-- Unbranded --,-- No Unilog Brand --,-- No DIB Brand --,Satco Prod Inc (5573),Satco Prod Inc,Satco Prod Inc,,S11801R1,,Lighting & Electrical>Lighting>Lamps & Fixtures,"Satco Prod Inc, Lamps & Bulb, S11801R1",LAMPS & BULB,Satco Prod Inc S11801R1 Lamps & Bulb,Satco Prod Inc Lamps & Bulb,Lamps & Bulb,,,,,,,,,,,,,,,,,,,,,,,,,,,Lamps & Bulb,Model,S11801R1,,,,,,,,,,,,,,,,,,,,,,,,,,,,,,,,,,,,,,,,,,,,,,,,,,,,,,,,,,,,,,,,,,,,,,,,,,,,,,,,,,,,,,,,,,,,,,,,,,,,,,,,,,,,,,,,,,,,,,,,,,,,,,,,,,,,,,,,,,,,,,,,,,,,,,,,,,,,,,,,,,,,,,,,Satco_Prod_Inc_S11801R1.jpg,,,,,,,,,Satco_Prod_Inc_S11801R1_Specification_Sheet.pdf,,,,,,,,,,,,,,,,,,No
,,,,,,11045038,Lighting & Electrical,Lighting,Lamps & Bulbs,3045038,S11848,"S11848 10"" Down Light Wh",-- Unbranded --,-- No Unilog Brand --,-- No DIB Brand --,Satco Prod Inc (5573),Satco Prod Inc,Satco Prod Inc,,S11848,,Lighting & Electrical>Lighting>Lamps & Fixtures,"Satco Prod Inc, Lamps & Bulb, S11848",LAMPS & BULB,Satco Prod Inc S11848 Lamps & Bulb,Satco Prod Inc Lamps & Bulb,Lamps & Bulb,,,,,,,,,,,,,,,,,,,,,,,,,,,Lamps & Bulb,Model,S11848,,,,,,,,,,,,,,,,,,,,,,,,,,,,,,,,,,,,,,,,,,,,,,,,,,,,,,,,,,,,,,,,,,,,,,,,,,,,,,,,,,,,,,,,,,,,,,,,,,,,,,,,,,,,,,,,,,,,,,,,,,,,,,,,,,,,,,,,,,,,,,,,,,,,,,,,,,,,,,,,,,,,,,,,Satco_Prod_Inc_S11848.jpg,,,,,,,,,Satco_Prod_Inc_S11848_Specification_Sheet.pdf,,,,,,,,,,,,,,,,,,No
,,,,,,35563562,Lighting & Electrical,Lighting,Lamps & Bulbs,9563562,S11849,"S11849 12"" Down Light Wh",-- Unbranded --,-- No Unilog Brand --,-- No DIB Brand --,Satco Prod Inc (5573),Satco Prod Inc,Satco Prod Inc,,S11849,,Lighting & Electrical>Lighting>Lamps & Fixtures,"Satco Prod Inc, Lamps & Bulb, S11849",LAMPS & BULB,Satco Prod Inc S11849 Lamps & Bulb,Satco Prod Inc Lamps & Bulb,Lamps & Bulb,,,,,,,,,,,,,,,,,,,,,,,,,,,Lamps & Bulb,Model,S11849,,,,,,,,,,,,,,,,,,,,,,,,,,,,,,,,,,,,,,,,,,,,,,,,,,,,,,,,,,,,,,,,,,,,,,,,,,,,,,,,,,,,,,,,,,,,,,,,,,,,,,,,,,,,,,,,,,,,,,,,,,,,,,,,,,,,,,,,,,,,,,,,,,,,,,,,,,,,,,,,,,,,,,,,Satco_Prod_Inc_S11849.jpg,,,,,,,,,Satco_Prod_Inc_S11849_Specification_Sheet.pdf,,,,,,,,,,,,,,,,,,No
,,,,,,41716379,Lighting & Electrical,Lighting,Lamps & Bulbs,6716379,HLBSL609FS5,"HLBSL609FS5 6"" Down Light",-- Unbranded --,-- No Unilog Brand --,-- No DIB Brand --,Cooper Lighting (7638),Cooper Lighting,Cooper Lighting,,HLBSL609FS5,,Lighting & Electrical>Lighting>Lamps & Fixtures,"Cooper Lighting, Lamps & Bulb, HLBSL609FS5",LAMPS & BULB,Cooper Lighting HLBSL609FS5 Lamps & Bulb,Cooper Lighting Lamps & Bulb,Lamps & Bulb,,,,,,,,,,,,,,,,,,,,,,,,,,,Lamps & Bulb,Model,HLBSL609FS5,,,,,,,,,,,,,,,,,,,,,,,,,,,,,,,,,,,,,,,,,,,,,,,,,,,,,,,,,,,,,,,,,,,,,,,,,,,,,,,,,,,,,,,,,,,,,,,,,,,,,,,,,,,,,,,,,,,,,,,,,,,,,,,,,,,,,,,,,,,,,,,,,,,,,,,,,,,,,,,,,,,,,,,,Cooper_Lighting_HLBSL609FS5.jpg,,,,,,,,,Cooper_Lighting_HLBSL609FS5_Specification_Sheet.pdf,,,,,,,,,,,,,,,,,,No
,,,,,,10180451,Lighting & Electrical,Lighting,Lamps & Bulbs,2180451,WF4REGSWW590CRIMW,"WF4REGSWW590CRIMW 4"" Down Light",-- Unbranded --,-- No Unilog Brand --,-- No DIB Brand --,Lithonia Lighting (2776),Lithonia Lighting,Lithonia Lighting,,WF4REGSWW590CRIMW,,Lighting & Electrical>Lighting>Lamps & Fixtures,"Lithonia Lighting, Lamps & Bulb, WF4REGSWW590CRIMW",LAMPS & BULB,Lithonia Lighting WF4REGSWW590CRIMW Lamps & Bulb,Lithonia Lighting Lamps & Bulb,Lamps & Bulb,,,,,,,,,,,,,,,,,,,,,,,,,,,Lamps & Bulb,Model,WF4REGSWW590CRIMW,,,,,,,,,,,,,,,,,,,,,,,,,,,,,,,,,,,,,,,,,,,,,,,,,,,,,,,,,,,,,,,,,,,,,,,,,,,,,,,,,,,,,,,,,,,,,,,,,,,,,,,,,,,,,,,,,,,,,,,,,,,,,,,,,,,,,,,,,,,,,,,,,,,,,,,,,,,,,,,,,,,,,,,,Lithonia_Lighting_WF4REGSWW590CRIMW.jpg,,,,,,,,,Lithonia_Lighting_WF4REGSWW590CRIMW_Specification_Sheet.pdf,,,,,,,,,,,,,,,,,,No
,,,,,,99275075,Lighting & Electrical,Lighting,Lamps & Bulbs,1275075,43849WH5CCT,43849WH5CCT Kichler Ceiling Lt,-- Unbranded --,-- No Unilog Brand --,-- No DIB Brand --,Kichler Lighting (KICLI),Kichler Lighting,Kichler Lighting,,43849WH5CCT,,Lighting & Electrical>Lighting>Lamps & Fixtures,"Kichler Lighting, Lamps & Bulb, 43849WH5CCT",LAMPS & BULB,Kichler Lighting 43849WH5CCT Lamps & Bulb,Kichler Lighting Lamps & Bulb,Lamps & Bulb,,,,,,,,,,,,,,,,,,,,,,,,,,,Lamps & Bulb,Model,43849WH5CCT,,,,,,,,,,,,,,,,,,,,,,,,,,,,,,,,,,,,,,,,,,,,,,,,,,,,,,,,,,,,,,,,,,,,,,,,,,,,,,,,,,,,,,,,,,,,,,,,,,,,,,,,,,,,,,,,,,,,,,,,,,,,,,,,,,,,,,,,,,,,,,,,,,,,,,,,,,,,,,,,,,,,,,,,Kichler_Lighting_43849WH5CCT.jpg,,,,,,,,,Kichler_Lighting_43849WH5CCT_Specification_Sheet.pdf,,,,,,,,,,,,,,,,,,No
,,,,,,44789090,Tools & Industrial Hardware,Industrial Maintenance,General Supplies,9789090,62-1777,"62-1777 15"" Ceiling Lt Wh",-- Unbranded --,-- No Unilog Brand --,-- No DIB Brand --,Satco Prod Inc (5573),Satco Prod Inc,Satco Prod Inc,,62-1777,,Tools & Industrial Hardware>Industrial Maintenance>General Supplies,"Satco Prod Inc, General Supplie, 62-1777",GENERAL SUPPLIE,Satco Prod Inc 62-1777 General Supplie,Satco Prod Inc General Supplie,General Supplie,,,,,,,,,,,,,,,,,,,,,,,,,,,General Supplie,Model,62-1777,,,,,,,,,,,,,,,,,,,,,,,,,,,,,,,,,,,,,,,,,,,,,,,,,,,,,,,,,,,,,,,,,,,,,,,,,,,,,,,,,,,,,,,,,,,,,,,,,,,,,,,,,,,,,,,,,,,,,,,,,,,,,,,,,,,,,,,,,,,,,,,,,,,,,,,,,,,,,,,,,,,,,,,,Satco_Prod_Inc_62-1777.jpg,,,,,,,,,Satco_Prod_Inc_62-1777_Specification_Sheet.pdf,,,,,,,,,,,,,,,,,,No
,,,,,,27034032,Tools & Industrial Hardware,Industrial Maintenance,General Supplies,1034032,62-1778,"62-1778 19"" Ceiling Lt Wh",-- Unbranded --,-- No Unilog Brand --,-- No DIB Brand --,Satco Prod Inc (5573),Satco Prod Inc,Satco Prod Inc,,62-1778,,Tools & Industrial Hardware>Industrial Maintenance>General Supplies,"Satco Prod Inc, General Supplie, 62-1778",GENERAL SUPPLIE,Satco Prod Inc 62-1778 General Supplie,Satco Prod Inc General Supplie,General Supplie,,,,,,,,,,,,,,,,,,,,,,,,,,,General Supplie,Model,62-1778,,,,,,,,,,,,,,,,,,,,,,,,,,,,,,,,,,,,,,,,,,,,,,,,,,,,,,,,,,,,,,,,,,,,,,,,,,,,,,,,,,,,,,,,,,,,,,,,,,,,,,,,,,,,,,,,,,,,,,,,,,,,,,,,,,,,,,,,,,,,,,,,,,,,,,,,,,,,,,,,,,,,,,,,Satco_Prod_Inc_62-1778.jpg,,,,,,,,,Satco_Prod_Inc_62-1778_Specification_Sheet.pdf,,,,,,,,,,,,,,,,,,No
,,,,,,16599402,Lighting & Electrical,Lighting,Lamps & Bulbs,8599402,62-1784,62-1784 24x24 Led Ceiling Lt,-- Unbranded --,-- No Unilog Brand --,-- No DIB Brand --,Satco Prod Inc (5573),Satco Prod Inc,Satco Prod Inc,,62-1784,,Lighting & Electrical>Lighting>Lamps & Fixtures,"Satco Prod Inc, Lamps & Bulb, 62-1784",LAMPS & BULB,Satco Prod Inc 62-1784 Lamps & Bulb,Satco Prod Inc Lamps & Bulb,Lamps & Bulb,,,,,,,,,,,,,,,,,,,,,,,,,,,Lamps & Bulb,Model,62-1784,,,,,,,,,,,,,,,,,,,,,,,,,,,,,,,,,,,,,,,,,,,,,,,,,,,,,,,,,,,,,,,,,,,,,,,,,,,,,,,,,,,,,,,,,,,,,,,,,,,,,,,,,,,,,,,,,,,,,,,,,,,,,,,,,,,,,,,,,,,,,,,,,,,,,,,,,,,,,,,,,,,,,,,,Satco_Prod_Inc_62-1784.jpg,,,,,,,,,Satco_Prod_Inc_62-1784_Specification_Sheet.pdf,,,,,,,,,,,,,,,,,,No
,,,,,,94494944,Tools & Industrial Hardware,Industrial Maintenance,General Supplies,5494944,62-1787,"62-1787 15"" Ceiling Lt Bk",-- Unbranded --,-- No Unilog Brand --,-- No DIB Brand --,Satco Prod Inc (5573),Satco Prod Inc,Satco Prod Inc,,62-1787,,Tools & Industrial Hardware>Industrial Maintenance>General Supplies,"Satco Prod Inc, General Supplie, 62-1787",GENERAL SUPPLIE,Satco Prod Inc 62-1787 General Supplie,Satco Prod Inc General Supplie,General Supplie,,,,,,,,,,,,,,,,,,,,,,,,,,,General Supplie,Model,62-1787,,,,,,,,,,,,,,,,,,,,,,,,,,,,,,,,,,,,,,,,,,,,,,,,,,,,,,,,,,,,,,,,,,,,,,,,,,,,,,,,,,,,,,,,,,,,,,,,,,,,,,,,,,,,,,,,,,,,,,,,,,,,,,,,,,,,,,,,,,,,,,,,,,,,,,,,,,,,,,,,,,,,,,,,Satco_Prod_Inc_62-1787.jpg,,,,,,,,,Satco_Prod_Inc_62-1787_Specification_Sheet.pdf,,,,,,,,,,,,,,,,,,No
,,,,,,92360993,Tools & Industrial Hardware,Industrial Maintenance,General Supplies,3360993,62-1788,"62-1788 19"" Ceiling Lt Bk",-- Unbranded --,-- No Unilog Brand --,-- No DIB Brand --,Satco Prod Inc (5573),Satco Prod Inc,Satco Prod Inc,,62-1788,,Tools & Industrial Hardware>Industrial Maintenance>General Supplies,"Satco Prod Inc, General Supplie, 62-1788",GENERAL SUPPLIE,Satco Prod Inc 62-1788 General Supplie,Satco Prod Inc General Supplie,General Supplie,,,,,,,,,,,,,,,,,,,,,,,,,,,General Supplie,Model,62-1788,,,,,,,,,,,,,,,,,,,,,,,,,,,,,,,,,,,,,,,,,,,,,,,,,,,,,,,,,,,,,,,,,,,,,,,,,,,,,,,,,,,,,,,,,,,,,,,,,,,,,,,,,,,,,,,,,,,,,,,,,,,,,,,,,,,,,,,,,,,,,,,,,,,,,,,,,,,,,,,,,,,,,,,,Satco_Prod_Inc_62-1788.jpg,,,,,,,,,Satco_Prod_Inc_62-1788_Specification_Sheet.pdf,,,,,,,,,,,,,,,,,,No
,,,,,,40392324,Lighting & Electrical,Lighting,Lamps & Bulbs,5392324,SHOP/4X2/840/V1,4' Feit Shop Light 4500L 40k,-- Unbranded --,-- No Unilog Brand --,Feit Electric,Feit Electric (3468),Feit Electric,Feit Electric,,SHOP/4X2/840/V1,,Lighting & Electrical>Lighting>Lamps & Fixtures,"Feit Electric, Lamps & Bulb, SHOP/4X2/840/V1",LAMPS & BULB,Feit Electric SHOP/4X2/840/V1 Lamps & Bulb,Feit Electric Lamps & Bulb,Lamps & Bulb,,,,,,,,,,,,,,,,,,,,,,,,,,,Lamps & Bulb,Model,SHOP/4X2/840/V1,,,,,,,,,,,,,,,,,,,,,,,,,,,,,,,,,,,,,,,,,,,,,,,,,,,,,,,,,,,,,,,,,,,,,,,,,,,,,,,,,,,,,,,,,,,,,,,,,,,,,,,,,,,,,,,,,,,,,,,,,,,,,,,,,,,,,,,,,,,,,,,,,,,,,,,,,,,,,,,,,,,,,,,,Feit_Electric_SHOP/4X2/840/V1.jpg,,,,,,,,,Feit_Electric_SHOP/4X2/840/V1_Specification_Sheet.pdf,,,,,,,,,,,,,,,,,,No
,,,,,,15734212,Lighting & Electrical,Lighting,Lamps & Bulbs,7734212,45495BKCLR,45495BKCLR Kichler Wall Lt,-- Unbranded --,-- No Unilog Brand --,-- No DIB Brand --,Kichler Lighting (KICLI),Kichler Lighting,Kichler Lighting,,45495BKCLR,45496BKCLR,Lighting & Electrical>Lighting>Lamps & Fixtures,"Kichler Lighting, Lamps & Bulb, 45495BKCLR, Wall Mounting",LAMPS & BULB WALL,"Kichler Lighting 45495BKCLR Lamps & Bulb, Wall Mounting","Kichler Lighting Lamps & Bulb, Wall Mounting","Lamps & Bulb, Wall Mounting",,,,,,,,,,,,,,,,,,,,,,,,,,,Lamps & Bulb,Model,45495BKCLR,,Mounting Type,Wall,,,,,,,,,,,,,,,,,,,,,,,,,,,,,,,,,,,,,,,,,,,,,,,,,,,,,,,,,,,,,,,,,,,,,,,,,,,,,,,,,,,,,,,,,,,,,,,,,,,,,,,,,,,,,,,,,,,,,,,,,,,,,,,,,,,,,,,,,,,,,,,,,,,,,,,,,,,,,,,,,,,,,Kichler_Lighting_45495BKCLR.jpg,,,,,,,,,Kichler_Lighting_45495BKCLR_Specification_Sheet.pdf,,,,,,,,,,,,,,,,,,No
,,,,,,32254865,Lighting & Electrical,Lighting,Lamps & Bulbs,6254865,55209NI,55209NI Kichler Wall Sconce,-- Unbranded --,-- No Unilog Brand --,-- No DIB Brand --,Kichler Lighting (KICLI),Kichler Lighting,Kichler Lighting,,55209NI,,Lighting & Electrical>Lighting>Lamps & Fixtures,"Kichler Lighting, Lamps & Bulb, 55209NI, Wall Mounting",LAMPS & BULB WALL,"Kichler Lighting 55209NI Lamps & Bulb, Wall Mounting","Kichler Lighting Lamps & Bulb, Wall Mounting","Lamps & Bulb, Wall Mounting",,,,,,,,,,,,,,,,,,,,,,,,,,,Lamps & Bulb,Model,55209NI,,Mounting Type,Wall,,,,,,,,,,,,,,,,,,,,,,,,,,,,,,,,,,,,,,,,,,,,,,,,,,,,,,,,,,,,,,,,,,,,,,,,,,,,,,,,,,,,,,,,,,,,,,,,,,,,,,,,,,,,,,,,,,,,,,,,,,,,,,,,,,,,,,,,,,,,,,,,,,,,,,,,,,,,,,,,,,,,,Kichler_Lighting_55209NI.jpg,,,,,,,,,Kichler_Lighting_55209NI_Specification_Sheet.pdf,,,,,,,,,,,,,,,,,,No
,,,,,,86854194,Lighting & Electrical,Lighting,Lamps & Bulbs,6854194,65-1210,65-1210 2' LED Wrap Lt,-- Unbranded --,-- No Unilog Brand --,-- No DIB Brand --,Satco Prod Inc (5573),Satco Prod Inc,Satco Prod Inc,,65-1210,,Lighting & Electrical>Lighting>Lamps & Fixtures,"Satco Prod Inc, Lamps & Bulb, 65-1210",LAMPS & BULB,Satco Prod Inc 65-1210 Lamps & Bulb,Satco Prod Inc Lamps & Bulb,Lamps & Bulb,,,,,,,,,,,,,,,,,,,,,,,,,,,Lamps & Bulb,Model,65-1210,,,,,,,,,,,,,,,,,,,,,,,,,,,,,,,,,,,,,,,,,,,,,,,,,,,,,,,,,,,,,,,,,,,,,,,,,,,,,,,,,,,,,,,,,,,,,,,,,,,,,,,,,,,,,,,,,,,,,,,,,,,,,,,,,,,,,,,,,,,,,,,,,,,,,,,,,,,,,,,,,,,,,,,,Satco_Prod_Inc_65-1210.jpg,,,,,,,,,Satco_Prod_Inc_65-1210_Specification_Sheet.pdf,,,,,,,,,,,,,,,,,,No
,,,,,,42269975,Lighting & Electrical,Lighting,Lamps & Bulbs,7269975,65-1211,65-1211 4' Led Wrap Light,-- Unbranded --,-- No Unilog Brand --,-- No DIB Brand --,Satco Prod Inc (5573),Satco Prod Inc,Satco Prod Inc,,65-1211,,Lighting & Electrical>Lighting>Lamps & Fixtures,"Satco Prod Inc, Lamps & Bulb, 65-1211",LAMPS & BULB,Satco Prod Inc 65-1211 Lamps & Bulb,Satco Prod Inc Lamps & Bulb,Lamps & Bulb,,,,,,,,,,,,,,,,,,,,,,,,,,,Lamps & Bulb,Model,65-1211,,,,,,,,,,,,,,,,,,,,,,,,,,,,,,,,,,,,,,,,,,,,,,,,,,,,,,,,,,,,,,,,,,,,,,,,,,,,,,,,,,,,,,,,,,,,,,,,,,,,,,,,,,,,,,,,,,,,,,,,,,,,,,,,,,,,,,,,,,,,,,,,,,,,,,,,,,,,,,,,,,,,,,,,Satco_Prod_Inc_65-1211.jpg,,,,,,,,,Satco_Prod_Inc_65-1211_Specification_Sheet.pdf,,,,,,,,,,,,,,,,,,No
,,,,,,73857122,Lighting & Electrical,Lighting,Lamps & Bulbs,2857122,141465,"141465 15W Flor 18"" T12 27k",-- Unbranded --,-- No Unilog Brand --,Philips,Phillips Lighting (5831),Phillips Lighting,Philips,,141465,,Lighting & Electrical>Lighting>Lamps & Fixtures,"Phillips Lighting, Lamps & Bulb, 141465",LAMPS & BULB,Philips 141465 Lamps & Bulb,Philips Lamps & Bulb,Lamps & Bulb,,,,,,,,,,,,,,,,,,,,,,,,,,,Lamps & Bulb,Model,141465,,,,,,,,,,,,,,,,,,,,,,,,,,,,,,,,,,,,,,,,,,,,,,,,,,,,,,,,,,,,,,,,,,,,,,,,,,,,,,,,,,,,,,,,,,,,,,,,,,,,,,,,,,,,,,,,,,,,,,,,,,,,,,,,,,,,,,,,,,,,,,,,,,,,,,,,,,,,,,,,,,,,,,,,Philips_141465.jpg,,,,,,,,,Philips_141465_Specification_Sheet.pdf,,,,,,,,,,,,,,,,,,No
,,,,,,76498584,Lighting & Electrical,Lighting,Lamps & Bulbs,5498584,391227,"391227 32W Led 12"" T9 30K",-- Unbranded --,-- No Unilog Brand --,Philips,Phillips Lighting (5831),Phillips Lighting,Philips,,391227,,Lighting & Electrical>Lighting>Lamps & Fixtures,"Phillips Lighting, Lamps & Bulb, 391227",LAMPS & BULB,Philips 391227 Lamps & Bulb,Philips Lamps & Bulb,Lamps & Bulb,,,,,,,,,,,,,,,,,,,,,,,,,,,Lamps & Bulb,Model,391227,,,,,,,,,,,,,,,,,,,,,,,,,,,,,,,,,,,,,,,,,,,,,,,,,,,,,,,,,,,,,,,,,,,,,,,,,,,,,,,,,,,,,,,,,,,,,,,,,,,,,,,,,,,,,,,,,,,,,,,,,,,,,,,,,,,,,,,,,,,,,,,,,,,,,,,,,,,,,,,,,,,,,,,,Philips_391227.jpg,,,,,,,,,Philips_391227_Specification_Sheet.pdf,,,,,,,,,,,,,,,,,,No
,,,,,,41357631,Lighting & Electrical,Lighting,Lamps & Bulbs,6357631,392225,"392225 22W Flor 8"" T9 30k",-- Unbranded --,-- No Unilog Brand --,Philips,Phillips Lighting (5831),Phillips Lighting,Philips,,392225,,Lighting & Electrical>Lighting>Lamps & Fixtures,"Phillips Lighting, Lamps & Bulb, 392225",LAMPS & BULB,Philips 392225 Lamps & Bulb,Philips Lamps & Bulb,Lamps & Bulb,,,,,,,,,,,,,,,,,,,,,,,,,,,Lamps & Bulb,Model,392225,,,,,,,,,,,,,,,,,,,,,,,,,,,,,,,,,,,,,,,,,,,,,,,,,,,,,,,,,,,,,,,,,,,,,,,,,,,,,,,,,,,,,,,,,,,,,,,,,,,,,,,,,,,,,,,,,,,,,,,,,,,,,,,,,,,,,,,,,,,,,,,,,,,,,,,,,,,,,,,,,,,,,,,,Philips_392225.jpg,,,,,,,,,Philips_392225_Specification_Sheet.pdf,,,,,,,,,,,,,,,,,,No
,,,,,,29933981,Tools & Industrial Hardware,Industrial Maintenance,General Supplies,3933981,S3539,S3539 20W Halogen Pin T4,-- Unbranded --,-- No Unilog Brand --,Satco,Satco Prod Inc (5573),Satco Prod Inc,SATCO®,,S3539,,Tools & Industrial Hardware>Industrial Maintenance>General Supplies,"Satco Prod Inc, General Supplie, S3539",GENERAL SUPPLIE,SATCO® S3539 General Supplie,SATCO® General Supplie,General Supplie,,,,,,,,,,,,,,,,,,,,,,,,,,,General Supplie,Model,S3539,,,,,,,,,,,,,,,,,,,,,,,,,,,,,,,,,,,,,,,,,,,,,,,,,,,,,,,,,,,,,,,,,,,,,,,,,,,,,,,,,,,,,,,,,,,,,,,,,,,,,,,,,,,,,,,,,,,,,,,,,,,,,,,,,,,,,,,,,,,,,,,,,,,,,,,,,,,,,,,,,,,,,,,,SATCO_S3539.jpg,,,,,,,,,SATCO_S3539_Specification_Sheet.pdf,,,,,,,,,,,,,,,,,,No
,,,,,,28147067,Lighting & Electrical,Lighting,Lamps & Bulbs,2147067,S3496,S3496 300W Halogen T3 Bulb,-- Unbranded --,-- No Unilog Brand --,Satco,Satco Prod Inc (5573),Satco Prod Inc,SATCO®,,S3496,,Lighting & Electrical>Lighting>Lamps & Fixtures,"Satco Prod Inc, Lamps & Bulb, S3496",LAMPS & BULB,SATCO® S3496 Lamps & Bulb,SATCO® Lamps & Bulb,Lamps & Bulb,,,,,,,,,,,,,,,,,,,,,,,,,,,Lamps & Bulb,Model,S3496,,,,,,,,,,,,,,,,,,,,,,,,,,,,,,,,,,,,,,,,,,,,,,,,,,,,,,,,,,,,,,,,,,,,,,,,,,,,,,,,,,,,,,,,,,,,,,,,,,,,,,,,,,,,,,,,,,,,,,,,,,,,,,,,,,,,,,,,,,,,,,,,,,,,,,,,,,,,,,,,,,,,,,,,SATCO_S3496.jpg,,,,,,,,,SATCO_S3496_Specification_Sheet.pdf,,,,,,,,,,,,,,,,,,No
,,,,,,54237874,Lighting & Electrical,Lighting,Lamps & Bulbs,1237874,467316,467316 150W Sodium Med 21k,-- Unbranded --,-- No Unilog Brand --,Philips,Phillips Lighting (5831),Phillips Lighting,Philips,,467316,,Lighting & Electrical>Lighting>Lamps & Fixtures,"Phillips Lighting, Lamps & Bulb, 467316",LAMPS & BULB,Philips 467316 Lamps & Bulb,Philips Lamps & Bulb,Lamps & Bulb,,,,,,,,,,,,,,,,,,,,,,,,,,,Lamps & Bulb,Model,467316,,,,,,,,,,,,,,,,,,,,,,,,,,,,,,,,,,,,,,,,,,,,,,,,,,,,,,,,,,,,,,,,,,,,,,,,,,,,,,,,,,,,,,,,,,,,,,,,,,,,,,,,,,,,,,,,,,,,,,,,,,,,,,,,,,,,,,,,,,,,,,,,,,,,,,,,,,,,,,,,,,,,,,,,Philips_467316.jpg,,,,,,,,,Philips_467316_Specification_Sheet.pdf,,,,,,,,,,,,,,,,,,No
,,,,,,22937808,Tools & Industrial Hardware,Industrial Maintenance,General Supplies,5937808,S3709,S3709 25W Incan 27K,-- Unbranded --,-- No Unilog Brand --,Satco,Satco Prod Inc (5573),Satco Prod Inc,SATCO®,,S3709,,Tools & Industrial Hardware>Industrial Maintenance>General Supplies,"Satco Prod Inc, General Supplie, S3709",GENERAL SUPPLIE,SATCO® S3709 General Supplie,SATCO® General Supplie,General Supplie,,,,,,,,,,,,,,,,,,,,,,,,,,,General Supplie,Model,S3709,,,,,,,,,,,,,,,,,,,,,,,,,,,,,,,,,,,,,,,,,,,,,,,,,,,,,,,,,,,,,,,,,,,,,,,,,,,,,,,,,,,,,,,,,,,,,,,,,,,,,,,,,,,,,,,,,,,,,,,,,,,,,,,,,,,,,,,,,,,,,,,,,,,,,,,,,,,,,,,,,,,,,,,,SATCO_S3709.jpg,,,,,,,,,SATCO_S3709_Specification_Sheet.pdf,,,,,,,,,,,,,,,,,,No
,,,,,,31706305,Tools & Industrial Hardware,Industrial Maintenance,General Supplies,5706305,S4720,S4720 25W Incan 27K,-- Unbranded --,-- No Unilog Brand --,Satco,Satco Prod Inc (5573),Satco Prod Inc,SATCO®,,S4720,,Tools & Industrial Hardware>Industrial Maintenance>General Supplies,"Satco Prod Inc, General Supplie, S4720",GENERAL SUPPLIE,SATCO® S4720 General Supplie,SATCO® General Supplie,General Supplie,,,,,,,,,,,,,,,,,,,,,,,,,,,General Supplie,Model,S4720,,,,,,,,,,,,,,,,,,,,,,,,,,,,,,,,,,,,,,,,,,,,,,,,,,,,,,,,,,,,,,,,,,,,,,,,,,,,,,,,,,,,,,,,,,,,,,,,,,,,,,,,,,,,,,,,,,,,,,,,,,,,,,,,,,,,,,,,,,,,,,,,,,,,,,,,,,,,,,,,,,,,,,,,SATCO_S4720.jpg,,,,,,,,,SATCO_S4720_Specification_Sheet.pdf,,,,,,,,,,,,,,,,,,No
,,,,,,93774167,Tools & Industrial Hardware,Industrial Maintenance,General Supplies,4774167,S3720,S3720 40w Inc A15 Med 26k,-- Unbranded --,-- No Unilog Brand --,Satco,Satco Prod Inc (5573),Satco Prod Inc,SATCO®,,S3720,,Tools & Industrial Hardware>Industrial Maintenance>General Supplies,"Satco Prod Inc, General Supplie, S3720",GENERAL SUPPLIE,SATCO® S3720 General Supplie,SATCO® General Supplie,General Supplie,,,,,,,,,,,,,,,,,,,,,,,,,,,General Supplie,Model,S3720,,,,,,,,,,,,,,,,,,,,,,,,,,,,,,,,,,,,,,,,,,,,,,,,,,,,,,,,,,,,,,,,,,,,,,,,,,,,,,,,,,,,,,,,,,,,,,,,,,,,,,,,,,,,,,,,,,,,,,,,,,,,,,,,,,,,,,,,,,,,,,,,,,,,,,,,,,,,,,,,,,,,,,,,SATCO_S3720.jpg,,,,,,,,,SATCO_S3720_Specification_Sheet.pdf,,,,,,,,,,,,,,,,,,No
,,,,,,42830109,Tools & Industrial Hardware,Industrial Maintenance,General Supplies,7830109,S3702,S3702 40W Incan Med 27K,-- Unbranded --,-- No Unilog Brand --,Satco,Satco Prod Inc (5573),Satco Prod Inc,SATCO®,,S3702,,Tools & Industrial Hardware>Industrial Maintenance>General Supplies,"Satco Prod Inc, General Supplie, S3702",GENERAL SUPPLIE,SATCO® S3702 General Supplie,SATCO® General Supplie,General Supplie,,,,,,,,,,,,,,,,,,,,,,,,,,,General Supplie,Model,S3702,,,,,,,,,,,,,,,,,,,,,,,,,,,,,,,,,,,,,,,,,,,,,,,,,,,,,,,,,,,,,,,,,,,,,,,,,,,,,,,,,,,,,,,,,,,,,,,,,,,,,,,,,,,,,,,,,,,,,,,,,,,,,,,,,,,,,,,,,,,,,,,,,,,,,,,,,,,,,,,,,,,,,,,,SATCO_S3702.jpg,,,,,,,,,SATCO_S3702_Specification_Sheet.pdf,,,,,,,,,,,,,,,,,,No
,,,,,,15314271,Tools & Industrial Hardware,Industrial Maintenance,General Supplies,7314271,S3703,S3703 40W Incan Med 27K,-- Unbranded --,-- No Unilog Brand --,Satco,Satco Prod Inc (5573),Satco Prod Inc,SATCO®,,S3703,,Tools & Industrial Hardware>Industrial Maintenance>General Supplies,"Satco Prod Inc, General Supplie, S3703",GENERAL SUPPLIE,SATCO® S3703 General Supplie,SATCO® General Supplie,General Supplie,,,,,,,,,,,,,,,,,,,,,,,,,,,General Supplie,Model,S3703,,,,,,,,,,,,,,,,,,,,,,,,,,,,,,,,,,,,,,,,,,,,,,,,,,,,,,,,,,,,,,,,,,,,,,,,,,,,,,,,,,,,,,,,,,,,,,,,,,,,,,,,,,,,,,,,,,,,,,,,,,,,,,,,,,,,,,,,,,,,,,,,,,,,,,,,,,,,,,,,,,,,,,,,SATCO_S3703.jpg,,,,,,,,,SATCO_S3703_Specification_Sheet.pdf,,,,,,,,,,,,,,,,,,No
,,,,,,46301284,Tools & Industrial Hardware,Industrial Maintenance,General Supplies,2301284,S3797,S3797 4W Incan Cand 27K 2pk,-- Unbranded --,-- No Unilog Brand --,Satco,Satco Prod Inc (5573),Satco Prod Inc,SATCO®,,S3797,,Tools & Industrial Hardware>Industrial Maintenance>General Supplies,"Satco Prod Inc, General Supplie, S3797",GENERAL SUPPLIE,SATCO® S3797 General Supplie,SATCO® General Supplie,General Supplie,,,,,,,,,,,,,,,,,,,,,,,,,,,General Supplie,Model,S3797,,,,,,,,,,,,,,,,,,,,,,,,,,,,,,,,,,,,,,,,,,,,,,,,,,,,,,,,,,,,,,,,,,,,,,,,,,,,,,,,,,,,,,,,,,,,,,,,,,,,,,,,,,,,,,,,,,,,,,,,,,,,,,,,,,,,,,,,,,,,,,,,,,,,,,,,,,,,,,,,,,,,,,,,SATCO_S3797.jpg,,,,,,,,,SATCO_S3797_Specification_Sheet.pdf,,,,,,,,,,,,,,,,,,No
,,,,,,49931592,Tools & Industrial Hardware,Industrial Maintenance,General Supplies,5931592,S4724,S4724 4W Incan Cand 27K 4pk,-- Unbranded --,-- No Unilog Brand --,Satco,Satco Prod Inc (5573),Satco Prod Inc,SATCO®,,S4724,,Tools & Industrial Hardware>Industrial Maintenance>General Supplies,"Satco Prod Inc, General Supplie, S4724",GENERAL SUPPLIE,SATCO® S4724 General Supplie,SATCO® General Supplie,General Supplie,,,,,,,,,,,,,,,,,,,,,,,,,,,General Supplie,Model,S4724,,,,,,,,,,,,,,,,,,,,,,,,,,,,,,,,,,,,,,,,,,,,,,,,,,,,,,,,,,,,,,,,,,,,,,,,,,,,,,,,,,,,,,,,,,,,,,,,,,,,,,,,,,,,,,,,,,,,,,,,,,,,,,,,,,,,,,,,,,,,,,,,,,,,,,,,,,,,,,,,,,,,,,,,SATCO_S4724.jpg,,,,,,,,,SATCO_S4724_Specification_Sheet.pdf,,,,,,,,,,,,,,,,,,No
,,,,,,81834280,Tools & Industrial Hardware,Industrial Maintenance,General Supplies,1834280,S4717,S4717 6W Incan Cand 27k 2pk,-- Unbranded --,-- No Unilog Brand --,Satco,Satco Prod Inc (5573),Satco Prod Inc,SATCO®,,S4717,,Tools & Industrial Hardware>Industrial Maintenance>General Supplies,"Satco Prod Inc, General Supplie, S4717",GENERAL SUPPLIE,SATCO® S4717 General Supplie,SATCO® General Supplie,General Supplie,,,,,,,,,,,,,,,,,,,,,,,,,,,General Supplie,Model,S4717,,,,,,,,,,,,,,,,,,,,,,,,,,,,,,,,,,,,,,,,,,,,,,,,,,,,,,,,,,,,,,,,,,,,,,,,,,,,,,,,,,,,,,,,,,,,,,,,,,,,,,,,,,,,,,,,,,,,,,,,,,,,,,,,,,,,,,,,,,,,,,,,,,,,,,,,,,,,,,,,,,,,,,,,SATCO_S4717.jpg,,,,,,,,,SATCO_S4717_Specification_Sheet.pdf,,,,,,,,,,,,,,,,,,No
,,,,,,33419104,Tools & Industrial Hardware,Industrial Maintenance,General Supplies,7419104,S3794,S3794 7W Incan Med 27K,-- Unbranded --,-- No Unilog Brand --,Satco,Satco Prod Inc (5573),Satco Prod Inc,SATCO®,,S3794,,Tools & Industrial Hardware>Industrial Maintenance>General Supplies,"Satco Prod Inc, General Supplie, S3794",GENERAL SUPPLIE,SATCO® S3794 General Supplie,SATCO® General Supplie,General Supplie,,,,,,,,,,,,,,,,,,,,,,,,,,,General Supplie,Model,S3794,,,,,,,,,,,,,,,,,,,,,,,,,,,,,,,,,,,,,,,,,,,,,,,,,,,,,,,,,,,,,,,,,,,,,,,,,,,,,,,,,,,,,,,,,,,,,,,,,,,,,,,,,,,,,,,,,,,,,,,,,,,,,,,,,,,,,,,,,,,,,,,,,,,,,,,,,,,,,,,,,,,,,,,,SATCO_S3794.jpg,,,,,,,,,SATCO_S3794_Specification_Sheet.pdf,,,,,,,,,,,,,,,,,,No
,,,,,,57085219,Tools & Industrial Hardware,Industrial Maintenance,General Supplies,4085219,S3795,S3795 7W Incan Med 27K,-- Unbranded --,-- No Unilog Brand --,Satco,Satco Prod Inc (5573),Satco Prod Inc,SATCO®,,S3795,,Tools & Industrial Hardware>Industrial Maintenance>General Supplies,"Satco Prod Inc, General Supplie, S3795",GENERAL SUPPLIE,SATCO® S3795 General Supplie,SATCO® General Supplie,General Supplie,,,,,,,,,,,,,,,,,,,,,,,,,,,General Supplie,Model,S3795,,,,,,,,,,,,,,,,,,,,,,,,,,,,,,,,,,,,,,,,,,,,,,,,,,,,,,,,,,,,,,,,,,,,,,,,,,,,,,,,,,,,,,,,,,,,,,,,,,,,,,,,,,,,,,,,,,,,,,,,,,,,,,,,,,,,,,,,,,,,,,,,,,,,,,,,,,,,,,,,,,,,,,,,SATCO_S3795.jpg,,,,,,,,,SATCO_S3795_Specification_Sheet.pdf,,,,,,,,,,,,,,,,,,No
,,,,,,54662843,Tools & Industrial Hardware,Industrial Maintenance,General Supplies,1662843,S4726,S4726 7W Incan Cand 27K 4pk,-- Unbranded --,-- No Unilog Brand --,Satco,Satco Prod Inc (5573),Satco Prod Inc,SATCO®,,S4726,,Tools & Industrial Hardware>Industrial Maintenance>General Supplies,"Satco Prod Inc, General Supplie, S4726",GENERAL SUPPLIE,SATCO® S4726 General Supplie,SATCO® General Supplie,General Supplie,,,,,,,,,,,,,,,,,,,,,,,,,,,General Supplie,Model,S4726,,,,,,,,,,,,,,,,,,,,,,,,,,,,,,,,,,,,,,,,,,,,,,,,,,,,,,,,,,,,,,,,,,,,,,,,,,,,,,,,,,,,,,,,,,,,,,,,,,,,,,,,,,,,,,,,,,,,,,,,,,,,,,,,,,,,,,,,,,,,,,,,,,,,,,,,,,,,,,,,,,,,,,,,SATCO_S4726.jpg,,,,,,,,,SATCO_S4726_Specification_Sheet.pdf,,,,,,,,,,,,,,,,,,No
,,,,,,25992161,Lighting & Electrical,Lighting,Lamps & Bulbs,8992161,S11429,S11429 60W Led Bulb 27K,-- Unbranded --,-- No Unilog Brand --,Satco,Satco Prod Inc (5573),Satco Prod Inc,SATCO®,,S11429,,Lighting & Electrical>Lighting>Lamps & Fixtures,"Satco Prod Inc, Lamps & Bulb, S11429",LAMPS & BULB,SATCO® S11429 Lamps & Bulb,SATCO® Lamps & Bulb,Lamps & Bulb,,,,,,,,,,,,,,,,,,,,,,,,,,,Lamps & Bulb,Model,S11429,,,,,,,,,,,,,,,,,,,,,,,,,,,,,,,,,,,,,,,,,,,,,,,,,,,,,,,,,,,,,,,,,,,,,,,,,,,,,,,,,,,,,,,,,,,,,,,,,,,,,,,,,,,,,,,,,,,,,,,,,,,,,,,,,,,,,,,,,,,,,,,,,,,,,,,,,,,,,,,,,,,,,,,,SATCO_S11429.jpg,,,,,,,,,SATCO_S11429_Specification_Sheet.pdf,,,,,,,,,,,,,,,,,,No
,,,,,,74243818,Lighting & Electrical,Lighting,Lamps & Bulbs,3243818,S21354,S21354 8W Led T9 Med 27k,-- Unbranded --,-- No Unilog Brand --,-- No DIB Brand --,Satco Prod Inc (5573),Satco Prod Inc,Satco Prod Inc,,S21354,,Lighting & Electrical>Lighting>Lamps & Fixtures,"Satco Prod Inc, Lamps & Bulb, S21354",LAMPS & BULB,Satco Prod Inc S21354 Lamps & Bulb,Satco Prod Inc Lamps & Bulb,Lamps & Bulb,,,,,,,,,,,,,,,,,,,,,,,,,,,Lamps & Bulb,Model,S21354,,,,,,,,,,,,,,,,,,,,,,,,,,,,,,,,,,,,,,,,,,,,,,,,,,,,,,,,,,,,,,,,,,,,,,,,,,,,,,,,,,,,,,,,,,,,,,,,,,,,,,,,,,,,,,,,,,,,,,,,,,,,,,,,,,,,,,,,,,,,,,,,,,,,,,,,,,,,,,,,,,,,,,,,Satco_Prod_Inc_S21354.jpg,,,,,,,,,Satco_Prod_Inc_S21354_Specification_Sheet.pdf,,,,,,,,,,,,,,,,,,No
,,,,,,86511506,Lighting & Electrical,Lighting,Lamps & Bulbs,6511506,S21363,S21363 8W Led Edison ST19 27K,-- Unbranded --,-- No Unilog Brand --,-- No DIB Brand --,Satco Prod Inc (5573),Satco Prod Inc,Satco Prod Inc,,S21363,,Lighting & Electrical>Lighting>Lamps & Fixtures,"Satco Prod Inc, Lamps & Bulb, S21363",LAMPS & BULB,Satco Prod Inc S21363 Lamps & Bulb,Satco Prod Inc Lamps & Bulb,Lamps & Bulb,,,,,,,,,,,,,,,,,,,,,,,,,,,Lamps & Bulb,Model,S21363,,,,,,,,,,,,,,,,,,,,,,,,,,,,,,,,,,,,,,,,,,,,,,,,,,,,,,,,,,,,,,,,,,,,,,,,,,,,,,,,,,,,,,,,,,,,,,,,,,,,,,,,,,,,,,,,,,,,,,,,,,,,,,,,,,,,,,,,,,,,,,,,,,,,,,,,,,,,,,,,,,,,,,,,Satco_Prod_Inc_S21363.jpg,,,,,,,,,Satco_Prod_Inc_S21363_Specification_Sheet.pdf,,,,,,,,,,,,,,,,,,No
,,,,,,47221796,Lighting & Electrical,Lighting,Lamps & Bulbs,3221796,S11445,S11445 12W Led Med 30k Motion,-- Unbranded --,-- No Unilog Brand --,-- No DIB Brand --,Satco Prod Inc (5573),Satco Prod Inc,Satco Prod Inc,,S11445,,Lighting & Electrical>Lighting>Lamps & Fixtures,"Satco Prod Inc, Lamps & Bulb, S11445",LAMPS & BULB,Satco Prod Inc S11445 Lamps & Bulb,Satco Prod Inc Lamps & Bulb,Lamps & Bulb,,,,,,,,,,,,,,,,,,,,,,,,,,,Lamps & Bulb,Model,S11445,,,,,,,,,,,,,,,,,,,,,,,,,,,,,,,,,,,,,,,,,,,,,,,,,,,,,,,,,,,,,,,,,,,,,,,,,,,,,,,,,,,,,,,,,,,,,,,,,,,,,,,,,,,,,,,,,,,,,,,,,,,,,,,,,,,,,,,,,,,,,,,,,,,,,,,,,,,,,,,,,,,,,,,,Satco_Prod_Inc_S11445.jpg,,,,,,,,,Satco_Prod_Inc_S11445_Specification_Sheet.pdf,,,,,,,,,,,,,,,,,,No
,,,,,,63528026,Lighting & Electrical,Lighting,Lamps & Bulbs,1528026,567313,567313 50W Led MR16 30K 3pk,-- Unbranded --,-- No Unilog Brand --,Philips,Phillips Lighting (5831),Phillips Lighting,Philips,,567313,,Lighting & Electrical>Lighting>Lamps & Fixtures,"Phillips Lighting, Lamps & Bulb, 567313",LAMPS & BULB,Philips 567313 Lamps & Bulb,Philips Lamps & Bulb,Lamps & Bulb,,,,,,,,,,,,,,,,,,,,,,,,,,,Lamps & Bulb,Model,567313,,,,,,,,,,,,,,,,,,,,,,,,,,,,,,,,,,,,,,,,,,,,,,,,,,,,,,,,,,,,,,,,,,,,,,,,,,,,,,,,,,,,,,,,,,,,,,,,,,,,,,,,,,,,,,,,,,,,,,,,,,,,,,,,,,,,,,,,,,,,,,,,,,,,,,,,,,,,,,,,,,,,,,,,Philips_567313.jpg,,,,,,,,,Philips_567313_Specification_Sheet.pdf,,,,,,,,,,,,,,,,,,No
,,,,,,21324139,Lighting & Electrical,Lighting,Lamps & Bulbs,4324139,586875,586875 60W Led Multi CCT 4pk,-- Unbranded --,-- No Unilog Brand --,Philips,Phillips Lighting (5831),Phillips Lighting,Philips,,586875,,Lighting & Electrical>Lighting>Lamps & Fixtures,"Phillips Lighting, Lamps & Bulb, 586875",LAMPS & BULB,Philips 586875 Lamps & Bulb,Philips Lamps & Bulb,Lamps & Bulb,,,,,,,,,,,,,,,,,,,,,,,,,,,Lamps & Bulb,Model,586875,,,,,,,,,,,,,,,,,,,,,,,,,,,,,,,,,,,,,,,,,,,,,,,,,,,,,,,,,,,,,,,,,,,,,,,,,,,,,,,,,,,,,,,,,,,,,,,,,,,,,,,,,,,,,,,,,,,,,,,,,,,,,,,,,,,,,,,,,,,,,,,,,,,,,,,,,,,,,,,,,,,,,,,,Philips_586875.jpg,,,,,,,,,Philips_586875_Specification_Sheet.pdf,,,,,,,,,,,,,,,,,,No
,,,,,,72014547,Lighting & Electrical,Lighting,Lamps & Bulbs,1014547,576355,576355 60/100/150 Led Med 50k,-- Unbranded --,-- No Unilog Brand --,Philips,Phillips Lighting (5831),Phillips Lighting,Philips,,576355,,Lighting & Electrical>Lighting>Lamps & Fixtures,"Phillips Lighting, Lamps & Bulb, 576355",LAMPS & BULB,Philips 576355 Lamps & Bulb,Philips Lamps & Bulb,Lamps & Bulb,,,,,,,,,,,,,,,,,,,,,,,,,,,Lamps & Bulb,Model,576355,,,,,,,,,,,,,,,,,,,,,,,,,,,,,,,,,,,,,,,,,,,,,,,,,,,,,,,,,,,,,,,,,,,,,,,,,,,,,,,,,,,,,,,,,,,,,,,,,,,,,,,,,,,,,,,,,,,,,,,,,,,,,,,,,,,,,,,,,,,,,,,,,,,,,,,,,,,,,,,,,,,,,,,,Philips_576355.jpg,,,,,,,,,Philips_576355_Specification_Sheet.pdf,,,,,,,,,,,,,,,,,,No
,,,,,,69617631,Lighting & Electrical,Lighting,Lamps & Bulbs,7617631,576363,576363 100/150/200 Led Med 27k,-- Unbranded --,-- No Unilog Brand --,Philips,Phillips Lighting (5831),Phillips Lighting,Philips,,576363,,Lighting & Electrical>Lighting>Lamps & Fixtures,"Phillips Lighting, Lamps & Bulb, 576363",LAMPS & BULB,Philips 576363 Lamps & Bulb,Philips Lamps & Bulb,Lamps & Bulb,,,,,,,,,,,,,,,,,,,,,,,,,,,Lamps & Bulb,Model,576363,,,,,,,,,,,,,,,,,,,,,,,,,,,,,,,,,,,,,,,,,,,,,,,,,,,,,,,,,,,,,,,,,,,,,,,,,,,,,,,,,,,,,,,,,,,,,,,,,,,,,,,,,,,,,,,,,,,,,,,,,,,,,,,,,,,,,,,,,,,,,,,,,,,,,,,,,,,,,,,,,,,,,,,,Philips_576363.jpg,,,,,,,,,Philips_576363_Specification_Sheet.pdf,,,,,,,,,,,,,,,,,,No
,,,,,,45619579,Lighting & Electrical,Lighting,Lamps & Bulbs,1619579,565374,565374 75W Led A19 Med 27k 4pk,-- Unbranded --,-- No Unilog Brand --,Philips,Phillips Lighting (5831),Phillips Lighting,Philips,,565374,,Lighting & Electrical>Lighting>Lamps & Fixtures,"Phillips Lighting, Lamps & Bulb, 565374",LAMPS & BULB,Philips 565374 Lamps & Bulb,Philips Lamps & Bulb,Lamps & Bulb,,,,,,,,,,,,,,,,,,,,,,,,,,,Lamps & Bulb,Model,565374,,,,,,,,,,,,,,,,,,,,,,,,,,,,,,,,,,,,,,,,,,,,,,,,,,,,,,,,,,,,,,,,,,,,,,,,,,,,,,,,,,,,,,,,,,,,,,,,,,,,,,,,,,,,,,,,,,,,,,,,,,,,,,,,,,,,,,,,,,,,,,,,,,,,,,,,,,,,,,,,,,,,,,,,Philips_565374.jpg,,,,,,,,,Philips_565374_Specification_Sheet.pdf,,,,,,,,,,,,,,,,,,No
,,,,,,38285699,Lighting & Electrical,Lighting,Lamps & Bulbs,3285699,565390,565390 75W Led A19 Med 50k 4pk,-- Unbranded --,-- No Unilog Brand --,Philips,Phillips Lighting (5831),Phillips Lighting,Philips,,565390,,Lighting & Electrical>Lighting>Lamps & Fixtures,"Phillips Lighting, Lamps & Bulb, 565390",LAMPS & BULB,Philips 565390 Lamps & Bulb,Philips Lamps & Bulb,Lamps & Bulb,,,,,,,,,,,,,,,,,,,,,,,,,,,Lamps & Bulb,Model,565390,,,,,,,,,,,,,,,,,,,,,,,,,,,,,,,,,,,,,,,,,,,,,,,,,,,,,,,,,,,,,,,,,,,,,,,,,,,,,,,,,,,,,,,,,,,,,,,,,,,,,,,,,,,,,,,,,,,,,,,,,,,,,,,,,,,,,,,,,,,,,,,,,,,,,,,,,,,,,,,,,,,,,,,,Philips_565390.jpg,,,,,,,,,Philips_565390_Specification_Sheet.pdf,,,,,,,,,,,,,,,,,,No
,,,,,,37732339,Lighting & Electrical,Lighting,Lamps & Bulbs,2732339,576371,576371 100/150/200 Led Med 50k,-- Unbranded --,-- No Unilog Brand --,Philips,Phillips Lighting (5831),Phillips Lighting,Philips,,576371,,Lighting & Electrical>Lighting>Lamps & Fixtures,"Phillips Lighting, Lamps & Bulb, 576371",LAMPS & BULB,Philips 576371 Lamps & Bulb,Philips Lamps & Bulb,Lamps & Bulb,,,,,,,,,,,,,,,,,,,,,,,,,,,Lamps & Bulb,Model,576371,,,,,,,,,,,,,,,,,,,,,,,,,,,,,,,,,,,,,,,,,,,,,,,,,,,,,,,,,,,,,,,,,,,,,,,,,,,,,,,,,,,,,,,,,,,,,,,,,,,,,,,,,,,,,,,,,,,,,,,,,,,,,,,,,,,,,,,,,,,,,,,,,,,,,,,,,,,,,,,,,,,,,,,,Philips_576371.jpg,,,,,,,,,Philips_576371_Specification_Sheet.pdf,,,,,,,,,,,,,,,,,,No
,,,,,,43258323,Lighting & Electrical,Lighting,Lamps & Bulbs,8258323,576496,576496 45W Led R20 Med 27k,-- Unbranded --,-- No Unilog Brand --,Philips,Phillips Lighting (5831),Phillips Lighting,Philips,,576496,,Lighting & Electrical>Lighting>Lamps & Fixtures,"Phillips Lighting, Lamps & Bulb, 576496",LAMPS & BULB,Philips 576496 Lamps & Bulb,Philips Lamps & Bulb,Lamps & Bulb,,,,,,,,,,,,,,,,,,,,,,,,,,,Lamps & Bulb,Model,576496,,,,,,,,,,,,,,,,,,,,,,,,,,,,,,,,,,,,,,,,,,,,,,,,,,,,,,,,,,,,,,,,,,,,,,,,,,,,,,,,,,,,,,,,,,,,,,,,,,,,,,,,,,,,,,,,,,,,,,,,,,,,,,,,,,,,,,,,,,,,,,,,,,,,,,,,,,,,,,,,,,,,,,,,Philips_576496.jpg,,,,,,,,,Philips_576496_Specification_Sheet.pdf,,,,,,,,,,,,,,,,,,No
,,,,,,65926691,Lighting & Electrical,Lighting,Lamps & Bulbs,3926691,564856,564856 40W Led ST19 27k 2pk,-- Unbranded --,-- No Unilog Brand --,Philips,Phillips Lighting (5831),Phillips Lighting,Philips,,564856,,Lighting & Electrical>Lighting>Lamps & Fixtures,"Phillips Lighting, Lamps & Bulb, 564856",LAMPS & BULB,Philips 564856 Lamps & Bulb,Philips Lamps & Bulb,Lamps & Bulb,,,,,,,,,,,,,,,,,,,,,,,,,,,Lamps & Bulb,Model,564856,,,,,,,,,,,,,,,,,,,,,,,,,,,,,,,,,,,,,,,,,,,,,,,,,,,,,,,,,,,,,,,,,,,,,,,,,,,,,,,,,,,,,,,,,,,,,,,,,,,,,,,,,,,,,,,,,,,,,,,,,,,,,,,,,,,,,,,,,,,,,,,,,,,,,,,,,,,,,,,,,,,,,,,,Philips_564856.jpg,,,,,,,,,Philips_564856_Specification_Sheet.pdf,,,,,,,,,,,,,,,,,,No
,,,,,,29464684,Lighting & Electrical,Lighting,Lamps & Bulbs,3464684,565796,565796 60W Led A19 Med 20k,-- Unbranded --,-- No Unilog Brand --,Philips,Phillips Lighting (5831),Phillips Lighting,Philips,,565796,,Lighting & Electrical>Lighting>Lamps & Fixtures,"Phillips Lighting, Lamps & Bulb, 565796",LAMPS & BULB,Philips 565796 Lamps & Bulb,Philips Lamps & Bulb,Lamps & Bulb,,,,,,,,,,,,,,,,,,,,,,,,,,,Lamps & Bulb,Model,565796,,,,,,,,,,,,,,,,,,,,,,,,,,,,,,,,,,,,,,,,,,,,,,,,,,,,,,,,,,,,,,,,,,,,,,,,,,,,,,,,,,,,,,,,,,,,,,,,,,,,,,,,,,,,,,,,,,,,,,,,,,,,,,,,,,,,,,,,,,,,,,,,,,,,,,,,,,,,,,,,,,,,,,,,Philips_565796.jpg,,,,,,,,,Philips_565796_Specification_Sheet.pdf,,,,,,,,,,,,,,,,,,No
,,,,,,31295072,Lighting & Electrical,Lighting,Lamps & Bulbs,5295072,576389,576389 100/200/300 Led Med 27k,-- Unbranded --,-- No Unilog Brand --,Philips,Phillips Lighting (5831),Phillips Lighting,Philips,,576389,,Lighting & Electrical>Lighting>Lamps & Fixtures,"Phillips Lighting, Lamps & Bulb, 576389",LAMPS & BULB,Philips 576389 Lamps & Bulb,Philips Lamps & Bulb,Lamps & Bulb,,,,,,,,,,,,,,,,,,,,,,,,,,,Lamps & Bulb,Model,576389,,,,,,,,,,,,,,,,,,,,,,,,,,,,,,,,,,,,,,,,,,,,,,,,,,,,,,,,,,,,,,,,,,,,,,,,,,,,,,,,,,,,,,,,,,,,,,,,,,,,,,,,,,,,,,,,,,,,,,,,,,,,,,,,,,,,,,,,,,,,,,,,,,,,,,,,,,,,,,,,,,,,,,,,Philips_576389.jpg,,,,,,,,,Philips_576389_Specification_Sheet.pdf,,,,,,,,,,,,,,,,,,No
,,,,,,13324753,Lighting & Electrical,Lighting,Lamps & Bulbs,5324753,564492,564492 75W Adj Base 27k 3pk,-- Unbranded --,-- No Unilog Brand --,Philips,Phillips Lighting (5831),Phillips Lighting,Philips,,564492,,Lighting & Electrical>Lighting>Lamps & Fixtures,"Phillips Lighting, Lamps & Bulb, 564492",LAMPS & BULB,Philips 564492 Lamps & Bulb,Philips Lamps & Bulb,Lamps & Bulb,,,,,,,,,,,,,,,,,,,,,,,,,,,Lamps & Bulb,Model,564492,,,,,,,,,,,,,,,,,,,,,,,,,,,,,,,,,,,,,,,,,,,,,,,,,,,,,,,,,,,,,,,,,,,,,,,,,,,,,,,,,,,,,,,,,,,,,,,,,,,,,,,,,,,,,,,,,,,,,,,,,,,,,,,,,,,,,,,,,,,,,,,,,,,,,,,,,,,,,,,,,,,,,,,,Philips_564492.jpg,,,,,,,,,Philips_564492_Specification_Sheet.pdf,,,,,,,,,,,,,,,,,,No
,,,,,,58099386,Lighting & Electrical,Lighting,Lamps & Bulbs,5099386,603449,603449 Wiz 60W Led Med Clr Ch,-- Unbranded --,-- No Unilog Brand --,Wiz,Phillips Lighting (5831),Phillips Lighting,Wiz,,603449,,Lighting & Electrical>Lighting>Lamps & Fixtures,"Phillips Lighting, Lamps & Bulb, 603449",LAMPS & BULB,Wiz 603449 Lamps & Bulb,Wiz Lamps & Bulb,Lamps & Bulb,,,,,,,,,,,,,,,,,,,,,,,,,,,Lamps & Bulb,Model,603449,,,,,,,,,,,,,,,,,,,,,,,,,,,,,,,,,,,,,,,,,,,,,,,,,,,,,,,,,,,,,,,,,,,,,,,,,,,,,,,,,,,,,,,,,,,,,,,,,,,,,,,,,,,,,,,,,,,,,,,,,,,,,,,,,,,,,,,,,,,,,,,,,,,,,,,,,,,,,,,,,,,,,,,,Wiz_603449.jpg,,,,,,,,,Wiz_603449_Specification_Sheet.pdf,,,,,,,,,,,,,,,,,,No
,,,,,,57748435,Lighting & Electrical,Lighting,Lamps & Bulbs,4748435,586909,586909 Led 60W Med A19 27K,-- Unbranded --,-- No Unilog Brand --,Philips,Phillips Lighting (5831),Phillips Lighting,Philips,,586909,,Lighting & Electrical>Lighting>Lamps & Fixtures,"Phillips Lighting, Lamps & Bulb, 586909",LAMPS & BULB,Philips 586909 Lamps & Bulb,Philips Lamps & Bulb,Lamps & Bulb,,,,,,,,,,,,,,,,,,,,,,,,,,,Lamps & Bulb,Model,586909,,,,,,,,,,,,,,,,,,,,,,,,,,,,,,,,,,,,,,,,,,,,,,,,,,,,,,,,,,,,,,,,,,,,,,,,,,,,,,,,,,,,,,,,,,,,,,,,,,,,,,,,,,,,,,,,,,,,,,,,,,,,,,,,,,,,,,,,,,,,,,,,,,,,,,,,,,,,,,,,,,,,,,,,Philips_586909.jpg,,,,,,,,,Philips_586909_Specification_Sheet.pdf,,,,,,,,,,,,,,,,,,No
,,,,,,51733914,Lighting & Electrical,Lighting,Lamps & Bulbs,7733914,566364,566364 75W Led ST19 27k 4pk,-- Unbranded --,-- No Unilog Brand --,Philips,Phillips Lighting (5831),Phillips Lighting,Philips,,566364,,Lighting & Electrical>Lighting>Lamps & Fixtures,"Phillips Lighting, Lamps & Bulb, 566364",LAMPS & BULB,Philips 566364 Lamps & Bulb,Philips Lamps & Bulb,Lamps & Bulb,,,,,,,,,,,,,,,,,,,,,,,,,,,Lamps & Bulb,Model,566364,,,,,,,,,,,,,,,,,,,,,,,,,,,,,,,,,,,,,,,,,,,,,,,,,,,,,,,,,,,,,,,,,,,,,,,,,,,,,,,,,,,,,,,,,,,,,,,,,,,,,,,,,,,,,,,,,,,,,,,,,,,,,,,,,,,,,,,,,,,,,,,,,,,,,,,,,,,,,,,,,,,,,,,,Philips_566364.jpg,,,,,,,,,Philips_566364_Specification_Sheet.pdf,,,,,,,,,,,,,,,,,,No
,,,,,,10097338,Lighting & Electrical,Lighting,Lamps & Bulbs,2097338,576397,576394 100/200/300 Led A23 50k,-- Unbranded --,-- No Unilog Brand --,Philips,Phillips Lighting (5831),Phillips Lighting,Philips,,576397,,Lighting & Electrical>Lighting>Lamps & Fixtures,"Phillips Lighting, Lamps & Bulb, 576397",LAMPS & BULB,Philips 576397 Lamps & Bulb,Philips Lamps & Bulb,Lamps & Bulb,,,,,,,,,,,,,,,,,,,,,,,,,,,Lamps & Bulb,Model,576397,,,,,,,,,,,,,,,,,,,,,,,,,,,,,,,,,,,,,,,,,,,,,,,,,,,,,,,,,,,,,,,,,,,,,,,,,,,,,,,,,,,,,,,,,,,,,,,,,,,,,,,,,,,,,,,,,,,,,,,,,,,,,,,,,,,,,,,,,,,,,,,,,,,,,,,,,,,,,,,,,,,,,,,,Philips_576397.jpg,,,,,,,,,Philips_576397_Specification_Sheet.pdf,,,,,,,,,,,,,,,,,,No
,,,,,,20167924,Lighting & Electrical,Lighting,Lamps & Bulbs,3167924,571497,571497 150W Led Med 27k,-- Unbranded --,-- No Unilog Brand --,Philips,Phillips Lighting (5831),Phillips Lighting,Philips,,571497,,Lighting & Electrical>Lighting>Lamps & Fixtures,"Phillips Lighting, Lamps & Bulb, 571497",LAMPS & BULB,Philips 571497 Lamps & Bulb,Philips Lamps & Bulb,Lamps & Bulb,,,,,,,,,,,,,,,,,,,,,,,,,,,Lamps & Bulb,Model,571497,,,,,,,,,,,,,,,,,,,,,,,,,,,,,,,,,,,,,,,,,,,,,,,,,,,,,,,,,,,,,,,,,,,,,,,,,,,,,,,,,,,,,,,,,,,,,,,,,,,,,,,,,,,,,,,,,,,,,,,,,,,,,,,,,,,,,,,,,,,,,,,,,,,,,,,,,,,,,,,,,,,,,,,,Philips_571497.jpg,,,,,,,,,Philips_571497_Specification_Sheet.pdf,,,,,,,,,,,,,,,,,,No
,,,,,,14334993,Lighting & Electrical,Lighting,Lamps & Bulbs,6334993,576306,576306 40W Led A19 5CCT 4pk,-- Unbranded --,-- No Unilog Brand --,Philips,Phillips Lighting (5831),Phillips Lighting,Philips,,576306,,Lighting & Electrical>Lighting>Lamps & Fixtures,"Phillips Lighting, Lamps & Bulb, 576306",LAMPS & BULB,Philips 576306 Lamps & Bulb,Philips Lamps & Bulb,Lamps & Bulb,,,,,,,,,,,,,,,,,,,,,,,,,,,Lamps & Bulb,Model,576306,,,,,,,,,,,,,,,,,,,,,,,,,,,,,,,,,,,,,,,,,,,,,,,,,,,,,,,,,,,,,,,,,,,,,,,,,,,,,,,,,,,,,,,,,,,,,,,,,,,,,,,,,,,,,,,,,,,,,,,,,,,,,,,,,,,,,,,,,,,,,,,,,,,,,,,,,,,,,,,,,,,,,,,,Philips_576306.jpg,,,,,,,,,Philips_576306_Specification_Sheet.pdf,,,,,,,,,,,,,,,,,,No
,,,,,,31441308,Lighting & Electrical,Lighting,Lamps & Bulbs,5441308,588533,588533 40W Led Cand 3pk,-- Unbranded --,-- No Unilog Brand --,Philips,Phillips Lighting (5831),Phillips Lighting,Philips,,588533,,Lighting & Electrical>Lighting>Lamps & Fixtures,"Phillips Lighting, Lamps & Bulb, 588533",LAMPS & BULB,Philips 588533 Lamps & Bulb,Philips Lamps & Bulb,Lamps & Bulb,,,,,,,,,,,,,,,,,,,,,,,,,,,Lamps & Bulb,Model,588533,,,,,,,,,,,,,,,,,,,,,,,,,,,,,,,,,,,,,,,,,,,,,,,,,,,,,,,,,,,,,,,,,,,,,,,,,,,,,,,,,,,,,,,,,,,,,,,,,,,,,,,,,,,,,,,,,,,,,,,,,,,,,,,,,,,,,,,,,,,,,,,,,,,,,,,,,,,,,,,,,,,,,,,,Philips_588533.jpg,,,,,,,,,Philips_588533_Specification_Sheet.pdf,,,,,,,,,,,,,,,,,,No
,,,,,,97827959,Lighting & Electrical,Lighting,Lamps & Bulbs,8827959,576520,576520 65W Led Med 27k,-- Unbranded --,-- No Unilog Brand --,Philips,Phillips Lighting (5831),Phillips Lighting,Philips,,576520,,Lighting & Electrical>Lighting>Lamps & Fixtures,"Phillips Lighting, Lamps & Bulb, 576520",LAMPS & BULB,Philips 576520 Lamps & Bulb,Philips Lamps & Bulb,Lamps & Bulb,,,,,,,,,,,,,,,,,,,,,,,,,,,Lamps & Bulb,Model,576520,,,,,,,,,,,,,,,,,,,,,,,,,,,,,,,,,,,,,,,,,,,,,,,,,,,,,,,,,,,,,,,,,,,,,,,,,,,,,,,,,,,,,,,,,,,,,,,,,,,,,,,,,,,,,,,,,,,,,,,,,,,,,,,,,,,,,,,,,,,,,,,,,,,,,,,,,,,,,,,,,,,,,,,,Philips_576520.jpg,,,,,,,,,Philips_576520_Specification_Sheet.pdf,,,,,,,,,,,,,,,,,,No
,,,,,,22015021,Lighting & Electrical,Lighting,Lamps & Bulbs,5015021,574004,574004 75W Led ST19 27k 2pk,-- Unbranded --,-- No Unilog Brand --,Philips,Phillips Lighting (5831),Phillips Lighting,Philips,,574004,,Lighting & Electrical>Lighting>Lamps & Fixtures,"Phillips Lighting, Lamps & Bulb, 574004",LAMPS & BULB,Philips 574004 Lamps & Bulb,Philips Lamps & Bulb,Lamps & Bulb,,,,,,,,,,,,,,,,,,,,,,,,,,,Lamps & Bulb,Model,574004,,,,,,,,,,,,,,,,,,,,,,,,,,,,,,,,,,,,,,,,,,,,,,,,,,,,,,,,,,,,,,,,,,,,,,,,,,,,,,,,,,,,,,,,,,,,,,,,,,,,,,,,,,,,,,,,,,,,,,,,,,,,,,,,,,,,,,,,,,,,,,,,,,,,,,,,,,,,,,,,,,,,,,,,Philips_574004.jpg,,,,,,,,,Philips_574004_Specification_Sheet.pdf,,,,,,,,,,,,,,,,,,No
,,,,,,13180907,Lighting & Electrical,Lighting,Lamps & Bulbs,5180907,574012,574012 75W Led ST19 50k 2pk,-- Unbranded --,-- No Unilog Brand --,Philips,Phillips Lighting (5831),Phillips Lighting,Philips,,574012,,Lighting & Electrical>Lighting>Lamps & Fixtures,"Phillips Lighting, Lamps & Bulb, 574012",LAMPS & BULB,Philips 574012 Lamps & Bulb,Philips Lamps & Bulb,Lamps & Bulb,,,,,,,,,,,,,,,,,,,,,,,,,,,Lamps & Bulb,Model,574012,,,,,,,,,,,,,,,,,,,,,,,,,,,,,,,,,,,,,,,,,,,,,,,,,,,,,,,,,,,,,,,,,,,,,,,,,,,,,,,,,,,,,,,,,,,,,,,,,,,,,,,,,,,,,,,,,,,,,,,,,,,,,,,,,,,,,,,,,,,,,,,,,,,,,,,,,,,,,,,,,,,,,,,,Philips_574012.jpg,,,,,,,,,Philips_574012_Specification_Sheet.pdf,,,,,,,,,,,,,,,,,,No
,,,,,,78417539,Lighting & Electrical,Lighting,Lamps & Bulbs,7417539,573971,573971 75W Led ST19 20k 4pk,-- Unbranded --,-- No Unilog Brand --,Philips,Phillips Lighting (5831),Phillips Lighting,Philips,,573971,,Lighting & Electrical>Lighting>Lamps & Fixtures,"Phillips Lighting, Lamps & Bulb, 573971",LAMPS & BULB,Philips 573971 Lamps & Bulb,Philips Lamps & Bulb,Lamps & Bulb,,,,,,,,,,,,,,,,,,,,,,,,,,,Lamps & Bulb,Model,573971,,,,,,,,,,,,,,,,,,,,,,,,,,,,,,,,,,,,,,,,,,,,,,,,,,,,,,,,,,,,,,,,,,,,,,,,,,,,,,,,,,,,,,,,,,,,,,,,,,,,,,,,,,,,,,,,,,,,,,,,,,,,,,,,,,,,,,,,,,,,,,,,,,,,,,,,,,,,,,,,,,,,,,,,Philips_573971.jpg,,,,,,,,,Philips_573971_Specification_Sheet.pdf,,,,,,,,,,,,,,,,,,No
,,,,,,99200406,Lighting & Electrical,Lighting,Lamps & Bulbs,1200406,573989,573989 40W Led Med 27K 4pk,-- Unbranded --,-- No Unilog Brand --,Philips,Phillips Lighting (5831),Phillips Lighting,Philips,,573989,,Lighting & Electrical>Lighting>Lamps & Fixtures,"Phillips Lighting, Lamps & Bulb, 573989",LAMPS & BULB,Philips 573989 Lamps & Bulb,Philips Lamps & Bulb,Lamps & Bulb,,,,,,,,,,,,,,,,,,,,,,,,,,,Lamps & Bulb,Model,573989,,,,,,,,,,,,,,,,,,,,,,,,,,,,,,,,,,,,,,,,,,,,,,,,,,,,,,,,,,,,,,,,,,,,,,,,,,,,,,,,,,,,,,,,,,,,,,,,,,,,,,,,,,,,,,,,,,,,,,,,,,,,,,,,,,,,,,,,,,,,,,,,,,,,,,,,,,,,,,,,,,,,,,,,Philips_573989.jpg,,,,,,,,,Philips_573989_Specification_Sheet.pdf,,,,,,,,,,,,,,,,,,No
,,,,,,70790570,Lighting & Electrical,Lighting,Lamps & Bulbs,8790570,576769,576769 65W Led BR30 Med 27k,-- Unbranded --,-- No Unilog Brand --,Philips,Phillips Lighting (5831),Phillips Lighting,Philips,,576769,,Lighting & Electrical>Lighting>Lamps & Fixtures,"Phillips Lighting, Lamps & Bulb, 576769",LAMPS & BULB,Philips 576769 Lamps & Bulb,Philips Lamps & Bulb,Lamps & Bulb,,,,,,,,,,,,,,,,,,,,,,,,,,,Lamps & Bulb,Model,576769,,,,,,,,,,,,,,,,,,,,,,,,,,,,,,,,,,,,,,,,,,,,,,,,,,,,,,,,,,,,,,,,,,,,,,,,,,,,,,,,,,,,,,,,,,,,,,,,,,,,,,,,,,,,,,,,,,,,,,,,,,,,,,,,,,,,,,,,,,,,,,,,,,,,,,,,,,,,,,,,,,,,,,,,Philips_576769.jpg,,,,,,,,,Philips_576769_Specification_Sheet.pdf,,,,,,,,,,,,,,,,,,No
,,,,,,16071802,Lighting & Electrical,Lighting,Lamps & Bulbs,8071802,567446,567446 60W Led Med 50K 3pk,-- Unbranded --,-- No Unilog Brand --,Philips,Phillips Lighting (5831),Phillips Lighting,Philips,,567446,,Lighting & Electrical>Lighting>Lamps & Fixtures,"Phillips Lighting, Lamps & Bulb, 567446",LAMPS & BULB,Philips 567446 Lamps & Bulb,Philips Lamps & Bulb,Lamps & Bulb,,,,,,,,,,,,,,,,,,,,,,,,,,,Lamps & Bulb,Model,567446,,,,,,,,,,,,,,,,,,,,,,,,,,,,,,,,,,,,,,,,,,,,,,,,,,,,,,,,,,,,,,,,,,,,,,,,,,,,,,,,,,,,,,,,,,,,,,,,,,,,,,,,,,,,,,,,,,,,,,,,,,,,,,,,,,,,,,,,,,,,,,,,,,,,,,,,,,,,,,,,,,,,,,,,Philips_567446.jpg,,,,,,,,,Philips_567446_Specification_Sheet.pdf,,,,,,,,,,,,,,,,,,No
,,,,,,32150822,Lighting & Electrical,Lighting,Lamps & Bulbs,6150822,573997,573997 40W Led Med 50k 4pk,-- Unbranded --,-- No Unilog Brand --,Philips,Phillips Lighting (5831),Phillips Lighting,Philips,,573997,,Lighting & Electrical>Lighting>Lamps & Fixtures,"Phillips Lighting, Lamps & Bulb, 573997",LAMPS & BULB,Philips 573997 Lamps & Bulb,Philips Lamps & Bulb,Lamps & Bulb,,,,,,,,,,,,,,,,,,,,,,,,,,,Lamps & Bulb,Model,573997,,,,,,,,,,,,,,,,,,,,,,,,,,,,,,,,,,,,,,,,,,,,,,,,,,,,,,,,,,,,,,,,,,,,,,,,,,,,,,,,,,,,,,,,,,,,,,,,,,,,,,,,,,,,,,,,,,,,,,,,,,,,,,,,,,,,,,,,,,,,,,,,,,,,,,,,,,,,,,,,,,,,,,,,Philips_573997.jpg,,,,,,,,,Philips_573997_Specification_Sheet.pdf,,,,,,,,,,,,,,,,,,No
,,,,,,32215701,Lighting & Electrical,Lighting,Lamps & Bulbs,6215701,571463,571463 100W Led BR30 Med 50k,-- Unbranded --,-- No Unilog Brand --,Philips,Phillips Lighting (5831),Phillips Lighting,Philips,,571463,,Lighting & Electrical>Lighting>Lamps & Fixtures,"Phillips Lighting, Lamps & Bulb, 571463",LAMPS & BULB,Philips 571463 Lamps & Bulb,Philips Lamps & Bulb,Lamps & Bulb,,,,,,,,,,,,,,,,,,,,,,,,,,,Lamps & Bulb,Model,571463,,,,,,,,,,,,,,,,,,,,,,,,,,,,,,,,,,,,,,,,,,,,,,,,,,,,,,,,,,,,,,,,,,,,,,,,,,,,,,,,,,,,,,,,,,,,,,,,,,,,,,,,,,,,,,,,,,,,,,,,,,,,,,,,,,,,,,,,,,,,,,,,,,,,,,,,,,,,,,,,,,,,,,,,Philips_571463.jpg,,,,,,,,,Philips_571463_Specification_Sheet.pdf,,,,,,,,,,,,,,,,,,No
,,,,,,34235518,Lighting & Electrical,Lighting,Lamps & Bulbs,8235518,576512,576512 65W Led BR40 Med 27k,-- Unbranded --,-- No Unilog Brand --,Philips,Phillips Lighting (5831),Phillips Lighting,Philips,,576512,,Lighting & Electrical>Lighting>Lamps & Fixtures,"Phillips Lighting, Lamps & Bulb, 576512",LAMPS & BULB,Philips 576512 Lamps & Bulb,Philips Lamps & Bulb,Lamps & Bulb,,,,,,,,,,,,,,,,,,,,,,,,,,,Lamps & Bulb,Model,576512,,,,,,,,,,,,,,,,,,,,,,,,,,,,,,,,,,,,,,,,,,,,,,,,,,,,,,,,,,,,,,,,,,,,,,,,,,,,,,,,,,,,,,,,,,,,,,,,,,,,,,,,,,,,,,,,,,,,,,,,,,,,,,,,,,,,,,,,,,,,,,,,,,,,,,,,,,,,,,,,,,,,,,,,Philips_576512.jpg,,,,,,,,,Philips_576512_Specification_Sheet.pdf,,,,,,,,,,,,,,,,,,No
,,,,,,57122013,Lighting & Electrical,Lighting,Lamps & Bulbs,4122013,581181,581181 40W Led Med 2pk,-- Unbranded --,-- No Unilog Brand --,Philips,Phillips Lighting (5831),Phillips Lighting,Philips,,581181,,Lighting & Electrical>Lighting>Lamps & Fixtures,"Phillips Lighting, Lamps & Bulb, 581181",LAMPS & BULB,Philips 581181 Lamps & Bulb,Philips Lamps & Bulb,Lamps & Bulb,,,,,,,,,,,,,,,,,,,,,,,,,,,Lamps & Bulb,Model,581181,,,,,,,,,,,,,,,,,,,,,,,,,,,,,,,,,,,,,,,,,,,,,,,,,,,,,,,,,,,,,,,,,,,,,,,,,,,,,,,,,,,,,,,,,,,,,,,,,,,,,,,,,,,,,,,,,,,,,,,,,,,,,,,,,,,,,,,,,,,,,,,,,,,,,,,,,,,,,,,,,,,,,,,,Philips_581181.jpg,,,,,,,,,Philips_581181_Specification_Sheet.pdf,,,,,,,,,,,,,,,,,,No
,,,,,,97630492,Lighting & Electrical,Lighting,Lamps & Bulbs,8630492,GT-CB-100C,GTCB100C Led 100W Cob Bulb,-- Unbranded --,-- No Unilog Brand --,GT-Lite,Keystone (5702),Keystone,GT-Lite,,GT-CB-100C,,Lighting & Electrical>Lighting>Lamps & Fixtures,"Keystone, Lamps & Bulb, GT-CB-100C",LAMPS & BULB,GT-Lite GT-CB-100C Lamps & Bulb,GT-Lite Lamps & Bulb,Lamps & Bulb,,,,,,,,,,,,,,,,,,,,,,,,,,,Lamps & Bulb,Model,GT-CB-100C,,,,,,,,,,,,,,,,,,,,,,,,,,,,,,,,,,,,,,,,,,,,,,,,,,,,,,,,,,,,,,,,,,,,,,,,,,,,,,,,,,,,,,,,,,,,,,,,,,,,,,,,,,,,,,,,,,,,,,,,,,,,,,,,,,,,,,,,,,,,,,,,,,,,,,,,,,,,,,,,,,,,,,,,GT-Lite_GT-CB-100C.jpg,,,,,,,,,GT-Lite_GT-CB-100C_Specification_Sheet.pdf,,,,,,,,,,,,,,,,,,No
,,,,,,55175293,Lighting & Electrical,Lighting,Lamps & Bulbs,2175293,566430,566430 75W Led Med 50k 4pk,-- Unbranded --,-- No Unilog Brand --,Philips,Phillips Lighting (5831),Phillips Lighting,Philips,,566430,,Lighting & Electrical>Lighting>Lamps & Fixtures,"Phillips Lighting, Lamps & Bulb, 566430",LAMPS & BULB,Philips 566430 Lamps & Bulb,Philips Lamps & Bulb,Lamps & Bulb,,,,,,,,,,,,,,,,,,,,,,,,,,,Lamps & Bulb,Model,566430,,,,,,,,,,,,,,,,,,,,,,,,,,,,,,,,,,,,,,,,,,,,,,,,,,,,,,,,,,,,,,,,,,,,,,,,,,,,,,,,,,,,,,,,,,,,,,,,,,,,,,,,,,,,,,,,,,,,,,,,,,,,,,,,,,,,,,,,,,,,,,,,,,,,,,,,,,,,,,,,,,,,,,,,Philips_566430.jpg,,,,,,,,,Philips_566430_Specification_Sheet.pdf,,,,,,,,,,,,,,,,,,No
,,,,,,18333989,Lighting & Electrical,Lighting,Lamps & Bulbs,1333989,568337,568337 120W Led Par38 Med 50k,-- Unbranded --,-- No Unilog Brand --,Philips,Phillips Lighting (5831),Phillips Lighting,Philips,,568337,,Lighting & Electrical>Lighting>Lamps & Fixtures,"Phillips Lighting, Lamps & Bulb, 568337",LAMPS & BULB,Philips 568337 Lamps & Bulb,Philips Lamps & Bulb,Lamps & Bulb,,,,,,,,,,,,,,,,,,,,,,,,,,,Lamps & Bulb,Model,568337,,,,,,,,,,,,,,,,,,,,,,,,,,,,,,,,,,,,,,,,,,,,,,,,,,,,,,,,,,,,,,,,,,,,,,,,,,,,,,,,,,,,,,,,,,,,,,,,,,,,,,,,,,,,,,,,,,,,,,,,,,,,,,,,,,,,,,,,,,,,,,,,,,,,,,,,,,,,,,,,,,,,,,,,Philips_568337.jpg,,,,,,,,,Philips_568337_Specification_Sheet.pdf,,,,,,,,,,,,,,,,,,No
,,,,,,99562561,Lighting & Electrical,Lighting,Lamps & Bulbs,1562561,565788,565788 40W Led A19 Med 27k,-- Unbranded --,-- No Unilog Brand --,Philips,Phillips Lighting (5831),Phillips Lighting,Philips,,565788,,Lighting & Electrical>Lighting>Lamps & Fixtures,"Phillips Lighting, Lamps & Bulb, 565788",LAMPS & BULB,Philips 565788 Lamps & Bulb,Philips Lamps & Bulb,Lamps & Bulb,,,,,,,,,,,,,,,,,,,,,,,,,,,Lamps & Bulb,Model,565788,,,,,,,,,,,,,,,,,,,,,,,,,,,,,,,,,,,,,,,,,,,,,,,,,,,,,,,,,,,,,,,,,,,,,,,,,,,,,,,,,,,,,,,,,,,,,,,,,,,,,,,,,,,,,,,,,,,,,,,,,,,,,,,,,,,,,,,,,,,,,,,,,,,,,,,,,,,,,,,,,,,,,,,,Philips_565788.jpg,,,,,,,,,Philips_565788_Specification_Sheet.pdf,,,,,,,,,,,,,,,,,,No
,,,,,,13082063,Lighting & Electrical,Lighting,Lamps & Bulbs,5082063,565770,565770 40W Led A19 Med 50k,-- Unbranded --,-- No Unilog Brand --,Philips,Phillips Lighting (5831),Phillips Lighting,Philips,,565770,,Lighting & Electrical>Lighting>Lamps & Fixtures,"Phillips Lighting, Lamps & Bulb, 565770",LAMPS & BULB,Philips 565770 Lamps & Bulb,Philips Lamps & Bulb,Lamps & Bulb,,,,,,,,,,,,,,,,,,,,,,,,,,,Lamps & Bulb,Model,565770,,,,,,,,,,,,,,,,,,,,,,,,,,,,,,,,,,,,,,,,,,,,,,,,,,,,,,,,,,,,,,,,,,,,,,,,,,,,,,,,,,,,,,,,,,,,,,,,,,,,,,,,,,,,,,,,,,,,,,,,,,,,,,,,,,,,,,,,,,,,,,,,,,,,,,,,,,,,,,,,,,,,,,,,Philips_565770.jpg,,,,,,,,,Philips_565770_Specification_Sheet.pdf,,,,,,,,,,,,,,,,,,No
,,,,,,80549303,Lighting & Electrical,Lighting,Lamps & Bulbs,9549303,573436,573436 60W Led A19 Med 27k 2pk,-- Unbranded --,-- No Unilog Brand --,Philips,Phillips Lighting (5831),Phillips Lighting,Philips,,573436,,Lighting & Electrical>Lighting>Lamps & Fixtures,"Phillips Lighting, Lamps & Bulb, 573436",LAMPS & BULB,Philips 573436 Lamps & Bulb,Philips Lamps & Bulb,Lamps & Bulb,,,,,,,,,,,,,,,,,,,,,,,,,,,Lamps & Bulb,Model,573436,,,,,,,,,,,,,,,,,,,,,,,,,,,,,,,,,,,,,,,,,,,,,,,,,,,,,,,,,,,,,,,,,,,,,,,,,,,,,,,,,,,,,,,,,,,,,,,,,,,,,,,,,,,,,,,,,,,,,,,,,,,,,,,,,,,,,,,,,,,,,,,,,,,,,,,,,,,,,,,,,,,,,,,,Philips_573436.jpg,,,,,,,,,Philips_573436_Specification_Sheet.pdf,,,,,,,,,,,,,,,,,,No
,,,,,,11700829,Lighting & Electrical,Lighting,Lamps & Bulbs,3700829,576538,576538 65W Led BR30 Med 50k,-- Unbranded --,-- No Unilog Brand --,Philips,Phillips Lighting (5831),Phillips Lighting,Philips,,576538,,Lighting & Electrical>Lighting>Lamps & Fixtures,"Phillips Lighting, Lamps & Bulb, 576538",LAMPS & BULB,Philips 576538 Lamps & Bulb,Philips Lamps & Bulb,Lamps & Bulb,,,,,,,,,,,,,,,,,,,,,,,,,,,Lamps & Bulb,Model,576538,,,,,,,,,,,,,,,,,,,,,,,,,,,,,,,,,,,,,,,,,,,,,,,,,,,,,,,,,,,,,,,,,,,,,,,,,,,,,,,,,,,,,,,,,,,,,,,,,,,,,,,,,,,,,,,,,,,,,,,,,,,,,,,,,,,,,,,,,,,,,,,,,,,,,,,,,,,,,,,,,,,,,,,,Philips_576538.jpg,,,,,,,,,Philips_576538_Specification_Sheet.pdf,,,,,,,,,,,,,,,,,,No
,,,,,,40204316,Lighting & Electrical,Lighting,Lamps & Bulbs,5204316,573451,573451 40W Led Med 27k 2pk,-- Unbranded --,-- No Unilog Brand --,Philips,Phillips Lighting (5831),Phillips Lighting,Philips,,573451,,Lighting & Electrical>Lighting>Lamps & Fixtures,"Phillips Lighting, Lamps & Bulb, 573451",LAMPS & BULB,Philips 573451 Lamps & Bulb,Philips Lamps & Bulb,Lamps & Bulb,,,,,,,,,,,,,,,,,,,,,,,,,,,Lamps & Bulb,Model,573451,,,,,,,,,,,,,,,,,,,,,,,,,,,,,,,,,,,,,,,,,,,,,,,,,,,,,,,,,,,,,,,,,,,,,,,,,,,,,,,,,,,,,,,,,,,,,,,,,,,,,,,,,,,,,,,,,,,,,,,,,,,,,,,,,,,,,,,,,,,,,,,,,,,,,,,,,,,,,,,,,,,,,,,,Philips_573451.jpg,,,,,,,,,Philips_573451_Specification_Sheet.pdf,,,,,,,,,,,,,,,,,,No
,,,,,,29066442,Lighting & Electrical,Lighting,Lamps & Bulbs,3066442,586883,586883 100W Led Multi CCT 2pk,-- Unbranded --,-- No Unilog Brand --,Philips,Phillips Lighting (5831),Phillips Lighting,Philips,,586883,,Lighting & Electrical>Lighting>Lamps & Fixtures,"Phillips Lighting, Lamps & Bulb, 586883",LAMPS & BULB,Philips 586883 Lamps & Bulb,Philips Lamps & Bulb,Lamps & Bulb,,,,,,,,,,,,,,,,,,,,,,,,,,,Lamps & Bulb,Model,586883,,,,,,,,,,,,,,,,,,,,,,,,,,,,,,,,,,,,,,,,,,,,,,,,,,,,,,,,,,,,,,,,,,,,,,,,,,,,,,,,,,,,,,,,,,,,,,,,,,,,,,,,,,,,,,,,,,,,,,,,,,,,,,,,,,,,,,,,,,,,,,,,,,,,,,,,,,,,,,,,,,,,,,,,Philips_586883.jpg,,,,,,,,,Philips_586883_Specification_Sheet.pdf,,,,,,,,,,,,,,,,,,No
,,,,,,48576648,Lighting & Electrical,Lighting,Lamps & Bulbs,4576648,586859,586859 40W Led Med 27K Back Up,-- Unbranded --,-- No Unilog Brand --,Philips,Phillips Lighting (5831),Phillips Lighting,Philips,,586859,,Lighting & Electrical>Lighting>Lamps & Fixtures,"Phillips Lighting, Lamps & Bulb, 586859",LAMPS & BULB,Philips 586859 Lamps & Bulb,Philips Lamps & Bulb,Lamps & Bulb,,,,,,,,,,,,,,,,,,,,,,,,,,,Lamps & Bulb,Model,586859,,,,,,,,,,,,,,,,,,,,,,,,,,,,,,,,,,,,,,,,,,,,,,,,,,,,,,,,,,,,,,,,,,,,,,,,,,,,,,,,,,,,,,,,,,,,,,,,,,,,,,,,,,,,,,,,,,,,,,,,,,,,,,,,,,,,,,,,,,,,,,,,,,,,,,,,,,,,,,,,,,,,,,,,Philips_586859.jpg,,,,,,,,,Philips_586859_Specification_Sheet.pdf,,,,,,,,,,,,,,,,,,No
,,,,,,44955730,Lighting & Electrical,Lighting,Lamps & Bulbs,9955730,576488,576488 45W Led R20 Med 50k,-- Unbranded --,-- No Unilog Brand --,Philips,Phillips Lighting (5831),Phillips Lighting,Philips,,576488,,Lighting & Electrical>Lighting>Lamps & Fixtures,"Phillips Lighting, Lamps & Bulb, 576488",LAMPS & BULB,Philips 576488 Lamps & Bulb,Philips Lamps & Bulb,Lamps & Bulb,,,,,,,,,,,,,,,,,,,,,,,,,,,Lamps & Bulb,Model,576488,,,,,,,,,,,,,,,,,,,,,,,,,,,,,,,,,,,,,,,,,,,,,,,,,,,,,,,,,,,,,,,,,,,,,,,,,,,,,,,,,,,,,,,,,,,,,,,,,,,,,,,,,,,,,,,,,,,,,,,,,,,,,,,,,,,,,,,,,,,,,,,,,,,,,,,,,,,,,,,,,,,,,,,,Philips_576488.jpg,,,,,,,,,Philips_576488_Specification_Sheet.pdf,,,,,,,,,,,,,,,,,,No
,,,,,,76113218,Lighting & Electrical,Lighting,Lamps & Bulbs,5113218,575217,575217 60W Led Med 50k 2pk,-- Unbranded --,-- No Unilog Brand --,Philips,Phillips Lighting (5831),Phillips Lighting,Philips,,575217,,Lighting & Electrical>Lighting>Lamps & Fixtures,"Phillips Lighting, Lamps & Bulb, 575217",LAMPS & BULB,Philips 575217 Lamps & Bulb,Philips Lamps & Bulb,Lamps & Bulb,,,,,,,,,,,,,,,,,,,,,,,,,,,Lamps & Bulb,Model,575217,,,,,,,,,,,,,,,,,,,,,,,,,,,,,,,,,,,,,,,,,,,,,,,,,,,,,,,,,,,,,,,,,,,,,,,,,,,,,,,,,,,,,,,,,,,,,,,,,,,,,,,,,,,,,,,,,,,,,,,,,,,,,,,,,,,,,,,,,,,,,,,,,,,,,,,,,,,,,,,,,,,,,,,,Philips_575217.jpg,,,,,,,,,Philips_575217_Specification_Sheet.pdf,,,,,,,,,,,,,,,,,,No
,,,,,,95547149,Lighting & Electrical,Lighting,Lamps & Bulbs,6547149,586479,586479 90W Led Med Multi CCT,-- Unbranded --,-- No Unilog Brand --,Philips,Phillips Lighting (5831),Phillips Lighting,Philips,,586479,,Lighting & Electrical>Lighting>Lamps & Fixtures,"Phillips Lighting, Lamps & Bulb, 586479",LAMPS & BULB,Philips 586479 Lamps & Bulb,Philips Lamps & Bulb,Lamps & Bulb,,,,,,,,,,,,,,,,,,,,,,,,,,,Lamps & Bulb,Model,586479,,,,,,,,,,,,,,,,,,,,,,,,,,,,,,,,,,,,,,,,,,,,,,,,,,,,,,,,,,,,,,,,,,,,,,,,,,,,,,,,,,,,,,,,,,,,,,,,,,,,,,,,,,,,,,,,,,,,,,,,,,,,,,,,,,,,,,,,,,,,,,,,,,,,,,,,,,,,,,,,,,,,,,,,Philips_586479.jpg,,,,,,,,,Philips_586479_Specification_Sheet.pdf,,,,,,,,,,,,,,,,,,No
,,,,,,91916000,Lighting & Electrical,Lighting,Lamps & Bulbs,2916000,571471,571471 100W Led BR30 Med 27k,-- Unbranded --,-- No Unilog Brand --,Philips,Phillips Lighting (5831),Phillips Lighting,Philips,,571471,,Lighting & Electrical>Lighting>Lamps & Fixtures,"Phillips Lighting, Lamps & Bulb, 571471",LAMPS & BULB,Philips 571471 Lamps & Bulb,Philips Lamps & Bulb,Lamps & Bulb,,,,,,,,,,,,,,,,,,,,,,,,,,,Lamps & Bulb,Model,571471,,,,,,,,,,,,,,,,,,,,,,,,,,,,,,,,,,,,,,,,,,,,,,,,,,,,,,,,,,,,,,,,,,,,,,,,,,,,,,,,,,,,,,,,,,,,,,,,,,,,,,,,,,,,,,,,,,,,,,,,,,,,,,,,,,,,,,,,,,,,,,,,,,,,,,,,,,,,,,,,,,,,,,,,Philips_571471.jpg,,,,,,,,,Philips_571471_Specification_Sheet.pdf,,,,,,,,,,,,,,,,,,No
,,,,,,40077871,Lighting & Electrical,Lighting,Lamps & Bulbs,5077871,570762,570762 50W Led Par16 30k 3pk,-- Unbranded --,-- No Unilog Brand --,Philips,Phillips Lighting (5831),Phillips Lighting,Philips,,570762,,Lighting & Electrical>Lighting>Lamps & Fixtures,"Phillips Lighting, Lamps & Bulb, 570762",LAMPS & BULB,Philips 570762 Lamps & Bulb,Philips Lamps & Bulb,Lamps & Bulb,,,,,,,,,,,,,,,,,,,,,,,,,,,Lamps & Bulb,Model,570762,,,,,,,,,,,,,,,,,,,,,,,,,,,,,,,,,,,,,,,,,,,,,,,,,,,,,,,,,,,,,,,,,,,,,,,,,,,,,,,,,,,,,,,,,,,,,,,,,,,,,,,,,,,,,,,,,,,,,,,,,,,,,,,,,,,,,,,,,,,,,,,,,,,,,,,,,,,,,,,,,,,,,,,,Philips_570762.jpg,,,,,,,,,Philips_570762_Specification_Sheet.pdf,,,,,,,,,,,,,,,,,,No
,,,,,,38812563,Lighting & Electrical,Lighting,Lamps & Bulbs,3812563,533352,571505 150W Led Med 50k,-- Unbranded --,-- No Unilog Brand --,Philips,Phillips Lighting (5831),Phillips Lighting,Philips,,533352,,Lighting & Electrical>Lighting>Lamps & Fixtures,"Phillips Lighting, Lamps & Bulb, 533352",LAMPS & BULB,Philips 533352 Lamps & Bulb,Philips Lamps & Bulb,Lamps & Bulb,,,,,,,,,,,,,,,,,,,,,,,,,,,Lamps & Bulb,Model,533352,,,,,,,,,,,,,,,,,,,,,,,,,,,,,,,,,,,,,,,,,,,,,,,,,,,,,,,,,,,,,,,,,,,,,,,,,,,,,,,,,,,,,,,,,,,,,,,,,,,,,,,,,,,,,,,,,,,,,,,,,,,,,,,,,,,,,,,,,,,,,,,,,,,,,,,,,,,,,,,,,,,,,,,,Philips_533352.jpg,,,,,,,,,Philips_533352_Specification_Sheet.pdf,,,,,,,,,,,,,,,,,,No
,,,,,,91851236,Lighting & Electrical,Lighting,Lamps & Bulbs,2851236,573519,573519 100W Led A21 27k 2pk,-- Unbranded --,-- No Unilog Brand --,Philips,Phillips Lighting (5831),Phillips Lighting,Philips,,573519,,Lighting & Electrical>Lighting>Lamps & Fixtures,"Phillips Lighting, Lamps & Bulb, 573519",LAMPS & BULB,Philips 573519 Lamps & Bulb,Philips Lamps & Bulb,Lamps & Bulb,,,,,,,,,,,,,,,,,,,,,,,,,,,Lamps & Bulb,Model,573519,,,,,,,,,,,,,,,,,,,,,,,,,,,,,,,,,,,,,,,,,,,,,,,,,,,,,,,,,,,,,,,,,,,,,,,,,,,,,,,,,,,,,,,,,,,,,,,,,,,,,,,,,,,,,,,,,,,,,,,,,,,,,,,,,,,,,,,,,,,,,,,,,,,,,,,,,,,,,,,,,,,,,,,,Philips_573519.jpg,,,,,,,,,Philips_573519_Specification_Sheet.pdf,,,,,,,,,,,,,,,,,,No
,,,,,,83678323,Lighting & Electrical,Lighting,Lamps & Bulbs,3678323,573378,573378 60W Led Med 27k 3pk,-- Unbranded --,-- No Unilog Brand --,Philips,Phillips Lighting (5831),Phillips Lighting,Philips,,573378,,Lighting & Electrical>Lighting>Lamps & Fixtures,"Phillips Lighting, Lamps & Bulb, 573378",LAMPS & BULB,Philips 573378 Lamps & Bulb,Philips Lamps & Bulb,Lamps & Bulb,,,,,,,,,,,,,,,,,,,,,,,,,,,Lamps & Bulb,Model,573378,,,,,,,,,,,,,,,,,,,,,,,,,,,,,,,,,,,,,,,,,,,,,,,,,,,,,,,,,,,,,,,,,,,,,,,,,,,,,,,,,,,,,,,,,,,,,,,,,,,,,,,,,,,,,,,,,,,,,,,,,,,,,,,,,,,,,,,,,,,,,,,,,,,,,,,,,,,,,,,,,,,,,,,,Philips_573378.jpg,,,,,,,,,Philips_573378_Specification_Sheet.pdf,,,,,,,,,,,,,,,,,,No
,,,,,,97790268,Lighting & Electrical,Lighting,Lamps & Bulbs,8790268,565622,565622 60W Led Med 20k,-- Unbranded --,-- No Unilog Brand --,Philips,Phillips Lighting (5831),Phillips Lighting,Philips,,565622,,Lighting & Electrical>Lighting>Lamps & Fixtures,"Phillips Lighting, Lamps & Bulb, 565622",LAMPS & BULB,Philips 565622 Lamps & Bulb,Philips Lamps & Bulb,Lamps & Bulb,,,,,,,,,,,,,,,,,,,,,,,,,,,Lamps & Bulb,Model,565622,,,,,,,,,,,,,,,,,,,,,,,,,,,,,,,,,,,,,,,,,,,,,,,,,,,,,,,,,,,,,,,,,,,,,,,,,,,,,,,,,,,,,,,,,,,,,,,,,,,,,,,,,,,,,,,,,,,,,,,,,,,,,,,,,,,,,,,,,,,,,,,,,,,,,,,,,,,,,,,,,,,,,,,,Philips_565622.jpg,,,,,,,,,Philips_565622_Specification_Sheet.pdf,,,,,,,,,,,,,,,,,,No
,,,,,,24917445,Lighting & Electrical,Lighting,Lamps & Bulbs,7917445,586891,586891 Led 60W Med A19 27k,-- Unbranded --,-- No Unilog Brand --,Philips,Phillips Lighting (5831),Phillips Lighting,Philips,,586891,,Lighting & Electrical>Lighting>Lamps & Fixtures,"Phillips Lighting, Lamps & Bulb, 586891",LAMPS & BULB,Philips 586891 Lamps & Bulb,Philips Lamps & Bulb,Lamps & Bulb,,,,,,,,,,,,,,,,,,,,,,,,,,,Lamps & Bulb,Model,586891,,,,,,,,,,,,,,,,,,,,,,,,,,,,,,,,,,,,,,,,,,,,,,,,,,,,,,,,,,,,,,,,,,,,,,,,,,,,,,,,,,,,,,,,,,,,,,,,,,,,,,,,,,,,,,,,,,,,,,,,,,,,,,,,,,,,,,,,,,,,,,,,,,,,,,,,,,,,,,,,,,,,,,,,Philips_586891.jpg,,,,,,,,,Philips_586891_Specification_Sheet.pdf,,,,,,,,,,,,,,,,,,No
,,,,,,59865067,Lighting & Electrical,Lighting,Lamps & Bulbs,6865067,585448,585448 120W Led Motion Bulb,-- Unbranded --,-- No Unilog Brand --,Philips,Phillips Lighting (5831),Phillips Lighting,Philips,,585448,,Lighting & Electrical>Lighting>Lamps & Fixtures,"Phillips Lighting, Lamps & Bulb, 585448",LAMPS & BULB,Philips 585448 Lamps & Bulb,Philips Lamps & Bulb,Lamps & Bulb,,,,,,,,,,,,,,,,,,,,,,,,,,,Lamps & Bulb,Model,585448,,,,,,,,,,,,,,,,,,,,,,,,,,,,,,,,,,,,,,,,,,,,,,,,,,,,,,,,,,,,,,,,,,,,,,,,,,,,,,,,,,,,,,,,,,,,,,,,,,,,,,,,,,,,,,,,,,,,,,,,,,,,,,,,,,,,,,,,,,,,,,,,,,,,,,,,,,,,,,,,,,,,,,,,Philips_585448.jpg,,,,,,,,,Philips_585448_Specification_Sheet.pdf,,,,,,,,,,,,,,,,,,No
,,,,,,48681683,Lighting & Electrical,Lighting,Lamps & Bulbs,4681683,573444,573444 60W Led A19 Med 50k 2pk,-- Unbranded --,-- No Unilog Brand --,Philips,Phillips Lighting (5831),Phillips Lighting,Philips,,573444,,Lighting & Electrical>Lighting>Lamps & Fixtures,"Phillips Lighting, Lamps & Bulb, 573444",LAMPS & BULB,Philips 573444 Lamps & Bulb,Philips Lamps & Bulb,Lamps & Bulb,,,,,,,,,,,,,,,,,,,,,,,,,,,Lamps & Bulb,Model,573444,,,,,,,,,,,,,,,,,,,,,,,,,,,,,,,,,,,,,,,,,,,,,,,,,,,,,,,,,,,,,,,,,,,,,,,,,,,,,,,,,,,,,,,,,,,,,,,,,,,,,,,,,,,,,,,,,,,,,,,,,,,,,,,,,,,,,,,,,,,,,,,,,,,,,,,,,,,,,,,,,,,,,,,,Philips_573444.jpg,,,,,,,,,Philips_573444_Specification_Sheet.pdf,,,,,,,,,,,,,,,,,,No
,,,,,,27237766,Lighting & Electrical,Lighting,Lamps & Bulbs,1237766,566687,566687 60W Cand Led 27k 3pk,-- Unbranded --,-- No Unilog Brand --,Philips,Phillips Lighting (5831),Phillips Lighting,Philips,,566687,,Lighting & Electrical>Lighting>Lamps & Fixtures,"Phillips Lighting, Lamps & Bulb, 566687",LAMPS & BULB,Philips 566687 Lamps & Bulb,Philips Lamps & Bulb,Lamps & Bulb,,,,,,,,,,,,,,,,,,,,,,,,,,,Lamps & Bulb,Model,566687,,,,,,,,,,,,,,,,,,,,,,,,,,,,,,,,,,,,,,,,,,,,,,,,,,,,,,,,,,,,,,,,,,,,,,,,,,,,,,,,,,,,,,,,,,,,,,,,,,,,,,,,,,,,,,,,,,,,,,,,,,,,,,,,,,,,,,,,,,,,,,,,,,,,,,,,,,,,,,,,,,,,,,,,Philips_566687.jpg,,,,,,,,,Philips_566687_Specification_Sheet.pdf,,,,,,,,,,,,,,,,,,No
,,,,,,69039787,Lighting & Electrical,Lighting,Lamps & Bulbs,7039787,564385,564385 40w Led Med 27k 2pk,-- Unbranded --,-- No Unilog Brand --,Philips,Phillips Lighting (5831),Phillips Lighting,Philips,,564385,,Lighting & Electrical>Lighting>Lamps & Fixtures,"Phillips Lighting, Lamps & Bulb, 564385",LAMPS & BULB,Philips 564385 Lamps & Bulb,Philips Lamps & Bulb,Lamps & Bulb,,,,,,,,,,,,,,,,,,,,,,,,,,,Lamps & Bulb,Model,564385,,,,,,,,,,,,,,,,,,,,,,,,,,,,,,,,,,,,,,,,,,,,,,,,,,,,,,,,,,,,,,,,,,,,,,,,,,,,,,,,,,,,,,,,,,,,,,,,,,,,,,,,,,,,,,,,,,,,,,,,,,,,,,,,,,,,,,,,,,,,,,,,,,,,,,,,,,,,,,,,,,,,,,,,Philips_564385.jpg,,,,,,,,,Philips_564385_Specification_Sheet.pdf,,,,,,,,,,,,,,,,,,No
,,,,,,58331959,Lighting & Electrical,Lighting,Lamps & Bulbs,5331959,566661,566661 40W LED Cand 27k 3pk,-- Unbranded --,-- No Unilog Brand --,Philips,Phillips Lighting (5831),Phillips Lighting,Philips,,566661,,Lighting & Electrical>Lighting>Lamps & Fixtures,"Phillips Lighting, Lamps & Bulb, 566661",LAMPS & BULB,Philips 566661 Lamps & Bulb,Philips Lamps & Bulb,Lamps & Bulb,,,,,,,,,,,,,,,,,,,,,,,,,,,Lamps & Bulb,Model,566661,,,,,,,,,,,,,,,,,,,,,,,,,,,,,,,,,,,,,,,,,,,,,,,,,,,,,,,,,,,,,,,,,,,,,,,,,,,,,,,,,,,,,,,,,,,,,,,,,,,,,,,,,,,,,,,,,,,,,,,,,,,,,,,,,,,,,,,,,,,,,,,,,,,,,,,,,,,,,,,,,,,,,,,,Philips_566661.jpg,,,,,,,,,Philips_566661_Specification_Sheet.pdf,,,,,,,,,,,,,,,,,,No
,,,,,,30161790,Lighting & Electrical,Lighting,Lamps & Bulbs,4161790,564898,564898 60W Cand Led 50k 3pk,-- Unbranded --,-- No Unilog Brand --,Philips,Phillips Lighting (5831),Phillips Lighting,Philips,,564898,,Lighting & Electrical>Lighting>Lamps & Fixtures,"Phillips Lighting, Lamps & Bulb, 564898",LAMPS & BULB,Philips 564898 Lamps & Bulb,Philips Lamps & Bulb,Lamps & Bulb,,,,,,,,,,,,,,,,,,,,,,,,,,,Lamps & Bulb,Model,564898,,,,,,,,,,,,,,,,,,,,,,,,,,,,,,,,,,,,,,,,,,,,,,,,,,,,,,,,,,,,,,,,,,,,,,,,,,,,,,,,,,,,,,,,,,,,,,,,,,,,,,,,,,,,,,,,,,,,,,,,,,,,,,,,,,,,,,,,,,,,,,,,,,,,,,,,,,,,,,,,,,,,,,,,Philips_564898.jpg,,,,,,,,,Philips_564898_Specification_Sheet.pdf,,,,,,,,,,,,,,,,,,No
,,,,,,90309759,Lighting & Electrical,Lighting,Lamps & Bulbs,1309759,538319,588525 40W Led Cand 3pk,-- Unbranded --,-- No Unilog Brand --,Philips,Phillips Lighting (5831),Phillips Lighting,Philips,,538319,,Lighting & Electrical>Lighting>Lamps & Fixtures,"Phillips Lighting, Lamps & Bulb, 538319",LAMPS & BULB,Philips 538319 Lamps & Bulb,Philips Lamps & Bulb,Lamps & Bulb,,,,,,,,,,,,,,,,,,,,,,,,,,,Lamps & Bulb,Model,538319,,,,,,,,,,,,,,,,,,,,,,,,,,,,,,,,,,,,,,,,,,,,,,,,,,,,,,,,,,,,,,,,,,,,,,,,,,,,,,,,,,,,,,,,,,,,,,,,,,,,,,,,,,,,,,,,,,,,,,,,,,,,,,,,,,,,,,,,,,,,,,,,,,,,,,,,,,,,,,,,,,,,,,,,Philips_538319.jpg,,,,,,,,,Philips_538319_Specification_Sheet.pdf,,,,,,,,,,,,,,,,,,No
,,,,,,67577870,Lighting & Electrical,Lighting,Lamps & Bulbs,5577870,576009,576009 100W Led Par30L Med 50k,-- Unbranded --,-- No Unilog Brand --,Philips,Phillips Lighting (5831),Phillips Lighting,Philips,,576009,,Lighting & Electrical>Lighting>Lamps & Fixtures,"Phillips Lighting, Lamps & Bulb, 576009",LAMPS & BULB,Philips 576009 Lamps & Bulb,Philips Lamps & Bulb,Lamps & Bulb,,,,,,,,,,,,,,,,,,,,,,,,,,,Lamps & Bulb,Model,576009,,,,,,,,,,,,,,,,,,,,,,,,,,,,,,,,,,,,,,,,,,,,,,,,,,,,,,,,,,,,,,,,,,,,,,,,,,,,,,,,,,,,,,,,,,,,,,,,,,,,,,,,,,,,,,,,,,,,,,,,,,,,,,,,,,,,,,,,,,,,,,,,,,,,,,,,,,,,,,,,,,,,,,,,Philips_576009.jpg,,,,,,,,,Philips_576009_Specification_Sheet.pdf,,,,,,,,,,,,,,,,,,No
,,,,,,99415581,Lighting & Electrical,Lighting,Lamps & Bulbs,1415581,564450,564450 40W Led Cand 27k 2pk,-- Unbranded --,-- No Unilog Brand --,Philips,Phillips Lighting (5831),Phillips Lighting,Philips,,564450,,Lighting & Electrical>Lighting>Lamps & Fixtures,"Phillips Lighting, Lamps & Bulb, 564450",LAMPS & BULB,Philips 564450 Lamps & Bulb,Philips Lamps & Bulb,Lamps & Bulb,,,,,,,,,,,,,,,,,,,,,,,,,,,Lamps & Bulb,Model,564450,,,,,,,,,,,,,,,,,,,,,,,,,,,,,,,,,,,,,,,,,,,,,,,,,,,,,,,,,,,,,,,,,,,,,,,,,,,,,,,,,,,,,,,,,,,,,,,,,,,,,,,,,,,,,,,,,,,,,,,,,,,,,,,,,,,,,,,,,,,,,,,,,,,,,,,,,,,,,,,,,,,,,,,,Philips_564450.jpg,,,,,,,,,Philips_564450_Specification_Sheet.pdf,,,,,,,,,,,,,,,,,,No
,,,,,,82000755,Lighting & Electrical,Lighting,Lamps & Bulbs,2000755,572669,572669 60W Led F15 Med 27k,-- Unbranded --,-- No Unilog Brand --,Philips,Phillips Lighting (5831),Phillips Lighting,Philips,,572669,,Lighting & Electrical>Lighting>Lamps & Fixtures,"Phillips Lighting, Lamps & Bulb, 572669",LAMPS & BULB,Philips 572669 Lamps & Bulb,Philips Lamps & Bulb,Lamps & Bulb,,,,,,,,,,,,,,,,,,,,,,,,,,,Lamps & Bulb,Model,572669,,,,,,,,,,,,,,,,,,,,,,,,,,,,,,,,,,,,,,,,,,,,,,,,,,,,,,,,,,,,,,,,,,,,,,,,,,,,,,,,,,,,,,,,,,,,,,,,,,,,,,,,,,,,,,,,,,,,,,,,,,,,,,,,,,,,,,,,,,,,,,,,,,,,,,,,,,,,,,,,,,,,,,,,Philips_572669.jpg,,,,,,,,,Philips_572669_Specification_Sheet.pdf,,,,,,,,,,,,,,,,,,No
,,,,,,70998066,Lighting & Electrical,Lighting,Lamps & Bulbs,8998066,564906,564906 60W Led Med 27k 2pk,-- Unbranded --,-- No Unilog Brand --,Philips,Phillips Lighting (5831),Phillips Lighting,Philips,,564906,,Lighting & Electrical>Lighting>Lamps & Fixtures,"Phillips Lighting, Lamps & Bulb, 564906",LAMPS & BULB,Philips 564906 Lamps & Bulb,Philips Lamps & Bulb,Lamps & Bulb,,,,,,,,,,,,,,,,,,,,,,,,,,,Lamps & Bulb,Model,564906,,,,,,,,,,,,,,,,,,,,,,,,,,,,,,,,,,,,,,,,,,,,,,,,,,,,,,,,,,,,,,,,,,,,,,,,,,,,,,,,,,,,,,,,,,,,,,,,,,,,,,,,,,,,,,,,,,,,,,,,,,,,,,,,,,,,,,,,,,,,,,,,,,,,,,,,,,,,,,,,,,,,,,,,Philips_564906.jpg,,,,,,,,,Philips_564906_Specification_Sheet.pdf,,,,,,,,,,,,,,,,,,No
,,,,,,80980122,Lighting & Electrical,Lighting,Lamps & Bulbs,9980122,573410,573410 40W Led A19 Med 27k 2pk,-- Unbranded --,-- No Unilog Brand --,Philips,Phillips Lighting (5831),Phillips Lighting,Philips,,573410,,Lighting & Electrical>Lighting>Lamps & Fixtures,"Phillips Lighting, Lamps & Bulb, 573410",LAMPS & BULB,Philips 573410 Lamps & Bulb,Philips Lamps & Bulb,Lamps & Bulb,,,,,,,,,,,,,,,,,,,,,,,,,,,Lamps & Bulb,Model,573410,,,,,,,,,,,,,,,,,,,,,,,,,,,,,,,,,,,,,,,,,,,,,,,,,,,,,,,,,,,,,,,,,,,,,,,,,,,,,,,,,,,,,,,,,,,,,,,,,,,,,,,,,,,,,,,,,,,,,,,,,,,,,,,,,,,,,,,,,,,,,,,,,,,,,,,,,,,,,,,,,,,,,,,,Philips_573410.jpg,,,,,,,,,Philips_573410_Specification_Sheet.pdf,,,,,,,,,,,,,,,,,,No
,,,,,,32454613,Lighting & Electrical,Lighting,Lamps & Bulbs,6454613,576504,576504 65W Led BR40 Med 50k,-- Unbranded --,-- No Unilog Brand --,Philips,Phillips Lighting (5831),Phillips Lighting,Philips,,576504,,Lighting & Electrical>Lighting>Lamps & Fixtures,"Phillips Lighting, Lamps & Bulb, 576504",LAMPS & BULB,Philips 576504 Lamps & Bulb,Philips Lamps & Bulb,Lamps & Bulb,,,,,,,,,,,,,,,,,,,,,,,,,,,Lamps & Bulb,Model,576504,,,,,,,,,,,,,,,,,,,,,,,,,,,,,,,,,,,,,,,,,,,,,,,,,,,,,,,,,,,,,,,,,,,,,,,,,,,,,,,,,,,,,,,,,,,,,,,,,,,,,,,,,,,,,,,,,,,,,,,,,,,,,,,,,,,,,,,,,,,,,,,,,,,,,,,,,,,,,,,,,,,,,,,,Philips_576504.jpg,,,,,,,,,Philips_576504_Specification_Sheet.pdf,,,,,,,,,,,,,,,,,,No
,,,,,,69431126,Lighting & Electrical,Lighting,Lamps & Bulbs,7431126,576017,576017 100W Led Par30L Med 30k,-- Unbranded --,-- No Unilog Brand --,Philips,Phillips Lighting (5831),Phillips Lighting,Philips,,576017,,Lighting & Electrical>Lighting>Lamps & Fixtures,"Phillips Lighting, Lamps & Bulb, 576017",LAMPS & BULB,Philips 576017 Lamps & Bulb,Philips Lamps & Bulb,Lamps & Bulb,,,,,,,,,,,,,,,,,,,,,,,,,,,Lamps & Bulb,Model,576017,,,,,,,,,,,,,,,,,,,,,,,,,,,,,,,,,,,,,,,,,,,,,,,,,,,,,,,,,,,,,,,,,,,,,,,,,,,,,,,,,,,,,,,,,,,,,,,,,,,,,,,,,,,,,,,,,,,,,,,,,,,,,,,,,,,,,,,,,,,,,,,,,,,,,,,,,,,,,,,,,,,,,,,,Philips_576017.jpg,,,,,,,,,Philips_576017_Specification_Sheet.pdf,,,,,,,,,,,,,,,,,,No
,,,,,,57532110,Lighting & Electrical,Lighting,Lamps & Bulbs,4532110,574392,574392 40W Led B11 Med 27k 3pk,-- Unbranded --,-- No Unilog Brand --,Philips,Phillips Lighting (5831),Phillips Lighting,Philips,,574392,,Lighting & Electrical>Lighting>Lamps & Fixtures,"Phillips Lighting, Lamps & Bulb, 574392",LAMPS & BULB,Philips 574392 Lamps & Bulb,Philips Lamps & Bulb,Lamps & Bulb,,,,,,,,,,,,,,,,,,,,,,,,,,,Lamps & Bulb,Model,574392,,,,,,,,,,,,,,,,,,,,,,,,,,,,,,,,,,,,,,,,,,,,,,,,,,,,,,,,,,,,,,,,,,,,,,,,,,,,,,,,,,,,,,,,,,,,,,,,,,,,,,,,,,,,,,,,,,,,,,,,,,,,,,,,,,,,,,,,,,,,,,,,,,,,,,,,,,,,,,,,,,,,,,,,Philips_574392.jpg,,,,,,,,,Philips_574392_Specification_Sheet.pdf,,,,,,,,,,,,,,,,,,No
,,,,,,30174878,Lighting & Electrical,Lighting,Lamps & Bulbs,4174878,576751,576751 65W Led BR30 Med 3pk,-- Unbranded --,-- No Unilog Brand --,Philips,Phillips Lighting (5831),Phillips Lighting,Philips,,576751,,Lighting & Electrical>Lighting>Lamps & Fixtures,"Phillips Lighting, Lamps & Bulb, 576751",LAMPS & BULB,Philips 576751 Lamps & Bulb,Philips Lamps & Bulb,Lamps & Bulb,,,,,,,,,,,,,,,,,,,,,,,,,,,Lamps & Bulb,Model,576751,,,,,,,,,,,,,,,,,,,,,,,,,,,,,,,,,,,,,,,,,,,,,,,,,,,,,,,,,,,,,,,,,,,,,,,,,,,,,,,,,,,,,,,,,,,,,,,,,,,,,,,,,,,,,,,,,,,,,,,,,,,,,,,,,,,,,,,,,,,,,,,,,,,,,,,,,,,,,,,,,,,,,,,,Philips_576751.jpg,,,,,,,,,Philips_576751_Specification_Sheet.pdf,,,,,,,,,,,,,,,,,,No
,,,,,,63278194,Lighting & Electrical,Lighting,Lamps & Bulbs,1278194,583161,583161 Led 65W Med BR30 3pk,-- Unbranded --,-- No Unilog Brand --,Philips,Phillips Lighting (5831),Phillips Lighting,Philips,,583161,,Lighting & Electrical>Lighting>Lamps & Fixtures,"Phillips Lighting, Lamps & Bulb, 583161",LAMPS & BULB,Philips 583161 Lamps & Bulb,Philips Lamps & Bulb,Lamps & Bulb,,,,,,,,,,,,,,,,,,,,,,,,,,,Lamps & Bulb,Model,583161,,,,,,,,,,,,,,,,,,,,,,,,,,,,,,,,,,,,,,,,,,,,,,,,,,,,,,,,,,,,,,,,,,,,,,,,,,,,,,,,,,,,,,,,,,,,,,,,,,,,,,,,,,,,,,,,,,,,,,,,,,,,,,,,,,,,,,,,,,,,,,,,,,,,,,,,,,,,,,,,,,,,,,,,Philips_583161.jpg,,,,,,,,,Philips_583161_Specification_Sheet.pdf,,,,,,,,,,,,,,,,,,No
,,,,,,71577237,Lighting & Electrical,Lighting,Lamps & Bulbs,9577237,566695,566695 60W Led Med 27k 3pk,-- Unbranded --,-- No Unilog Brand --,Philips,Phillips Lighting (5831),Phillips Lighting,Philips,,566695,,Lighting & Electrical>Lighting>Lamps & Fixtures,"Phillips Lighting, Lamps & Bulb, 566695",LAMPS & BULB,Philips 566695 Lamps & Bulb,Philips Lamps & Bulb,Lamps & Bulb,,,,,,,,,,,,,,,,,,,,,,,,,,,Lamps & Bulb,Model,566695,,,,,,,,,,,,,,,,,,,,,,,,,,,,,,,,,,,,,,,,,,,,,,,,,,,,,,,,,,,,,,,,,,,,,,,,,,,,,,,,,,,,,,,,,,,,,,,,,,,,,,,,,,,,,,,,,,,,,,,,,,,,,,,,,,,,,,,,,,,,,,,,,,,,,,,,,,,,,,,,,,,,,,,,Philips_566695.jpg,,,,,,,,,Philips_566695_Specification_Sheet.pdf,,,,,,,,,,,,,,,,,,No
,,,,,,22526253,Lighting & Electrical,Lighting,Lamps & Bulbs,5526253,577007,577007 125W Led Med 30k Flood,-- Unbranded --,-- No Unilog Brand --,Philips,Phillips Lighting (5831),Phillips Lighting,Philips,,577007,,Lighting & Electrical>Lighting>Lamps & Fixtures,"Phillips Lighting, Lamps & Bulb, 577007",LAMPS & BULB,Philips 577007 Lamps & Bulb,Philips Lamps & Bulb,Lamps & Bulb,,,,,,,,,,,,,,,,,,,,,,,,,,,Lamps & Bulb,Model,577007,,,,,,,,,,,,,,,,,,,,,,,,,,,,,,,,,,,,,,,,,,,,,,,,,,,,,,,,,,,,,,,,,,,,,,,,,,,,,,,,,,,,,,,,,,,,,,,,,,,,,,,,,,,,,,,,,,,,,,,,,,,,,,,,,,,,,,,,,,,,,,,,,,,,,,,,,,,,,,,,,,,,,,,,Philips_577007.jpg,,,,,,,,,Philips_577007_Specification_Sheet.pdf,,,,,,,,,,,,,,,,,,No
,,,,,,81607772,Lighting & Electrical,Lighting,Lamps & Bulbs,1607772,566653,566653 25W Led Cand 27k 3pk,-- Unbranded --,-- No Unilog Brand --,Philips,Phillips Lighting (5831),Phillips Lighting,Philips,,566653,,Lighting & Electrical>Lighting>Lamps & Fixtures,"Phillips Lighting, Lamps & Bulb, 566653",LAMPS & BULB,Philips 566653 Lamps & Bulb,Philips Lamps & Bulb,Lamps & Bulb,,,,,,,,,,,,,,,,,,,,,,,,,,,Lamps & Bulb,Model,566653,,,,,,,,,,,,,,,,,,,,,,,,,,,,,,,,,,,,,,,,,,,,,,,,,,,,,,,,,,,,,,,,,,,,,,,,,,,,,,,,,,,,,,,,,,,,,,,,,,,,,,,,,,,,,,,,,,,,,,,,,,,,,,,,,,,,,,,,,,,,,,,,,,,,,,,,,,,,,,,,,,,,,,,,Philips_566653.jpg,,,,,,,,,Philips_566653_Specification_Sheet.pdf,,,,,,,,,,,,,,,,,,No
,,,,,,89675443,Lighting & Electrical,Lighting,Lamps & Bulbs,9675443,566679,566679 40W Led Med 27k 3pk,-- Unbranded --,-- No Unilog Brand --,Philips,Phillips Lighting (5831),Phillips Lighting,Philips,,566679,,Lighting & Electrical>Lighting>Lamps & Fixtures,"Phillips Lighting, Lamps & Bulb, 566679",LAMPS & BULB,Philips 566679 Lamps & Bulb,Philips Lamps & Bulb,Lamps & Bulb,,,,,,,,,,,,,,,,,,,,,,,,,,,Lamps & Bulb,Model,566679,,,,,,,,,,,,,,,,,,,,,,,,,,,,,,,,,,,,,,,,,,,,,,,,,,,,,,,,,,,,,,,,,,,,,,,,,,,,,,,,,,,,,,,,,,,,,,,,,,,,,,,,,,,,,,,,,,,,,,,,,,,,,,,,,,,,,,,,,,,,,,,,,,,,,,,,,,,,,,,,,,,,,,,,Philips_566679.jpg,,,,,,,,,Philips_566679_Specification_Sheet.pdf,,,,,,,,,,,,,,,,,,No
,,,,,,91972544,Lighting & Electrical,Lighting,Lamps & Bulbs,2972544,573311,573311 60W Led Med 27k 2pk,-- Unbranded --,-- No Unilog Brand --,Philips,Phillips Lighting (5831),Phillips Lighting,Philips,,573311,,Lighting & Electrical>Lighting>Lamps & Fixtures,"Phillips Lighting, Lamps & Bulb, 573311",LAMPS & BULB,Philips 573311 Lamps & Bulb,Philips Lamps & Bulb,Lamps & Bulb,,,,,,,,,,,,,,,,,,,,,,,,,,,Lamps & Bulb,Model,573311,,,,,,,,,,,,,,,,,,,,,,,,,,,,,,,,,,,,,,,,,,,,,,,,,,,,,,,,,,,,,,,,,,,,,,,,,,,,,,,,,,,,,,,,,,,,,,,,,,,,,,,,,,,,,,,,,,,,,,,,,,,,,,,,,,,,,,,,,,,,,,,,,,,,,,,,,,,,,,,,,,,,,,,,Philips_573311.jpg,,,,,,,,,Philips_573311_Specification_Sheet.pdf,,,,,,,,,,,,,,,,,,No
,,,,,,48141963,Lighting & Electrical,Lighting,Lamps & Bulbs,4141963,573394,573394 60W Led Cand 27k 2pk,-- Unbranded --,-- No Unilog Brand --,Philips,Phillips Lighting (5831),Phillips Lighting,Philips,,573394,,Lighting & Electrical>Lighting>Lamps & Fixtures,"Phillips Lighting, Lamps & Bulb, 573394",LAMPS & BULB,Philips 573394 Lamps & Bulb,Philips Lamps & Bulb,Lamps & Bulb,,,,,,,,,,,,,,,,,,,,,,,,,,,Lamps & Bulb,Model,573394,,,,,,,,,,,,,,,,,,,,,,,,,,,,,,,,,,,,,,,,,,,,,,,,,,,,,,,,,,,,,,,,,,,,,,,,,,,,,,,,,,,,,,,,,,,,,,,,,,,,,,,,,,,,,,,,,,,,,,,,,,,,,,,,,,,,,,,,,,,,,,,,,,,,,,,,,,,,,,,,,,,,,,,,Philips_573394.jpg,,,,,,,,,Philips_573394_Specification_Sheet.pdf,,,,,,,,,,,,,,,,,,No
,,,,,,45245866,Lighting & Electrical,Lighting,Lamps & Bulbs,1245866,573329,573329 60W Cand Led 27k 2pk,-- Unbranded --,-- No Unilog Brand --,Philips,Phillips Lighting (5831),Phillips Lighting,Philips,,573329,,Lighting & Electrical>Lighting>Lamps & Fixtures,"Phillips Lighting, Lamps & Bulb, 573329",LAMPS & BULB,Philips 573329 Lamps & Bulb,Philips Lamps & Bulb,Lamps & Bulb,,,,,,,,,,,,,,,,,,,,,,,,,,,Lamps & Bulb,Model,573329,,,,,,,,,,,,,,,,,,,,,,,,,,,,,,,,,,,,,,,,,,,,,,,,,,,,,,,,,,,,,,,,,,,,,,,,,,,,,,,,,,,,,,,,,,,,,,,,,,,,,,,,,,,,,,,,,,,,,,,,,,,,,,,,,,,,,,,,,,,,,,,,,,,,,,,,,,,,,,,,,,,,,,,,Philips_573329.jpg,,,,,,,,,Philips_573329_Specification_Sheet.pdf,,,,,,,,,,,,,,,,,,No
,,,,,,30590030,Lighting & Electrical,Lighting,Lamps & Bulbs,4590030,564930,564930 40W Cand Led 50k 3pk,-- Unbranded --,-- No Unilog Brand --,Philips,Phillips Lighting (5831),Phillips Lighting,Philips,,564930,,Lighting & Electrical>Lighting>Lamps & Fixtures,"Phillips Lighting, Lamps & Bulb, 564930",LAMPS & BULB,Philips 564930 Lamps & Bulb,Philips Lamps & Bulb,Lamps & Bulb,,,,,,,,,,,,,,,,,,,,,,,,,,,Lamps & Bulb,Model,564930,,,,,,,,,,,,,,,,,,,,,,,,,,,,,,,,,,,,,,,,,,,,,,,,,,,,,,,,,,,,,,,,,,,,,,,,,,,,,,,,,,,,,,,,,,,,,,,,,,,,,,,,,,,,,,,,,,,,,,,,,,,,,,,,,,,,,,,,,,,,,,,,,,,,,,,,,,,,,,,,,,,,,,,,Philips_564930.jpg,,,,,,,,,Philips_564930_Specification_Sheet.pdf,,,,,,,,,,,,,,,,,,No
,,,,,,71865228,Lighting & Electrical,Lighting,Lamps & Bulbs,9865228,565000,565000 60W Led Med 27k 2pk,-- Unbranded --,-- No Unilog Brand --,Philips,Phillips Lighting (5831),Phillips Lighting,Philips,,565000,,Lighting & Electrical>Lighting>Lamps & Fixtures,"Phillips Lighting, Lamps & Bulb, 565000",LAMPS & BULB,Philips 565000 Lamps & Bulb,Philips Lamps & Bulb,Lamps & Bulb,,,,,,,,,,,,,,,,,,,,,,,,,,,Lamps & Bulb,Model,565000,,,,,,,,,,,,,,,,,,,,,,,,,,,,,,,,,,,,,,,,,,,,,,,,,,,,,,,,,,,,,,,,,,,,,,,,,,,,,,,,,,,,,,,,,,,,,,,,,,,,,,,,,,,,,,,,,,,,,,,,,,,,,,,,,,,,,,,,,,,,,,,,,,,,,,,,,,,,,,,,,,,,,,,,Philips_565000.jpg,,,,,,,,,Philips_565000_Specification_Sheet.pdf,,,,,,,,,,,,,,,,,,No
,,,,,,30740653,Lighting & Electrical,Lighting,Lamps & Bulbs,4740653,564922,564922 60W Led BA11 50k 3pk,-- Unbranded --,-- No Unilog Brand --,Philips,Phillips Lighting (5831),Phillips Lighting,Philips,,564922,,Lighting & Electrical>Lighting>Lamps & Fixtures,"Phillips Lighting, Lamps & Bulb, 564922",LAMPS & BULB,Philips 564922 Lamps & Bulb,Philips Lamps & Bulb,Lamps & Bulb,,,,,,,,,,,,,,,,,,,,,,,,,,,Lamps & Bulb,Model,564922,,,,,,,,,,,,,,,,,,,,,,,,,,,,,,,,,,,,,,,,,,,,,,,,,,,,,,,,,,,,,,,,,,,,,,,,,,,,,,,,,,,,,,,,,,,,,,,,,,,,,,,,,,,,,,,,,,,,,,,,,,,,,,,,,,,,,,,,,,,,,,,,,,,,,,,,,,,,,,,,,,,,,,,,Philips_564922.jpg,,,,,,,,,Philips_564922_Specification_Sheet.pdf,,,,,,,,,,,,,,,,,,No
,,,,,,97486631,Lighting & Electrical,Lighting,Lamps & Bulbs,8486631,573295,573295 40W Led Med 27k 2pk,-- Unbranded --,-- No Unilog Brand --,Philips,Phillips Lighting (5831),Phillips Lighting,Philips,,573295,,Lighting & Electrical>Lighting>Lamps & Fixtures,"Phillips Lighting, Lamps & Bulb, 573295",LAMPS & BULB,Philips 573295 Lamps & Bulb,Philips Lamps & Bulb,Lamps & Bulb,,,,,,,,,,,,,,,,,,,,,,,,,,,Lamps & Bulb,Model,573295,,,,,,,,,,,,,,,,,,,,,,,,,,,,,,,,,,,,,,,,,,,,,,,,,,,,,,,,,,,,,,,,,,,,,,,,,,,,,,,,,,,,,,,,,,,,,,,,,,,,,,,,,,,,,,,,,,,,,,,,,,,,,,,,,,,,,,,,,,,,,,,,,,,,,,,,,,,,,,,,,,,,,,,,Philips_573295.jpg,,,,,,,,,Philips_573295_Specification_Sheet.pdf,,,,,,,,,,,,,,,,,,No
,,,,,,29964737,Lighting & Electrical,Lighting,Lamps & Bulbs,3964737,564914,564914 60W Med Led 50k 2pk,-- Unbranded --,-- No Unilog Brand --,Philips,Phillips Lighting (5831),Phillips Lighting,Philips,,564914,,Lighting & Electrical>Lighting>Lamps & Fixtures,"Phillips Lighting, Lamps & Bulb, 564914",LAMPS & BULB,Philips 564914 Lamps & Bulb,Philips Lamps & Bulb,Lamps & Bulb,,,,,,,,,,,,,,,,,,,,,,,,,,,Lamps & Bulb,Model,564914,,,,,,,,,,,,,,,,,,,,,,,,,,,,,,,,,,,,,,,,,,,,,,,,,,,,,,,,,,,,,,,,,,,,,,,,,,,,,,,,,,,,,,,,,,,,,,,,,,,,,,,,,,,,,,,,,,,,,,,,,,,,,,,,,,,,,,,,,,,,,,,,,,,,,,,,,,,,,,,,,,,,,,,,Philips_564914.jpg,,,,,,,,,Philips_564914_Specification_Sheet.pdf,,,,,,,,,,,,,,,,,,No
,,,,,,35555348,Lighting & Electrical,Lighting,Lamps & Bulbs,9555348,573485,573485 60W Led A19 Med 50k 2pk,-- Unbranded --,-- No Unilog Brand --,Philips,Phillips Lighting (5831),Phillips Lighting,Philips,,573485,,Lighting & Electrical>Lighting>Lamps & Fixtures,"Phillips Lighting, Lamps & Bulb, 573485",LAMPS & BULB,Philips 573485 Lamps & Bulb,Philips Lamps & Bulb,Lamps & Bulb,,,,,,,,,,,,,,,,,,,,,,,,,,,Lamps & Bulb,Model,573485,,,,,,,,,,,,,,,,,,,,,,,,,,,,,,,,,,,,,,,,,,,,,,,,,,,,,,,,,,,,,,,,,,,,,,,,,,,,,,,,,,,,,,,,,,,,,,,,,,,,,,,,,,,,,,,,,,,,,,,,,,,,,,,,,,,,,,,,,,,,,,,,,,,,,,,,,,,,,,,,,,,,,,,,Philips_573485.jpg,,,,,,,,,Philips_573485_Specification_Sheet.pdf,,,,,,,,,,,,,,,,,,No
,,,,,,68209986,Lighting & Electrical,Lighting,Lamps & Bulbs,6209986,573337,573337 40W Led G25 Med 50k 2pk,-- Unbranded --,-- No Unilog Brand --,Philips,Phillips Lighting (5831),Phillips Lighting,Philips,,573337,,Lighting & Electrical>Lighting>Lamps & Fixtures,"Phillips Lighting, Lamps & Bulb, 573337",LAMPS & BULB,Philips 573337 Lamps & Bulb,Philips Lamps & Bulb,Lamps & Bulb,,,,,,,,,,,,,,,,,,,,,,,,,,,Lamps & Bulb,Model,573337,,,,,,,,,,,,,,,,,,,,,,,,,,,,,,,,,,,,,,,,,,,,,,,,,,,,,,,,,,,,,,,,,,,,,,,,,,,,,,,,,,,,,,,,,,,,,,,,,,,,,,,,,,,,,,,,,,,,,,,,,,,,,,,,,,,,,,,,,,,,,,,,,,,,,,,,,,,,,,,,,,,,,,,,Philips_573337.jpg,,,,,,,,,Philips_573337_Specification_Sheet.pdf,,,,,,,,,,,,,,,,,,No
,,,,,,37382968,Lighting & Electrical,Lighting,Lamps & Bulbs,2382968,544874,544874 32W Led T8 UBulb 40k,-- Unbranded --,-- No Unilog Brand --,Philips,Phillips Lighting (5831),Phillips Lighting,Philips,,544874,,Lighting & Electrical>Lighting>Lamps & Fixtures,"Phillips Lighting, Lamps & Bulb, 544874",LAMPS & BULB,Philips 544874 Lamps & Bulb,Philips Lamps & Bulb,Lamps & Bulb,,,,,,,,,,,,,,,,,,,,,,,,,,,Lamps & Bulb,Model,544874,,,,,,,,,,,,,,,,,,,,,,,,,,,,,,,,,,,,,,,,,,,,,,,,,,,,,,,,,,,,,,,,,,,,,,,,,,,,,,,,,,,,,,,,,,,,,,,,,,,,,,,,,,,,,,,,,,,,,,,,,,,,,,,,,,,,,,,,,,,,,,,,,,,,,,,,,,,,,,,,,,,,,,,,Philips_544874.jpg,,,,,,,,,Philips_544874_Specification_Sheet.pdf,,,,,,,,,,,,,,,,,,No
,,,,,,54679172,Lighting & Electrical,Lighting,Lamps & Bulbs,1679172,570846,570846 50W Led Med 22K 2pk,-- Unbranded --,-- No Unilog Brand --,Philips,Phillips Lighting (5831),Phillips Lighting,Philips,,570846,,Lighting & Electrical>Lighting>Lamps & Fixtures,"Phillips Lighting, Lamps & Bulb, 570846",LAMPS & BULB,Philips 570846 Lamps & Bulb,Philips Lamps & Bulb,Lamps & Bulb,,,,,,,,,,,,,,,,,,,,,,,,,,,Lamps & Bulb,Model,570846,,,,,,,,,,,,,,,,,,,,,,,,,,,,,,,,,,,,,,,,,,,,,,,,,,,,,,,,,,,,,,,,,,,,,,,,,,,,,,,,,,,,,,,,,,,,,,,,,,,,,,,,,,,,,,,,,,,,,,,,,,,,,,,,,,,,,,,,,,,,,,,,,,,,,,,,,,,,,,,,,,,,,,,,Philips_570846.jpg,,,,,,,,,Philips_570846_Specification_Sheet.pdf,,,,,,,,,,,,,,,,,,No
,,,,,,40341914,Lighting & Electrical,Lighting,Lamps & Bulbs,5341914,565473,565473 60W Led A19 Bulb 2pk,-- Unbranded --,-- No Unilog Brand --,Philips,Phillips Lighting (5831),Phillips Lighting,Philips,,565473,,Lighting & Electrical>Lighting>Lamps & Fixtures,"Phillips Lighting, Lamps & Bulb, 565473",LAMPS & BULB,Philips 565473 Lamps & Bulb,Philips Lamps & Bulb,Lamps & Bulb,,,,,,,,,,,,,,,,,,,,,,,,,,,Lamps & Bulb,Model,565473,,,,,,,,,,,,,,,,,,,,,,,,,,,,,,,,,,,,,,,,,,,,,,,,,,,,,,,,,,,,,,,,,,,,,,,,,,,,,,,,,,,,,,,,,,,,,,,,,,,,,,,,,,,,,,,,,,,,,,,,,,,,,,,,,,,,,,,,,,,,,,,,,,,,,,,,,,,,,,,,,,,,,,,,Philips_565473.jpg,,,,,,,,,Philips_565473_Specification_Sheet.pdf,,,,,,,,,,,,,,,,,,No
,,,,,,60892169,Lighting & Electrical,Lighting,Lamps & Bulbs,7892169,573402,573402 60W Led Med 50k 2pk,-- Unbranded --,-- No Unilog Brand --,Philips,Phillips Lighting (5831),Phillips Lighting,Philips,,573402,,Lighting & Electrical>Lighting>Lamps & Fixtures,"Phillips Lighting, Lamps & Bulb, 573402",LAMPS & BULB,Philips 573402 Lamps & Bulb,Philips Lamps & Bulb,Lamps & Bulb,,,,,,,,,,,,,,,,,,,,,,,,,,,Lamps & Bulb,Model,573402,,,,,,,,,,,,,,,,,,,,,,,,,,,,,,,,,,,,,,,,,,,,,,,,,,,,,,,,,,,,,,,,,,,,,,,,,,,,,,,,,,,,,,,,,,,,,,,,,,,,,,,,,,,,,,,,,,,,,,,,,,,,,,,,,,,,,,,,,,,,,,,,,,,,,,,,,,,,,,,,,,,,,,,,Philips_573402.jpg,,,,,,,,,Philips_573402_Specification_Sheet.pdf,,,,,,,,,,,,,,,,,,No
,,,,,,47844028,Lighting & Electrical,Lighting,Lamps & Bulbs,3844028,573352,573352 40W Led Med 27k 2pk,-- Unbranded --,-- No Unilog Brand --,Philips,Phillips Lighting (5831),Phillips Lighting,Philips,,573352,,Lighting & Electrical>Lighting>Lamps & Fixtures,"Phillips Lighting, Lamps & Bulb, 573352",LAMPS & BULB,Philips 573352 Lamps & Bulb,Philips Lamps & Bulb,Lamps & Bulb,,,,,,,,,,,,,,,,,,,,,,,,,,,Lamps & Bulb,Model,573352,,,,,,,,,,,,,,,,,,,,,,,,,,,,,,,,,,,,,,,,,,,,,,,,,,,,,,,,,,,,,,,,,,,,,,,,,,,,,,,,,,,,,,,,,,,,,,,,,,,,,,,,,,,,,,,,,,,,,,,,,,,,,,,,,,,,,,,,,,,,,,,,,,,,,,,,,,,,,,,,,,,,,,,,Philips_573352.jpg,,,,,,,,,Philips_573352_Specification_Sheet.pdf,,,,,,,,,,,,,,,,,,No
,,,,,,34210486,Lighting & Electrical,Lighting,Lamps & Bulbs,8210486,573428,573428 40W Med Led 50k 2pk,-- Unbranded --,-- No Unilog Brand --,Philips,Phillips Lighting (5831),Phillips Lighting,Philips,,573428,,Lighting & Electrical>Lighting>Lamps & Fixtures,"Phillips Lighting, Lamps & Bulb, 573428",LAMPS & BULB,Philips 573428 Lamps & Bulb,Philips Lamps & Bulb,Lamps & Bulb,,,,,,,,,,,,,,,,,,,,,,,,,,,Lamps & Bulb,Model,573428,,,,,,,,,,,,,,,,,,,,,,,,,,,,,,,,,,,,,,,,,,,,,,,,,,,,,,,,,,,,,,,,,,,,,,,,,,,,,,,,,,,,,,,,,,,,,,,,,,,,,,,,,,,,,,,,,,,,,,,,,,,,,,,,,,,,,,,,,,,,,,,,,,,,,,,,,,,,,,,,,,,,,,,,Philips_573428.jpg,,,,,,,,,Philips_573428_Specification_Sheet.pdf,,,,,,,,,,,,,,,,,,No
,,,,,,40086025,Lighting & Electrical,Lighting,Lamps & Bulbs,5086025,573386,573386 60W Led Med 27k 2pk,-- Unbranded --,-- No Unilog Brand --,Philips,Phillips Lighting (5831),Phillips Lighting,Philips,,573386,,Lighting & Electrical>Lighting>Lamps & Fixtures,"Phillips Lighting, Lamps & Bulb, 573386",LAMPS & BULB,Philips 573386 Lamps & Bulb,Philips Lamps & Bulb,Lamps & Bulb,,,,,,,,,,,,,,,,,,,,,,,,,,,Lamps & Bulb,Model,573386,,,,,,,,,,,,,,,,,,,,,,,,,,,,,,,,,,,,,,,,,,,,,,,,,,,,,,,,,,,,,,,,,,,,,,,,,,,,,,,,,,,,,,,,,,,,,,,,,,,,,,,,,,,,,,,,,,,,,,,,,,,,,,,,,,,,,,,,,,,,,,,,,,,,,,,,,,,,,,,,,,,,,,,,Philips_573386.jpg,,,,,,,,,Philips_573386_Specification_Sheet.pdf,,,,,,,,,,,,,,,,,,No
,,,,,,22206652,Lighting & Electrical,Lighting,Lamps & Bulbs,5206652,564948,564948 40W Led Med 50k 3pk,-- Unbranded --,-- No Unilog Brand --,Philips,Phillips Lighting (5831),Phillips Lighting,Philips,,564948,,Lighting & Electrical>Lighting>Lamps & Fixtures,"Phillips Lighting, Lamps & Bulb, 564948",LAMPS & BULB,Philips 564948 Lamps & Bulb,Philips Lamps & Bulb,Lamps & Bulb,,,,,,,,,,,,,,,,,,,,,,,,,,,Lamps & Bulb,Model,564948,,,,,,,,,,,,,,,,,,,,,,,,,,,,,,,,,,,,,,,,,,,,,,,,,,,,,,,,,,,,,,,,,,,,,,,,,,,,,,,,,,,,,,,,,,,,,,,,,,,,,,,,,,,,,,,,,,,,,,,,,,,,,,,,,,,,,,,,,,,,,,,,,,,,,,,,,,,,,,,,,,,,,,,,Philips_564948.jpg,,,,,,,,,Philips_564948_Specification_Sheet.pdf,,,,,,,,,,,,,,,,,,No
,,,,,,99408187,Lighting & Electrical,Lighting,Lamps & Bulbs,1408187,573303,573303 40W Led Cand 27k 2pk,-- Unbranded --,-- No Unilog Brand --,Philips,Phillips Lighting (5831),Phillips Lighting,Philips,,573303,,Lighting & Electrical>Lighting>Lamps & Fixtures,"Phillips Lighting, Lamps & Bulb, 573303",LAMPS & BULB,Philips 573303 Lamps & Bulb,Philips Lamps & Bulb,Lamps & Bulb,,,,,,,,,,,,,,,,,,,,,,,,,,,Lamps & Bulb,Model,573303,,,,,,,,,,,,,,,,,,,,,,,,,,,,,,,,,,,,,,,,,,,,,,,,,,,,,,,,,,,,,,,,,,,,,,,,,,,,,,,,,,,,,,,,,,,,,,,,,,,,,,,,,,,,,,,,,,,,,,,,,,,,,,,,,,,,,,,,,,,,,,,,,,,,,,,,,,,,,,,,,,,,,,,,Philips_573303.jpg,,,,,,,,,Philips_573303_Specification_Sheet.pdf,,,,,,,,,,,,,,,,,,No
,,,,,,38017060,Lighting & Electrical,Lighting,Lamps & Bulbs,3017060,573188,573188 250W Led Par38 Med 50k,-- Unbranded --,-- No Unilog Brand --,Philips,Phillips Lighting (5831),Phillips Lighting,Philips,,573188,,Lighting & Electrical>Lighting>Lamps & Fixtures,"Phillips Lighting, Lamps & Bulb, 573188",LAMPS & BULB,Philips 573188 Lamps & Bulb,Philips Lamps & Bulb,Lamps & Bulb,,,,,,,,,,,,,,,,,,,,,,,,,,,Lamps & Bulb,Model,573188,,,,,,,,,,,,,,,,,,,,,,,,,,,,,,,,,,,,,,,,,,,,,,,,,,,,,,,,,,,,,,,,,,,,,,,,,,,,,,,,,,,,,,,,,,,,,,,,,,,,,,,,,,,,,,,,,,,,,,,,,,,,,,,,,,,,,,,,,,,,,,,,,,,,,,,,,,,,,,,,,,,,,,,,Philips_573188.jpg,,,,,,,,,Philips_573188_Specification_Sheet.pdf,,,,,,,,,,,,,,,,,,No
,,,,,,48613403,Lighting & Electrical,Lighting,Lamps & Bulbs,4613403,573469,573469 40W Led A19 Med 50k 2pk,-- Unbranded --,-- No Unilog Brand --,Philips,Phillips Lighting (5831),Phillips Lighting,Philips,,573469,,Lighting & Electrical>Lighting>Lamps & Fixtures,"Phillips Lighting, Lamps & Bulb, 573469",LAMPS & BULB,Philips 573469 Lamps & Bulb,Philips Lamps & Bulb,Lamps & Bulb,,,,,,,,,,,,,,,,,,,,,,,,,,,Lamps & Bulb,Model,573469,,,,,,,,,,,,,,,,,,,,,,,,,,,,,,,,,,,,,,,,,,,,,,,,,,,,,,,,,,,,,,,,,,,,,,,,,,,,,,,,,,,,,,,,,,,,,,,,,,,,,,,,,,,,,,,,,,,,,,,,,,,,,,,,,,,,,,,,,,,,,,,,,,,,,,,,,,,,,,,,,,,,,,,,Philips_573469.jpg,,,,,,,,,Philips_573469_Specification_Sheet.pdf,,,,,,,,,,,,,,,,,,No
,,,,,,56876624,Lighting & Electrical,Lighting,Lamps & Bulbs,3876624,565671,565671 25W Led Med 20K,-- Unbranded --,-- No Unilog Brand --,Philips,Phillips Lighting (5831),Phillips Lighting,Philips,,565671,,Lighting & Electrical>Lighting>Lamps & Fixtures,"Phillips Lighting, Lamps & Bulb, 565671",LAMPS & BULB,Philips 565671 Lamps & Bulb,Philips Lamps & Bulb,Lamps & Bulb,,,,,,,,,,,,,,,,,,,,,,,,,,,Lamps & Bulb,Model,565671,,,,,,,,,,,,,,,,,,,,,,,,,,,,,,,,,,,,,,,,,,,,,,,,,,,,,,,,,,,,,,,,,,,,,,,,,,,,,,,,,,,,,,,,,,,,,,,,,,,,,,,,,,,,,,,,,,,,,,,,,,,,,,,,,,,,,,,,,,,,,,,,,,,,,,,,,,,,,,,,,,,,,,,,Philips_565671.jpg,,,,,,,,,Philips_565671_Specification_Sheet.pdf,,,,,,,,,,,,,,,,,,No
,,,,,,99360454,Lighting & Electrical,Lighting,Lamps & Bulbs,1360454,573204,573204 75W Led Par20 Med 50k,-- Unbranded --,-- No Unilog Brand --,Philips,Phillips Lighting (5831),Phillips Lighting,Philips,,573204,,Lighting & Electrical>Lighting>Lamps & Fixtures,"Phillips Lighting, Lamps & Bulb, 573204",LAMPS & BULB,Philips 573204 Lamps & Bulb,Philips Lamps & Bulb,Lamps & Bulb,,,,,,,,,,,,,,,,,,,,,,,,,,,Lamps & Bulb,Model,573204,,,,,,,,,,,,,,,,,,,,,,,,,,,,,,,,,,,,,,,,,,,,,,,,,,,,,,,,,,,,,,,,,,,,,,,,,,,,,,,,,,,,,,,,,,,,,,,,,,,,,,,,,,,,,,,,,,,,,,,,,,,,,,,,,,,,,,,,,,,,,,,,,,,,,,,,,,,,,,,,,,,,,,,,Philips_573204.jpg,,,,,,,,,Philips_573204_Specification_Sheet.pdf,,,,,,,,,,,,,,,,,,No
,,,,,,96474672,Lighting & Electrical,Lighting,Lamps & Bulbs,7474672,581199,581199 60W Led Med 2pk,-- Unbranded --,-- No Unilog Brand --,Philips,Phillips Lighting (5831),Phillips Lighting,Philips,,581199,,Lighting & Electrical>Lighting>Lamps & Fixtures,"Phillips Lighting, Lamps & Bulb, 581199",LAMPS & BULB,Philips 581199 Lamps & Bulb,Philips Lamps & Bulb,Lamps & Bulb,,,,,,,,,,,,,,,,,,,,,,,,,,,Lamps & Bulb,Model,581199,,,,,,,,,,,,,,,,,,,,,,,,,,,,,,,,,,,,,,,,,,,,,,,,,,,,,,,,,,,,,,,,,,,,,,,,,,,,,,,,,,,,,,,,,,,,,,,,,,,,,,,,,,,,,,,,,,,,,,,,,,,,,,,,,,,,,,,,,,,,,,,,,,,,,,,,,,,,,,,,,,,,,,,,Philips_581199.jpg,,,,,,,,,Philips_581199_Specification_Sheet.pdf,,,,,,,,,,,,,,,,,,No
,,,,,,11491255,Lighting & Electrical,Lighting,Lamps & Bulbs,3491255,565887,565887 60W Led Med 20k,-- Unbranded --,-- No Unilog Brand --,Philips,Phillips Lighting (5831),Phillips Lighting,Philips,,565887,,Lighting & Electrical>Lighting>Lamps & Fixtures,"Phillips Lighting, Lamps & Bulb, 565887",LAMPS & BULB,Philips 565887 Lamps & Bulb,Philips Lamps & Bulb,Lamps & Bulb,,,,,,,,,,,,,,,,,,,,,,,,,,,Lamps & Bulb,Model,565887,,,,,,,,,,,,,,,,,,,,,,,,,,,,,,,,,,,,,,,,,,,,,,,,,,,,,,,,,,,,,,,,,,,,,,,,,,,,,,,,,,,,,,,,,,,,,,,,,,,,,,,,,,,,,,,,,,,,,,,,,,,,,,,,,,,,,,,,,,,,,,,,,,,,,,,,,,,,,,,,,,,,,,,,Philips_565887.jpg,,,,,,,,,Philips_565887_Specification_Sheet.pdf,,,,,,,,,,,,,,,,,,No
,,,,,,31973558,Lighting & Electrical,Lighting,Lamps & Bulbs,5973558,586867,586867 60W Led Med 27K,-- Unbranded --,-- No Unilog Brand --,Philips,Phillips Lighting (5831),Phillips Lighting,Philips,,586867,,Lighting & Electrical>Lighting>Lamps & Fixtures,"Phillips Lighting, Lamps & Bulb, 586867",LAMPS & BULB,Philips 586867 Lamps & Bulb,Philips Lamps & Bulb,Lamps & Bulb,,,,,,,,,,,,,,,,,,,,,,,,,,,Lamps & Bulb,Model,586867,,,,,,,,,,,,,,,,,,,,,,,,,,,,,,,,,,,,,,,,,,,,,,,,,,,,,,,,,,,,,,,,,,,,,,,,,,,,,,,,,,,,,,,,,,,,,,,,,,,,,,,,,,,,,,,,,,,,,,,,,,,,,,,,,,,,,,,,,,,,,,,,,,,,,,,,,,,,,,,,,,,,,,,,Philips_586867.jpg,,,,,,,,,Philips_586867_Specification_Sheet.pdf,,,,,,,,,,,,,,,,,,No
,,,,,,63257385,Lighting & Electrical,Lighting,Lamps & Bulbs,1257385,568451,5686451 50W Led Med 50k 2pk,-- Unbranded --,-- No Unilog Brand --,Philips,Phillips Lighting (5831),Phillips Lighting,Philips,,568451,,Lighting & Electrical>Lighting>Lamps & Fixtures,"Phillips Lighting, Lamps & Bulb, 568451",LAMPS & BULB,Philips 568451 Lamps & Bulb,Philips Lamps & Bulb,Lamps & Bulb,,,,,,,,,,,,,,,,,,,,,,,,,,,Lamps & Bulb,Model,568451,,,,,,,,,,,,,,,,,,,,,,,,,,,,,,,,,,,,,,,,,,,,,,,,,,,,,,,,,,,,,,,,,,,,,,,,,,,,,,,,,,,,,,,,,,,,,,,,,,,,,,,,,,,,,,,,,,,,,,,,,,,,,,,,,,,,,,,,,,,,,,,,,,,,,,,,,,,,,,,,,,,,,,,,Philips_568451.jpg,,,,,,,,,Philips_568451_Specification_Sheet.pdf,,,,,,,,,,,,,,,,,,No
,,,,,,78807453,Lighting & Electrical,Lighting,Lamps & Bulbs,7807453,568444,568444 90W Led Par38 50k 2pk,-- Unbranded --,-- No Unilog Brand --,Philips,Phillips Lighting (5831),Phillips Lighting,Philips,,568444,,Lighting & Electrical>Lighting>Lamps & Fixtures,"Phillips Lighting, Lamps & Bulb, 568444",LAMPS & BULB,Philips 568444 Lamps & Bulb,Philips Lamps & Bulb,Lamps & Bulb,,,,,,,,,,,,,,,,,,,,,,,,,,,Lamps & Bulb,Model,568444,,,,,,,,,,,,,,,,,,,,,,,,,,,,,,,,,,,,,,,,,,,,,,,,,,,,,,,,,,,,,,,,,,,,,,,,,,,,,,,,,,,,,,,,,,,,,,,,,,,,,,,,,,,,,,,,,,,,,,,,,,,,,,,,,,,,,,,,,,,,,,,,,,,,,,,,,,,,,,,,,,,,,,,,Philips_568444.jpg,,,,,,,,,Philips_568444_Specification_Sheet.pdf,,,,,,,,,,,,,,,,,,No
,,,,,,64132544,Lighting & Electrical,Lighting,Lamps & Bulbs,2132544,573196,573196 75W Led Med 30K,-- Unbranded --,-- No Unilog Brand --,Philips,Phillips Lighting (5831),Phillips Lighting,Philips,,573196,,Lighting & Electrical>Lighting>Lamps & Fixtures,"Phillips Lighting, Lamps & Bulb, 573196",LAMPS & BULB,Philips 573196 Lamps & Bulb,Philips Lamps & Bulb,Lamps & Bulb,,,,,,,,,,,,,,,,,,,,,,,,,,,Lamps & Bulb,Model,573196,,,,,,,,,,,,,,,,,,,,,,,,,,,,,,,,,,,,,,,,,,,,,,,,,,,,,,,,,,,,,,,,,,,,,,,,,,,,,,,,,,,,,,,,,,,,,,,,,,,,,,,,,,,,,,,,,,,,,,,,,,,,,,,,,,,,,,,,,,,,,,,,,,,,,,,,,,,,,,,,,,,,,,,,Philips_573196.jpg,,,,,,,,,Philips_573196_Specification_Sheet.pdf,,,,,,,,,,,,,,,,,,No
,,,,,,84768936,Lighting & Electrical,Lighting,Lamps & Bulbs,4768936,564500,564500 75W Adj Base 50k 3pk,-- Unbranded --,-- No Unilog Brand --,Philips,Phillips Lighting (5831),Phillips Lighting,Philips,,564500,,Lighting & Electrical>Lighting>Lamps & Fixtures,"Phillips Lighting, Lamps & Bulb, 564500",LAMPS & BULB,Philips 564500 Lamps & Bulb,Philips Lamps & Bulb,Lamps & Bulb,,,,,,,,,,,,,,,,,,,,,,,,,,,Lamps & Bulb,Model,564500,,,,,,,,,,,,,,,,,,,,,,,,,,,,,,,,,,,,,,,,,,,,,,,,,,,,,,,,,,,,,,,,,,,,,,,,,,,,,,,,,,,,,,,,,,,,,,,,,,,,,,,,,,,,,,,,,,,,,,,,,,,,,,,,,,,,,,,,,,,,,,,,,,,,,,,,,,,,,,,,,,,,,,,,Philips_564500.jpg,,,,,,,,,Philips_564500_Specification_Sheet.pdf,,,,,,,,,,,,,,,,,,No
,,,,,,47638113,Lighting & Electrical,Lighting,Lamps & Bulbs,3638113,571513,571513 40/60/100 Led Med 27k,-- Unbranded --,-- No Unilog Brand --,Philips,Phillips Lighting (5831),Phillips Lighting,Philips,,571513,,Lighting & Electrical>Lighting>Lamps & Fixtures,"Phillips Lighting, Lamps & Bulb, 571513",LAMPS & BULB,Philips 571513 Lamps & Bulb,Philips Lamps & Bulb,Lamps & Bulb,,,,,,,,,,,,,,,,,,,,,,,,,,,Lamps & Bulb,Model,571513,,,,,,,,,,,,,,,,,,,,,,,,,,,,,,,,,,,,,,,,,,,,,,,,,,,,,,,,,,,,,,,,,,,,,,,,,,,,,,,,,,,,,,,,,,,,,,,,,,,,,,,,,,,,,,,,,,,,,,,,,,,,,,,,,,,,,,,,,,,,,,,,,,,,,,,,,,,,,,,,,,,,,,,,Philips_571513.jpg,,,,,,,,,Philips_571513_Specification_Sheet.pdf,,,,,,,,,,,,,,,,,,No
,,,,,,30126576,Lighting & Electrical,Lighting,Lamps & Bulbs,4126576,588566,588566 40W Led Med 55k 3pk,-- Unbranded --,-- No Unilog Brand --,Philips,Phillips Lighting (5831),Phillips Lighting,Philips,,588566,,Lighting & Electrical>Lighting>Lamps & Fixtures,"Phillips Lighting, Lamps & Bulb, 588566",LAMPS & BULB,Philips 588566 Lamps & Bulb,Philips Lamps & Bulb,Lamps & Bulb,,,,,,,,,,,,,,,,,,,,,,,,,,,Lamps & Bulb,Model,588566,,,,,,,,,,,,,,,,,,,,,,,,,,,,,,,,,,,,,,,,,,,,,,,,,,,,,,,,,,,,,,,,,,,,,,,,,,,,,,,,,,,,,,,,,,,,,,,,,,,,,,,,,,,,,,,,,,,,,,,,,,,,,,,,,,,,,,,,,,,,,,,,,,,,,,,,,,,,,,,,,,,,,,,,Philips_588566.jpg,,,,,,,,,Philips_588566_Specification_Sheet.pdf,,,,,,,,,,,,,,,,,,No
,,,,,,90376489,Lighting & Electrical,Lighting,Lamps & Bulbs,1376489,565655,565655 25W Led A15 Med 20k,-- Unbranded --,-- No Unilog Brand --,Philips,Phillips Lighting (5831),Phillips Lighting,Philips,,565655,,Lighting & Electrical>Lighting>Lamps & Fixtures,"Phillips Lighting, Lamps & Bulb, 565655",LAMPS & BULB,Philips 565655 Lamps & Bulb,Philips Lamps & Bulb,Lamps & Bulb,,,,,,,,,,,,,,,,,,,,,,,,,,,Lamps & Bulb,Model,565655,,,,,,,,,,,,,,,,,,,,,,,,,,,,,,,,,,,,,,,,,,,,,,,,,,,,,,,,,,,,,,,,,,,,,,,,,,,,,,,,,,,,,,,,,,,,,,,,,,,,,,,,,,,,,,,,,,,,,,,,,,,,,,,,,,,,,,,,,,,,,,,,,,,,,,,,,,,,,,,,,,,,,,,,Philips_565655.jpg,,,,,,,,,Philips_565655_Specification_Sheet.pdf,,,,,,,,,,,,,,,,,,No
,,,,,,43109012,Lighting & Electrical,Lighting,Lamps & Bulbs,8109012,565812,565812 60W Med Led 50k,-- Unbranded --,-- No Unilog Brand --,Philips,Phillips Lighting (5831),Phillips Lighting,Philips,,565812,,Lighting & Electrical>Lighting>Lamps & Fixtures,"Phillips Lighting, Lamps & Bulb, 565812",LAMPS & BULB,Philips 565812 Lamps & Bulb,Philips Lamps & Bulb,Lamps & Bulb,,,,,,,,,,,,,,,,,,,,,,,,,,,Lamps & Bulb,Model,565812,,,,,,,,,,,,,,,,,,,,,,,,,,,,,,,,,,,,,,,,,,,,,,,,,,,,,,,,,,,,,,,,,,,,,,,,,,,,,,,,,,,,,,,,,,,,,,,,,,,,,,,,,,,,,,,,,,,,,,,,,,,,,,,,,,,,,,,,,,,,,,,,,,,,,,,,,,,,,,,,,,,,,,,,Philips_565812.jpg,,,,,,,,,Philips_565812_Specification_Sheet.pdf,,,,,,,,,,,,,,,,,,No
,,,,,,49450840,Lighting & Electrical,Lighting,Lamps & Bulbs,5450840,586917,586917 40W Led Cand 27K 2pk,-- Unbranded --,-- No Unilog Brand --,Philips,Phillips Lighting (5831),Phillips Lighting,Philips,,586917,,Lighting & Electrical>Lighting>Lamps & Fixtures,"Phillips Lighting, Lamps & Bulb, 586917",LAMPS & BULB,Philips 586917 Lamps & Bulb,Philips Lamps & Bulb,Lamps & Bulb,,,,,,,,,,,,,,,,,,,,,,,,,,,Lamps & Bulb,Model,586917,,,,,,,,,,,,,,,,,,,,,,,,,,,,,,,,,,,,,,,,,,,,,,,,,,,,,,,,,,,,,,,,,,,,,,,,,,,,,,,,,,,,,,,,,,,,,,,,,,,,,,,,,,,,,,,,,,,,,,,,,,,,,,,,,,,,,,,,,,,,,,,,,,,,,,,,,,,,,,,,,,,,,,,,Philips_586917.jpg,,,,,,,,,Philips_586917_Specification_Sheet.pdf,,,,,,,,,,,,,,,,,,No
,,,,,,50278620,Lighting & Electrical,Lighting,Lamps & Bulbs,6278620,46719,49719 Wall Light Motion Wh,-- Unbranded --,-- No Unilog Brand --,-- No DIB Brand --,Maxsa Innovations (MAXIN),Maxsa Innovations,Maxsa Innovations,,46719,,Lighting & Electrical>Lighting>Lamps & Fixtures,"Maxsa Innovations, Lamps & Bulb, 46719, Wall Mounting",LAMPS & BULB WALL,"Maxsa Innovations 46719 Lamps & Bulb, Wall Mounting","Maxsa Innovations Lamps & Bulb, Wall Mounting","Lamps & Bulb, Wall Mounting",,,,,,,,,,,,,,,,,,,,,,,,,,,Lamps & Bulb,Model,46719,,Mounting Type,Wall,,,,,,,,,,,,,,,,,,,,,,,,,,,,,,,,,,,,,,,,,,,,,,,,,,,,,,,,,,,,,,,,,,,,,,,,,,,,,,,,,,,,,,,,,,,,,,,,,,,,,,,,,,,,,,,,,,,,,,,,,,,,,,,,,,,,,,,,,,,,,,,,,,,,,,,,,,,,,,,,,,,,,Maxsa_Innovations_46719.jpg,,,,,,,,,Maxsa_Innovations_46719_Specification_Sheet.pdf,,,,,,,,,,,,,,,,,,No
,,,,,,16529041,Lighting & Electrical,Lighting,Lamps & Bulbs,8529041,59061BSL,59061BSL Kichler Ext Wall Lt,-- Unbranded --,-- No Unilog Brand --,-- No DIB Brand --,Kichler Lighting (KICLI),Kichler Lighting,Kichler Lighting,,59061BSL,,Lighting & Electrical>Lighting>Lamps & Fixtures,"Kichler Lighting, Lamps & Bulb, 59061BSL, Wall Mounting",LAMPS & BULB WALL,"Kichler Lighting 59061BSL Lamps & Bulb, Wall Mounting","Kichler Lighting Lamps & Bulb, Wall Mounting","Lamps & Bulb, Wall Mounting",,,,,,,,,,,,,,,,,,,,,,,,,,,Lamps & Bulb,Model,59061BSL,,Mounting Type,Wall,,,,,,,,,,,,,,,,,,,,,,,,,,,,,,,,,,,,,,,,,,,,,,,,,,,,,,,,,,,,,,,,,,,,,,,,,,,,,,,,,,,,,,,,,,,,,,,,,,,,,,,,,,,,,,,,,,,,,,,,,,,,,,,,,,,,,,,,,,,,,,,,,,,,,,,,,,,,,,,,,,,,,Kichler_Lighting_59061BSL.jpg,,,,,,,,,Kichler_Lighting_59061BSL_Specification_Sheet.pdf,,,,,,,,,,,,,,,,,,No
,,,,,,67547579,Lighting & Electrical,Lighting,Lamps & Bulbs,5547579,59062BSL,59062BSL Kichler Ext Wall Lt,-- Unbranded --,-- No Unilog Brand --,-- No DIB Brand --,Kichler Lighting (KICLI),Kichler Lighting,Kichler Lighting,,59062BSL,,Lighting & Electrical>Lighting>Lamps & Fixtures,"Kichler Lighting, Lamps & Bulb, 59062BSL, Wall Mounting",LAMPS & BULB WALL,"Kichler Lighting 59062BSL Lamps & Bulb, Wall Mounting","Kichler Lighting Lamps & Bulb, Wall Mounting","Lamps & Bulb, Wall Mounting",,,,,,,,,,,,,,,,,,,,,,,,,,,Lamps & Bulb,Model,59062BSL,,Mounting Type,Wall,,,,,,,,,,,,,,,,,,,,,,,,,,,,,,,,,,,,,,,,,,,,,,,,,,,,,,,,,,,,,,,,,,,,,,,,,,,,,,,,,,,,,,,,,,,,,,,,,,,,,,,,,,,,,,,,,,,,,,,,,,,,,,,,,,,,,,,,,,,,,,,,,,,,,,,,,,,,,,,,,,,,,Kichler_Lighting_59062BSL.jpg,,,,,,,,,Kichler_Lighting_59062BSL_Specification_Sheet.pdf,,,,,,,,,,,,,,,,,,No
,,,,,,41716760,Lighting & Electrical,Lighting,Lamps & Bulbs,6716760,59124BKT,59124BKT Kichler Ext Wall Lt,-- Unbranded --,-- No Unilog Brand --,-- No DIB Brand --,Kichler Lighting (KICLI),Kichler Lighting,Kichler Lighting,,59124BKT,,Lighting & Electrical>Lighting>Lamps & Fixtures,"Kichler Lighting, Lamps & Bulb, 59124BKT, Wall Mounting",LAMPS & BULB WALL,"Kichler Lighting 59124BKT Lamps & Bulb, Wall Mounting","Kichler Lighting Lamps & Bulb, Wall Mounting","Lamps & Bulb, Wall Mounting",,,,,,,,,,,,,,,,,,,,,,,,,,,Lamps & Bulb,Model,59124BKT,,Mounting Type,Wall,,,,,,,,,,,,,,,,,,,,,,,,,,,,,,,,,,,,,,,,,,,,,,,,,,,,,,,,,,,,,,,,,,,,,,,,,,,,,,,,,,,,,,,,,,,,,,,,,,,,,,,,,,,,,,,,,,,,,,,,,,,,,,,,,,,,,,,,,,,,,,,,,,,,,,,,,,,,,,,,,,,,,Kichler_Lighting_59124BKT.jpg,,,,,,,,,Kichler_Lighting_59124BKT_Specification_Sheet.pdf,,,,,,,,,,,,,,,,,,No
,,,,,,68545642,Lighting & Electrical,Lighting,Lamps & Bulbs,6545642,59025BK,59025BK Kichler Post Lt,-- Unbranded --,-- No Unilog Brand --,-- No DIB Brand --,Kichler Lighting (KICLI),Kichler Lighting,Kichler Lighting,,59025BK,,Lighting & Electrical>Lighting>Lamps & Fixtures,"Kichler Lighting, Lamps & Bulb, 59025BK",LAMPS & BULB,Kichler Lighting 59025BK Lamps & Bulb,Kichler Lighting Lamps & Bulb,Lamps & Bulb,,,,,,,,,,,,,,,,,,,,,,,,,,,Lamps & Bulb,Model,59025BK,,,,,,,,,,,,,,,,,,,,,,,,,,,,,,,,,,,,,,,,,,,,,,,,,,,,,,,,,,,,,,,,,,,,,,,,,,,,,,,,,,,,,,,,,,,,,,,,,,,,,,,,,,,,,,,,,,,,,,,,,,,,,,,,,,,,,,,,,,,,,,,,,,,,,,,,,,,,,,,,,,,,,,,,Kichler_Lighting_59025BK.jpg,,,,,,,,,Kichler_Lighting_59025BK_Specification_Sheet.pdf,,,,,,,,,,,,,,,,,,No
,,,,,,10011244,Lighting & Electrical,Lighting,Lamps & Bulbs,2011244,DCL183,Dewalt DCL183 Light - Rechargeable,-- Unbranded --,-- No Unilog Brand --,DEWALT,Black & Decker/dewlt (2585),Black & Decker/dewlt,DEWALT®,,DCL183,,Lighting & Electrical>Lighting>Lamps & Fixtures,"Black & Decker/dewlt, Lamps & Bulb, DCL183",LAMPS & BULB,DEWALT® DCL183 Lamps & Bulb,DEWALT® Lamps & Bulb,Lamps & Bulb,,,,,,,,,,,,,,,,,,,,,,,,,,,Lamps & Bulb,Model,DCL183,,,,,,,,,,,,,,,,,,,,,,,,,,,,,,,,,,,,,,,,,,,,,,,,,,,,,,,,,,,,,,,,,,,,,,,,,,,,,,,,,,,,,,,,,,,,,,,,,,,,,,,,,,,,,,,,,,,,,,,,,,,,,,,,,,,,,,,,,,,,,,,,,,,,,,,,,,,,,,,,,,,,,,,,DEWALT_DCL183.jpg,,,,,,,,,DEWALT_DCL183_Specification_Sheet.pdf,,,,,,,,,,,,,,,,,,No
,,,,,,70608619,Lighting & Electrical,Lighting,Lamps & Bulbs,8608619,73020,73020 Nano Clip Light Bk,-- Unbranded --,-- No Unilog Brand --,-- No DIB Brand --,Streamlight (7277),Streamlight,Streamlight,,73020,,Lighting & Electrical>Lighting>Lamps & Fixtures,"Streamlight, Lamps & Bulb, 73020",LAMPS & BULB,Streamlight 73020 Lamps & Bulb,Streamlight Lamps & Bulb,Lamps & Bulb,,,,,,,,,,,,,,,,,,,,,,,,,,,Lamps & Bulb,Model,73020,,,,,,,,,,,,,,,,,,,,,,,,,,,,,,,,,,,,,,,,,,,,,,,,,,,,,,,,,,,,,,,,,,,,,,,,,,,,,,,,,,,,,,,,,,,,,,,,,,,,,,,,,,,,,,,,,,,,,,,,,,,,,,,,,,,,,,,,,,,,,,,,,,,,,,,,,,,,,,,,,,,,,,,,Streamlight_73020.jpg,,,,,,,,,Streamlight_73020_Specification_Sheet.pdf,,,,,,,,,,,,,,,,,,No
,,,,,,18646673,Tools & Industrial Hardware,Industrial Maintenance,General Supplies,1646673,NEB-FLT-1021,NEBFLT1021 Slyde King FlashLt,-- Unbranded --,-- No Unilog Brand --,-- No DIB Brand --,ACG Brands (1154),ACG Brands,ACG Brands,,NEB-FLT-1021,,Tools & Industrial Hardware>Industrial Maintenance>General Supplies,"ACG Brands, General Supplie, NEB-FLT-1021",GENERAL SUPPLIE,ACG Brands NEB-FLT-1021 General Supplie,ACG Brands General Supplie,General Supplie,,,,,,,,,,,,,,,,,,,,,,,,,,,General Supplie,Model,NEB-FLT-1021,,,,,,,,,,,,,,,,,,,,,,,,,,,,,,,,,,,,,,,,,,,,,,,,,,,,,,,,,,,,,,,,,,,,,,,,,,,,,,,,,,,,,,,,,,,,,,,,,,,,,,,,,,,,,,,,,,,,,,,,,,,,,,,,,,,,,,,,,,,,,,,,,,,,,,,,,,,,,,,,,,,,,,,,ACG_Brands_NEB-FLT-1021.jpg,,,,,,,,,ACG_Brands_NEB-FLT-1021_Specification_Sheet.pdf,,,,,,,,,,,,,,,,,,No
,,,,,,67810560,Lighting & Electrical,Lighting,Lamps & Bulbs,5810560,NEB-FLT-0053,NEBFLT0053 2600L Flash Light,-- Unbranded --,-- No Unilog Brand --,-- No DIB Brand --,ACG Brands (1154),ACG Brands,ACG Brands,,NEB-FLT-0053,,Lighting & Electrical>Lighting>Lamps & Fixtures,"ACG Brands, Lamps & Bulb, NEB-FLT-0053",LAMPS & BULB,ACG Brands NEB-FLT-0053 Lamps & Bulb,ACG Brands Lamps & Bulb,Lamps & Bulb,,,,,,,,,,,,,,,,,,,,,,,,,,,Lamps & Bulb,Model,NEB-FLT-0053,,,,,,,,,,,,,,,,,,,,,,,,,,,,,,,,,,,,,,,,,,,,,,,,,,,,,,,,,,,,,,,,,,,,,,,,,,,,,,,,,,,,,,,,,,,,,,,,,,,,,,,,,,,,,,,,,,,,,,,,,,,,,,,,,,,,,,,,,,,,,,,,,,,,,,,,,,,,,,,,,,,,,,,,ACG_Brands_NEB-FLT-0053.jpg,,,,,,,,,ACG_Brands_NEB-FLT-0053_Specification_Sheet.pdf,,,,,,,,,,,,,,,,,,No
,,,,,,43615559,Lighting & Electrical,Lighting,Lamps & Bulbs,8615559,97708,97708 Police 800L Headlight,-- Unbranded --,-- No Unilog Brand --,Police Security,Police Security (9470),Police Security,Police Security,,97708,,Lighting & Electrical>Lighting>Lamps & Fixtures,"Police Security, Lamps & Bulb, 97708",LAMPS & BULB,Police Security 97708 Lamps & Bulb,Police Security Lamps & Bulb,Lamps & Bulb,,,,,,,,,,,,,,,,,,,,,,,,,,,Lamps & Bulb,Model,97708,,,,,,,,,,,,,,,,,,,,,,,,,,,,,,,,,,,,,,,,,,,,,,,,,,,,,,,,,,,,,,,,,,,,,,,,,,,,,,,,,,,,,,,,,,,,,,,,,,,,,,,,,,,,,,,,,,,,,,,,,,,,,,,,,,,,,,,,,,,,,,,,,,,,,,,,,,,,,,,,,,,,,,,,Police_Security_97708.jpg,,,,,,,,,Police_Security_97708_Specification_Sheet.pdf,,,,,,,,,,,,,,,,,,No
,,,,,,67415951,Lighting & Electrical,Lighting,Lamps & Bulbs,5415951,WORK6000XLTPPLUG,6000L Twin Head Work Light,-- Unbranded --,-- No Unilog Brand --,Feit Electric,Feit Electric (3468),Feit Electric,Feit Electric,,WORK6000XLTPPLUG,,Lighting & Electrical>Lighting>Lamps & Fixtures,"Feit Electric, Lamps & Bulb, WORK6000XLTPPLUG",LAMPS & BULB,Feit Electric WORK6000XLTPPLUG Lamps & Bulb,Feit Electric Lamps & Bulb,Lamps & Bulb,,,,,,,,,,,,,,,,,,,,,,,,,,,Lamps & Bulb,Model,WORK6000XLTPPLUG,,,,,,,,,,,,,,,,,,,,,,,,,,,,,,,,,,,,,,,,,,,,,,,,,,,,,,,,,,,,,,,,,,,,,,,,,,,,,,,,,,,,,,,,,,,,,,,,,,,,,,,,,,,,,,,,,,,,,,,,,,,,,,,,,,,,,,,,,,,,,,,,,,,,,,,,,,,,,,,,,,,,,,,,Feit_Electric_WORK6000XLTPPLUG.jpg,,,,,,,,,Feit_Electric_WORK6000XLTPPLUG_Specification_Sheet.pdf,,,,,,,,,,,,,,,,,,No
,,,,,,36406514,Tools & Industrial Hardware,Industrial Maintenance,General Supplies,1406514,HOM2040M200PRB,HOM2040M200PRB 200A Load Cntr,-- Unbranded --,-- No Unilog Brand --,-- No DIB Brand --,Square D Con Prod Dv (6825),Square D Con Prod Dv,Square D Con Prod Dv,,HOM2040M200PRB,,Tools & Industrial Hardware>Industrial Maintenance>General Supplies,"Square D Con Prod Dv, General Supplie, HOM2040M200PRB",GENERAL SUPPLIE 200A,Square D Con Prod Dv HOM2040M200PRB General Supplie,"Square D Con Prod Dv General Supplie, 200 A",General Supplie,,,,,,,,,,,,,,,,,,,,,,,,,,,General Supplie,Model,HOM2040M200PRB,,Amperage Rating,200,A,,,,,,,,,,,,,,,,,,,,,,,,,,,,,,,,,,,,,,,,,,,,,,,,,,,,,,,,,,,,,,,,,,,,,,,,,,,,,,,,,,,,,,,,,,,,,,,,,,,,,,,,,,,,,,,,,,,,,,,,,,,,,,,,,,,,,,,,,,,,,,,,,,,,,,,,,,,,,,,,,,,,Square_D_Con_Prod_Dv_HOM2040M200PRB.jpg,,,,,,,,,Square_D_Con_Prod_Dv_HOM2040M200PRB_Specification_Sheet.pdf,,,,,,,,,,,,,,,,,,No
,,,,,,61205274,Tools & Industrial Hardware,Industrial Maintenance,General Supplies,8205274,HOM3060L225PGC,HOM3060L225PGC 225 Load Center,-- Unbranded --,-- No Unilog Brand --,Square D,Square D Con Prod Dv (6825),Square D Con Prod Dv,Square D,,HOM3060L225PGC,,Tools & Industrial Hardware>Industrial Maintenance>General Supplies,"Square D Con Prod Dv, General Supplie, HOM3060L225PGC",GENERAL SUPPLIE,Square D HOM3060L225PGC General Supplie,Square D General Supplie,General Supplie,,,,,,,,,,,,,,,,,,,,,,,,,,,General Supplie,Model,HOM3060L225PGC,,,,,,,,,,,,,,,,,,,,,,,,,,,,,,,,,,,,,,,,,,,,,,,,,,,,,,,,,,,,,,,,,,,,,,,,,,,,,,,,,,,,,,,,,,,,,,,,,,,,,,,,,,,,,,,,,,,,,,,,,,,,,,,,,,,,,,,,,,,,,,,,,,,,,,,,,,,,,,,,,,,,,,,,Square_D_HOM3060L225PGC.jpg,,,,,,,,,Square_D_HOM3060L225PGC_Specification_Sheet.pdf,,,,,,,,,,,,,,,,,,No
,,,,,,11774976,Tools & Industrial Hardware,Industrial Maintenance,General Supplies,3774976,QO612L100RBCP,QO612L100RBCP 100A Load Center,-- Unbranded --,-- No Unilog Brand --,Square D,Square D Con Prod Dv (6825),Square D Con Prod Dv,Square D,,QO612L100RBCP,,Tools & Industrial Hardware>Industrial Maintenance>General Supplies,"Square D Con Prod Dv, General Supplie, QO612L100RBCP",GENERAL SUPPLIE 100A,Square D QO612L100RBCP General Supplie,"Square D General Supplie, 100 A",General Supplie,,,,,,,,,,,,,,,,,,,,,,,,,,,General Supplie,Model,QO612L100RBCP,,Amperage Rating,100,A,,,,,,,,,,,,,,,,,,,,,,,,,,,,,,,,,,,,,,,,,,,,,,,,,,,,,,,,,,,,,,,,,,,,,,,,,,,,,,,,,,,,,,,,,,,,,,,,,,,,,,,,,,,,,,,,,,,,,,,,,,,,,,,,,,,,,,,,,,,,,,,,,,,,,,,,,,,,,,,,,,,,Square_D_QO612L100RBCP.jpg,,,,,,,,,Square_D_QO612L100RBCP_Specification_Sheet.pdf,,,,,,,,,,,,,,,,,,No
,,,,,,34716221,Lighting & Electrical,Electrical Controls,Wiring Devices & Switches,8716221,13093005,4/0 Aluminum Entrance Cable (Linear Foot),-- Unbranded --,-- No Unilog Brand --,-- No DIB Brand --,Southwire/g Turner (6603),Southwire/g Turner,Southwire/g Turner,,13093005,,Lighting & Electrical>Electrical Controls>Wiring Devices,"Southwire/g Turner, Wiring Devices & Switche, 13093005",WIRING DEVICES & SWITCHE ALUM,"Southwire/g Turner 13093005 Wiring Devices & Switche, Aluminum","Southwire/g Turner Wiring Devices & Switche, Aluminum","Wiring Devices & Switche, Aluminum",,,,,,,,,,,,,,,,,,,,,,,,,,,Wiring Devices & Switche,Model,13093005,,Material,Aluminum,,Color,Aluminum,,,,,,,,,,,,,,,,,,,,,,,,,,,,,,,,,,,,,,,,,,,,,,,,,,,,,,,,,,,,,,,,,,,,,,,,,,,,,,,,,,,,,,,,,,,,,,,,,,,,,,,,,,,,,,,,,,,,,,,,,,,,,,,,,,,,,,,,,,,,,,,,,,,,,,,,,,,,,,,,,,Southwire/g_Turner_13093005.jpg,,,,,,,,,Southwire/g_Turner_13093005_Specification_Sheet.pdf,,,,,,,,,,,,,,,,,,No
,,,,,,10592200,Tools & Industrial Hardware,Industrial Maintenance,General Supplies,2592200,12-4 SO,12-4 SO Cord (Linear Foot),-- Unbranded --,-- No Unilog Brand --,-- No DIB Brand --,-,,,,12-4 SO,,Tools & Industrial Hardware>Industrial Maintenance>General Supplies,", General Supplie, 12-4 SO",GENERAL SUPPLIE,12-4 SO General Supplie,General Supplie,General Supplie,,,,,,,,,,,,,,,,,,,,,,,,,,,General Supplie,Model,12-4 SO,,,,,,,,,,,,,,,,,,,,,,,,,,,,,,,,,,,,,,,,,,,,,,,,,,,,,,,,,,,,,,,,,,,,,,,,,,,,,,,,,,,,,,,,,,,,,,,,,,,,,,,,,,,,,,,,,,,,,,,,,,,,,,,,,,,,,,,,,,,,,,,,,,,,,,,,,,,,,,,,,,,,,,,,PRODUCT_12-4 SO.jpg,,,,,,,,,PRODUCT_12-4 SO_Specification_Sheet.pdf,,,,,,,,,,,,,,,,,,No
,,,,,,27341616,Lighting & Electrical,Electrical Controls,Wiring Devices & Switches,1341616,96263-46-06,96263-46-06 CAT5E Wire (Linear Foot),-- Unbranded --,-- No Unilog Brand --,-- No DIB Brand --,Woods Wire Southwire (7579),Woods Wire Southwire,Woods Wire Southwire,,96263-46-06,,Lighting & Electrical>Electrical Controls>Wiring Devices,"Woods Wire Southwire, Wiring Devices & Switche, 96263-46-06",WIRING DEVICES & SWITCHE,Woods Wire Southwire 96263-46-06 Wiring Devices & Switche,Woods Wire Southwire Wiring Devices & Switche,Wiring Devices & Switche,,,,,,,,,,,,,,,,,,,,,,,,,,,Wiring Devices & Switche,Model,96263-46-06,,,,,,,,,,,,,,,,,,,,,,,,,,,,,,,,,,,,,,,,,,,,,,,,,,,,,,,,,,,,,,,,,,,,,,,,,,,,,,,,,,,,,,,,,,,,,,,,,,,,,,,,,,,,,,,,,,,,,,,,,,,,,,,,,,,,,,,,,,,,,,,,,,,,,,,,,,,,,,,,,,,,,,,,Woods_Wire_Southwire_96263-46-06.jpg,,,,,,,,,Woods_Wire_Southwire_96263-46-06_Specification_Sheet.pdf,,,,,,,,,,,,,,,,,,No
,,,,,,96024804,Lighting & Electrical,Electrical Controls,Wiring Devices & Switches,7024804,R50003-ID,16-2 Stranded Wire CL3 500' (Linear Foot),-- Unbranded --,-- No Unilog Brand --,-- No DIB Brand --,Southwire/g Turner (6603),Southwire/g Turner,Southwire/g Turner,,R50003-ID,,Lighting & Electrical>Electrical Controls>Wiring Devices,"Southwire/g Turner, Wiring Devices & Switche, R50003-ID",WIRING DEVICES & SWITCHE,Southwire/g Turner R50003-ID Wiring Devices & Switche,Southwire/g Turner Wiring Devices & Switche,Wiring Devices & Switche,,,,,,,,,,,,,,,,,,,,,,,,,,,Wiring Devices & Switche,Model,R50003-ID,,,,,,,,,,,,,,,,,,,,,,,,,,,,,,,,,,,,,,,,,,,,,,,,,,,,,,,,,,,,,,,,,,,,,,,,,,,,,,,,,,,,,,,,,,,,,,,,,,,,,,,,,,,,,,,,,,,,,,,,,,,,,,,,,,,,,,,,,,,,,,,,,,,,,,,,,,,,,,,,,,,,,,,,Southwire/g_Turner_R50003-ID.jpg,,,,,,,,,Southwire/g_Turner_R50003-ID_Specification_Sheet.pdf,,,,,,,,,,,,,,,,,,No
,,,,,,68866902,Lighting & Electrical,Electrical Controls,Wiring Devices & Switches,6866902,10-4 SO,10-4 SO Cord (Linear Foot),-- Unbranded --,-- No Unilog Brand --,-- No DIB Brand --,Southwire/g Turner (6603),Southwire/g Turner,Southwire/g Turner,,10-4 SO,,Lighting & Electrical>Electrical Controls>Wiring Devices,"Southwire/g Turner, Wiring Devices & Switche, 10-4 SO",WIRING DEVICES & SWITCHE,Southwire/g Turner 10-4 SO Wiring Devices & Switche,Southwire/g Turner Wiring Devices & Switche,Wiring Devices & Switche,,,,,,,,,,,,,,,,,,,,,,,,,,,Wiring Devices & Switche,Model,10-4 SO,,,,,,,,,,,,,,,,,,,,,,,,,,,,,,,,,,,,,,,,,,,,,,,,,,,,,,,,,,,,,,,,,,,,,,,,,,,,,,,,,,,,,,,,,,,,,,,,,,,,,,,,,,,,,,,,,,,,,,,,,,,,,,,,,,,,,,,,,,,,,,,,,,,,,,,,,,,,,,,,,,,,,,,,Southwire/g_Turner_10-4 SO.jpg,,,,,,,,,Southwire/g_Turner_10-4 SO_Specification_Sheet.pdf,,,,,,,,,,,,,,,,,,No
,,,,,,25524084,Lighting & Electrical,Electrical Controls,Wiring Devices & Switches,8524084,23346-0408,23346-0408 Wire 16/3 SJEWA 250 (Linear Foot),-- Unbranded --,-- No Unilog Brand --,-- No DIB Brand --,-,,,,23346-0408,,Lighting & Electrical>Electrical Controls>Wiring Devices,", Wiring Devices & Switche, 23346-0408",WIRING DEVICES & SWITCHE,23346-0408 Wiring Devices & Switche,Wiring Devices & Switche,Wiring Devices & Switche,,,,,,,,,,,,,,,,,,,,,,,,,,,Wiring Devices & Switche,Model,23346-0408,,,,,,,,,,,,,,,,,,,,,,,,,,,,,,,,,,,,,,,,,,,,,,,,,,,,,,,,,,,,,,,,,,,,,,,,,,,,,,,,,,,,,,,,,,,,,,,,,,,,,,,,,,,,,,,,,,,,,,,,,,,,,,,,,,,,,,,,,,,,,,,,,,,,,,,,,,,,,,,,,,,,,,,,PRODUCT_23346-0408.jpg,,,,,,,,,PRODUCT_23346-0408_Specification_Sheet.pdf,,,,,,,,,,,,,,,,,,No
,,,,,,80283337,Lighting & Electrical,Electrical Controls,Wiring Devices & Switches,9283337,2/2/4 UD ALUM,2/2/4 UD Aluminum Triplex Wire (Linear Foot),-- Unbranded --,-- No Unilog Brand --,-- No DIB Brand --,Southwire/g Turner (6603),Southwire/g Turner,Southwire/g Turner,,2/2/4 UD ALUM,,Lighting & Electrical>Electrical Controls>Wiring Devices,"Southwire/g Turner, Wiring Devices & Switche, 2/2/4 UD ALUM",WIRING DEVICES & SWITCHE ALUM,"Southwire/g Turner 2/2/4 UD ALUM Wiring Devices & Switche, Aluminum","Southwire/g Turner Wiring Devices & Switche, Aluminum","Wiring Devices & Switche, Aluminum",,,,,,,,,,,,,,,,,,,,,,,,,,,Wiring Devices & Switche,Model,2/2/4 UD ALUM,,Material,Aluminum,,Color,Aluminum,,,,,,,,,,,,,,,,,,,,,,,,,,,,,,,,,,,,,,,,,,,,,,,,,,,,,,,,,,,,,,,,,,,,,,,,,,,,,,,,,,,,,,,,,,,,,,,,,,,,,,,,,,,,,,,,,,,,,,,,,,,,,,,,,,,,,,,,,,,,,,,,,,,,,,,,,,,,,,,,,,Southwire/g_Turner_2/2/4 UD ALUM.jpg,,,,,,,,,Southwire/g_Turner_2/2/4 UD ALUM_Specification_Sheet.pdf,,,,,,,,,,,,,,,,,,No
,,,,,,54382349,Lighting & Electrical,Electrical Controls,Wiring Devices & Switches,1382349,55418901,6/6/6 UD Triplex Aluminum Wire,-- Unbranded --,-- No Unilog Brand --,-- No DIB Brand --,Southwire/g Turner (6603),Southwire/g Turner,Southwire/g Turner,,55418901,,Lighting & Electrical>Electrical Controls>Wiring Devices,"Southwire/g Turner, Wiring Devices & Switche, 55418901",WIRING DEVICES & SWITCHE ALUM,"Southwire/g Turner 55418901 Wiring Devices & Switche, Aluminum","Southwire/g Turner Wiring Devices & Switche, Aluminum","Wiring Devices & Switche, Aluminum",,,,,,,,,,,,,,,,,,,,,,,,,,,Wiring Devices & Switche,Model,55418901,,Material,Aluminum,,Color,Aluminum,,,,,,,,,,,,,,,,,,,,,,,,,,,,,,,,,,,,,,,,,,,,,,,,,,,,,,,,,,,,,,,,,,,,,,,,,,,,,,,,,,,,,,,,,,,,,,,,,,,,,,,,,,,,,,,,,,,,,,,,,,,,,,,,,,,,,,,,,,,,,,,,,,,,,,,,,,,,,,,,,,Southwire/g_Turner_55418901.jpg,,,,,,,,,Southwire/g_Turner_55418901_Specification_Sheet.pdf,,,,,,,,,,,,,,,,,,No
,,,,,,80153780,Tools & Industrial Hardware,Industrial Maintenance,General Supplies,9153780,CG50K,"CG50K 1/2"" Cord Grip Kit",-- Unbranded --,-- No Unilog Brand --,-- No DIB Brand --,Fenton Bros Electric Inc (FENBR),Fenton Bros Electric Inc,Fenton Bros Electric Inc,,CG50K,,Tools & Industrial Hardware>Industrial Maintenance>General Supplies,"Fenton Bros Electric Inc, General Supplie, CG50K",GENERAL SUPPLIE,Fenton Bros Electric Inc CG50K General Supplie,Fenton Bros Electric Inc General Supplie,General Supplie,,,,,,,,,,,,,,,,,,,,,,,,,,,General Supplie,Model,CG50K,,,,,,,,,,,,,,,,,,,,,,,,,,,,,,,,,,,,,,,,,,,,,,,,,,,,,,,,,,,,,,,,,,,,,,,,,,,,,,,,,,,,,,,,,,,,,,,,,,,,,,,,,,,,,,,,,,,,,,,,,,,,,,,,,,,,,,,,,,,,,,,,,,,,,,,,,,,,,,,,,,,,,,,,Fenton_Bros_Electric_Inc_CG50K.jpg,,,,,,,,,Fenton_Bros_Electric_Inc_CG50K_Specification_Sheet.pdf,,,,,,,,,,,,,,,,,,No
,,,,,,65639351,Lighting & Electrical,Electrical Controls,Wiring Devices & Switches,3639351,R02-D215P-1RW,R02D215P1RW 15A Mini Outlet Wh,-- Unbranded --,-- No Unilog Brand --,Leviton,Leviton Mfg Co (4927),Leviton Mfg Co,LEVITON®,,R02-D215P-1RW,,Lighting & Electrical>Electrical Controls>Wiring Devices,"Leviton Mfg Co, Wiring Devices & Switche, R02-D215P-1RW",WIRING DEVICES & SWITCHE 15A,LEVITON® R02-D215P-1RW Wiring Devices & Switche,"LEVITON® Wiring Devices & Switche, 15 A",Wiring Devices & Switche,,,,,,,,,,,,,,,,,,,,,,,,,,,Wiring Devices & Switche,Model,R02-D215P-1RW,,Amperage Rating,15,A,,,,,,,,,,,,,,,,,,,,,,,,,,,,,,,,,,,,,,,,,,,,,,,,,,,,,,,,,,,,,,,,,,,,,,,,,,,,,,,,,,,,,,,,,,,,,,,,,,,,,,,,,,,,,,,,,,,,,,,,,,,,,,,,,,,,,,,,,,,,,,,,,,,,,,,,,,,,,,,,,,,,LEVITON_R02-D215P-1RW.jpg,,,,,,,,,LEVITON_R02-D215P-1RW_Specification_Sheet.pdf,,,,,,,,,,,,,,,,,,No
,,,,,,35689064,Lighting & Electrical,Electrical Controls,Wiring Devices & Switches,9689064,PBUC013,PBUC013 15A Wall Tap w/USB,-- Unbranded --,-- No Unilog Brand --,Prime,Prime Wire & Cable (3562),Prime Wire & Cable,Prime,,PBUC013,,Lighting & Electrical>Electrical Controls>Wiring Devices,"Prime Wire & Cable, Wiring Devices & Switche, PBUC013, Wall Mounting",WIRING DEVICES & SWITCHE WALL 15A,"Prime PBUC013 Wiring Devices & Switche, Wall Mounting","Prime Wiring Devices & Switche, 15 A, Wall Mounting","Wiring Devices & Switche, Wall Mounting",,,,,,,,,,,,,,,,,,,,,,,,,,,Wiring Devices & Switche,Model,PBUC013,,Amperage Rating,15,A,Mounting Type,Wall,,,,,,,,,,,,,,,,,,,,,,,,,,,,,,,,,,,,,,,,,,,,,,,,,,,,,,,,,,,,,,,,,,,,,,,,,,,,,,,,,,,,,,,,,,,,,,,,,,,,,,,,,,,,,,,,,,,,,,,,,,,,,,,,,,,,,,,,,,,,,,,,,,,,,,,,,,,,,,,,,,Prime_PBUC013.jpg,,,,,,,,,Prime_PBUC013_Specification_Sheet.pdf,,,,,,,,,,,,,,,,,,No
,,,,,,29020726,Lighting & Electrical,Electrical Controls,Wiring Devices & Switches,3020726,R00-GFNT1-00K,R00GFNT100K 15A Outlet Br,-- Unbranded --,-- No Unilog Brand --,Leviton,Leviton Mfg Co (4927),Leviton Mfg Co,LEVITON®,,R00-GFNT1-00K,,Lighting & Electrical>Electrical Controls>Wiring Devices,"Leviton Mfg Co, Wiring Devices & Switche, R00-GFNT1-00K",WIRING DEVICES & SWITCHE 15A,LEVITON® R00-GFNT1-00K Wiring Devices & Switche,"LEVITON® Wiring Devices & Switche, 15 A",Wiring Devices & Switche,,,,,,,,,,,,,,,,,,,,,,,,,,,Wiring Devices & Switche,Model,R00-GFNT1-00K,,Amperage Rating,15,A,,,,,,,,,,,,,,,,,,,,,,,,,,,,,,,,,,,,,,,,,,,,,,,,,,,,,,,,,,,,,,,,,,,,,,,,,,,,,,,,,,,,,,,,,,,,,,,,,,,,,,,,,,,,,,,,,,,,,,,,,,,,,,,,,,,,,,,,,,,,,,,,,,,,,,,,,,,,,,,,,,,,LEVITON_R00-GFNT1-00K.jpg,,,,,,,,,LEVITON_R00-GFNT1-00K_Specification_Sheet.pdf,,,,,,,,,,,,,,,,,,No
,,,,,,22525807,Lighting & Electrical,Electrical Controls,Wiring Devices & Switches,5525807,R92-GFWT1-0KW,R92GFWT10KW 15A GFCI Outlet Wh,-- Unbranded --,-- No Unilog Brand --,Leviton,Leviton Mfg Co (4927),Leviton Mfg Co,LEVITON®,,R92-GFWT1-0KW,,Lighting & Electrical>Electrical Controls>Wiring Devices,"Leviton Mfg Co, Wiring Devices & Switche, R92-GFWT1-0KW",WIRING DEVICES & SWITCHE 15A,LEVITON® R92-GFWT1-0KW Wiring Devices & Switche,"LEVITON® Wiring Devices & Switche, 15 A",Wiring Devices & Switche,,,,,,,,,,,,,,,,,,,,,,,,,,,Wiring Devices & Switche,Model,R92-GFWT1-0KW,,Amperage Rating,15,A,,,,,,,,,,,,,,,,,,,,,,,,,,,,,,,,,,,,,,,,,,,,,,,,,,,,,,,,,,,,,,,,,,,,,,,,,,,,,,,,,,,,,,,,,,,,,,,,,,,,,,,,,,,,,,,,,,,,,,,,,,,,,,,,,,,,,,,,,,,,,,,,,,,,,,,,,,,,,,,,,,,,LEVITON_R92-GFWT1-0KW.jpg,,,,,,,,,LEVITON_R92-GFWT1-0KW_Specification_Sheet.pdf,,,,,,,,,,,,,,,,,,No
,,,,,,90189682,Tools & Industrial Hardware,Industrial Maintenance,General Supplies,1189682,R12-AGTR1-0KW,R12AGTR10KW 15A GFCI Outler Wh,-- Unbranded --,-- No Unilog Brand --,Leviton,Leviton Mfg Co (4927),Leviton Mfg Co,LEVITON®,,R12-AGTR1-0KW,,Tools & Industrial Hardware>Industrial Maintenance>General Supplies,"Leviton Mfg Co, General Supplie, R12-AGTR1-0KW",GENERAL SUPPLIE 15A,LEVITON® R12-AGTR1-0KW General Supplie,"LEVITON® General Supplie, 15 A",General Supplie,,,,,,,,,,,,,,,,,,,,,,,,,,,General Supplie,Model,R12-AGTR1-0KW,,Amperage Rating,15,A,,,,,,,,,,,,,,,,,,,,,,,,,,,,,,,,,,,,,,,,,,,,,,,,,,,,,,,,,,,,,,,,,,,,,,,,,,,,,,,,,,,,,,,,,,,,,,,,,,,,,,,,,,,,,,,,,,,,,,,,,,,,,,,,,,,,,,,,,,,,,,,,,,,,,,,,,,,,,,,,,,,,LEVITON_R12-AGTR1-0KW.jpg,,,,,,,,,LEVITON_R12-AGTR1-0KW_Specification_Sheet.pdf,,,,,,,,,,,,,,,,,,No
,,,,,,12819580,Lighting & Electrical,Electrical Controls,Wiring Devices & Switches,4819580,R62-GFTA1-0KW,R92GFTA10KW 15A GFCI Outlet Wh,-- Unbranded --,-- No Unilog Brand --,Leviton,Leviton Mfg Co (4927),Leviton Mfg Co,LEVITON®,,R62-GFTA1-0KW,,Lighting & Electrical>Electrical Controls>Wiring Devices,"Leviton Mfg Co, Wiring Devices & Switche, R62-GFTA1-0KW",WIRING DEVICES & SWITCHE 15A,LEVITON® R62-GFTA1-0KW Wiring Devices & Switche,"LEVITON® Wiring Devices & Switche, 15 A",Wiring Devices & Switche,,,,,,,,,,,,,,,,,,,,,,,,,,,Wiring Devices & Switche,Model,R62-GFTA1-0KW,,Amperage Rating,15,A,,,,,,,,,,,,,,,,,,,,,,,,,,,,,,,,,,,,,,,,,,,,,,,,,,,,,,,,,,,,,,,,,,,,,,,,,,,,,,,,,,,,,,,,,,,,,,,,,,,,,,,,,,,,,,,,,,,,,,,,,,,,,,,,,,,,,,,,,,,,,,,,,,,,,,,,,,,,,,,,,,,,LEVITON_R62-GFTA1-0KW.jpg,,,,,,,,,LEVITON_R62-GFTA1-0KW_Specification_Sheet.pdf,,,,,,,,,,,,,,,,,,No
,,,,,,68538417,Tools & Industrial Hardware,Industrial Maintenance,General Supplies,6538417,165-04729-00C,1650472900C 15A 125V Cord Conn,-- Unbranded --,-- No Unilog Brand --,Leviton,Leviton Mfg Co (4927),Leviton Mfg Co,LEVITON®,,165-04729-00C,,Tools & Industrial Hardware>Industrial Maintenance>General Supplies,"Leviton Mfg Co, General Supplie, 165-04729-00C",GENERAL SUPPLIE 125V 15A,LEVITON® 165-04729-00C General Supplie,"LEVITON® General Supplie, 125 V, 15 A",General Supplie,,,,,,,,,,,,,,,,,,,,,,,,,,,General Supplie,Model,165-04729-00C,,Voltage Rating,125,V,Amperage Rating,15,A,,,,,,,,,,,,,,,,,,,,,,,,,,,,,,,,,,,,,,,,,,,,,,,,,,,,,,,,,,,,,,,,,,,,,,,,,,,,,,,,,,,,,,,,,,,,,,,,,,,,,,,,,,,,,,,,,,,,,,,,,,,,,,,,,,,,,,,,,,,,,,,,,,,,,,,,,,,,,,,,,LEVITON_165-04729-00C.jpg,,,,,,,,,LEVITON_165-04729-00C_Specification_Sheet.pdf,,,,,,,,,,,,,,,,,,No
,,,,,,42346536,Tools & Industrial Hardware,Industrial Maintenance,General Supplies,7346536,161-04720-00C,1610472000C 15A 125V Cord Conn,-- Unbranded --,-- No Unilog Brand --,Leviton,Leviton Mfg Co (4927),Leviton Mfg Co,LEVITON®,,161-04720-00C,,Tools & Industrial Hardware>Industrial Maintenance>General Supplies,"Leviton Mfg Co, General Supplie, 161-04720-00C",GENERAL SUPPLIE 125V 15A,LEVITON® 161-04720-00C General Supplie,"LEVITON® General Supplie, 125 V, 15 A",General Supplie,,,,,,,,,,,,,,,,,,,,,,,,,,,General Supplie,Model,161-04720-00C,,Voltage Rating,125,V,Amperage Rating,15,A,,,,,,,,,,,,,,,,,,,,,,,,,,,,,,,,,,,,,,,,,,,,,,,,,,,,,,,,,,,,,,,,,,,,,,,,,,,,,,,,,,,,,,,,,,,,,,,,,,,,,,,,,,,,,,,,,,,,,,,,,,,,,,,,,,,,,,,,,,,,,,,,,,,,,,,,,,,,,,,,,LEVITON_161-04720-00C.jpg,,,,,,,,,LEVITON_161-04720-00C_Specification_Sheet.pdf,,,,,,,,,,,,,,,,,,No
,,,,,,14431216,Lighting & Electrical,Electrical Controls,Wiring Devices & Switches,6431216,R02-GUAC1-0BW,R02GUAC10BW 15A/USB Outlet Wh,-- Unbranded --,-- No Unilog Brand --,Leviton,Leviton Mfg Co (4927),Leviton Mfg Co,LEVITON®,,R02-GUAC1-0BW,,Lighting & Electrical>Electrical Controls>Wiring Devices,"Leviton Mfg Co, Wiring Devices & Switche, R02-GUAC1-0BW",WIRING DEVICES & SWITCHE 15A,LEVITON® R02-GUAC1-0BW Wiring Devices & Switche,"LEVITON® Wiring Devices & Switche, 15 A",Wiring Devices & Switche,,,,,,,,,,,,,,,,,,,,,,,,,,,Wiring Devices & Switche,Model,R02-GUAC1-0BW,,Amperage Rating,15,A,,,,,,,,,,,,,,,,,,,,,,,,,,,,,,,,,,,,,,,,,,,,,,,,,,,,,,,,,,,,,,,,,,,,,,,,,,,,,,,,,,,,,,,,,,,,,,,,,,,,,,,,,,,,,,,,,,,,,,,,,,,,,,,,,,,,,,,,,,,,,,,,,,,,,,,,,,,,,,,,,,,,LEVITON_R02-GUAC1-0BW.jpg,,,,,,,,,LEVITON_R02-GUAC1-0BW_Specification_Sheet.pdf,,,,,,,,,,,,,,,,,,No
,,,,,,79359129,Lighting & Electrical,Electrical Controls,Wiring Devices & Switches,8359129,R56-CBR15-00T,R56CBR1500T 15A Outlet LA,-- Unbranded --,-- No Unilog Brand --,Leviton,Leviton Mfg Co (4927),Leviton Mfg Co,LEVITON®,,R56-CBR15-00T,,Lighting & Electrical>Electrical Controls>Wiring Devices,"Leviton Mfg Co, Wiring Devices & Switche, R56-CBR15-00T",WIRING DEVICES & SWITCHE 15A,LEVITON® R56-CBR15-00T Wiring Devices & Switche,"LEVITON® Wiring Devices & Switche, 15 A",Wiring Devices & Switche,,,,,,,,,,,,,,,,,,,,,,,,,,,Wiring Devices & Switche,Model,R56-CBR15-00T,,Amperage Rating,15,A,,,,,,,,,,,,,,,,,,,,,,,,,,,,,,,,,,,,,,,,,,,,,,,,,,,,,,,,,,,,,,,,,,,,,,,,,,,,,,,,,,,,,,,,,,,,,,,,,,,,,,,,,,,,,,,,,,,,,,,,,,,,,,,,,,,,,,,,,,,,,,,,,,,,,,,,,,,,,,,,,,,,LEVITON_R56-CBR15-00T.jpg,,,,,,,,,LEVITON_R56-CBR15-00T_Specification_Sheet.pdf,,,,,,,,,,,,,,,,,,No
,,,,,,39316909,Tools & Industrial Hardware,Industrial Maintenance,General Supplies,4316909,R20-05378-P00,R2005378P00 6-50R Welder Outet,-- Unbranded --,-- No Unilog Brand --,Leviton,Leviton Mfg Co (4927),Leviton Mfg Co,LEVITON®,,R20-05378-P00,,Tools & Industrial Hardware>Industrial Maintenance>General Supplies,"Leviton Mfg Co, General Supplie, R20-05378-P00",GENERAL SUPPLIE,LEVITON® R20-05378-P00 General Supplie,LEVITON® General Supplie,General Supplie,,,,,,,,,,,,,,,,,,,,,,,,,,,General Supplie,Model,R20-05378-P00,,,,,,,,,,,,,,,,,,,,,,,,,,,,,,,,,,,,,,,,,,,,,,,,,,,,,,,,,,,,,,,,,,,,,,,,,,,,,,,,,,,,,,,,,,,,,,,,,,,,,,,,,,,,,,,,,,,,,,,,,,,,,,,,,,,,,,,,,,,,,,,,,,,,,,,,,,,,,,,,,,,,,,,,LEVITON_R20-05378-P00.jpg,,,,,,,,,LEVITON_R20-05378-P00_Specification_Sheet.pdf,,,,,,,,,,,,,,,,,,No
,,,,,,83950665,Lighting & Electrical,Electrical Controls,Wiring Devices & Switches,3950665,WC1V12W-SG-UPC,WC1V12WSGUPC 1G Cover Wh,-- Unbranded --,-- No Unilog Brand --,Southwire,Southwire/g Turner (6603),Southwire/g Turner,Southwire,,WC1V12W-SG-UPC,,Lighting & Electrical>Electrical Controls>Wiring Devices,"Southwire/g Turner, Wiring Devices & Switche, WC1V12W-SG-UPC",WIRING DEVICES & SWITCHE,Southwire WC1V12W-SG-UPC Wiring Devices & Switche,Southwire Wiring Devices & Switche,Wiring Devices & Switche,,,,,,,,,,,,,,,,,,,,,,,,,,,Wiring Devices & Switche,Model,WC1V12W-SG-UPC,,,,,,,,,,,,,,,,,,,,,,,,,,,,,,,,,,,,,,,,,,,,,,,,,,,,,,,,,,,,,,,,,,,,,,,,,,,,,,,,,,,,,,,,,,,,,,,,,,,,,,,,,,,,,,,,,,,,,,,,,,,,,,,,,,,,,,,,,,,,,,,,,,,,,,,,,,,,,,,,,,,,,,,,Southwire_WC1V12W-SG-UPC.jpg,,,,,,,,,Southwire_WC1V12W-SG-UPC_Specification_Sheet.pdf,,,,,,,,,,,,,,,,,,No
,,,,,,83812443,Tools & Industrial Hardware,Industrial Maintenance,General Supplies,3812443,R51-GSRA1-THD,R5GSRA1THD 15A GFCI Plug,-- Unbranded --,-- No Unilog Brand --,Leviton,Leviton Mfg Co (4927),Leviton Mfg Co,LEVITON®,,R51-GSRA1-THD,,Tools & Industrial Hardware>Industrial Maintenance>General Supplies,"Leviton Mfg Co, General Supplie, R51-GSRA1-THD",GENERAL SUPPLIE 15A,LEVITON® R51-GSRA1-THD General Supplie,"LEVITON® General Supplie, 15 A",General Supplie,,,,,,,,,,,,,,,,,,,,,,,,,,,General Supplie,Model,R51-GSRA1-THD,,Amperage Rating,15,A,,,,,,,,,,,,,,,,,,,,,,,,,,,,,,,,,,,,,,,,,,,,,,,,,,,,,,,,,,,,,,,,,,,,,,,,,,,,,,,,,,,,,,,,,,,,,,,,,,,,,,,,,,,,,,,,,,,,,,,,,,,,,,,,,,,,,,,,,,,,,,,,,,,,,,,,,,,,,,,,,,,,LEVITON_R51-GSRA1-THD.jpg,,,,,,,,,LEVITON_R51-GSRA1-THD_Specification_Sheet.pdf,,,,,,,,,,,,,,,,,,No
,,,,,,16571001,Lighting & Electrical,Electrical Controls,Wiring Devices & Switches,8571001,R62-CBR15-00W,R62CBR1500W 15A Outlet Wh,-- Unbranded --,-- No Unilog Brand --,Leviton,Leviton Mfg Co (4927),Leviton Mfg Co,LEVITON®,,R62-CBR15-00W,,Lighting & Electrical>Electrical Controls>Wiring Devices,"Leviton Mfg Co, Wiring Devices & Switche, R62-CBR15-00W",WIRING DEVICES & SWITCHE 15A,LEVITON® R62-CBR15-00W Wiring Devices & Switche,"LEVITON® Wiring Devices & Switche, 15 A",Wiring Devices & Switche,,,,,,,,,,,,,,,,,,,,,,,,,,,Wiring Devices & Switche,Model,R62-CBR15-00W,,Amperage Rating,15,A,,,,,,,,,,,,,,,,,,,,,,,,,,,,,,,,,,,,,,,,,,,,,,,,,,,,,,,,,,,,,,,,,,,,,,,,,,,,,,,,,,,,,,,,,,,,,,,,,,,,,,,,,,,,,,,,,,,,,,,,,,,,,,,,,,,,,,,,,,,,,,,,,,,,,,,,,,,,,,,,,,,,LEVITON_R62-CBR15-00W.jpg,,,,,,,,,LEVITON_R62-CBR15-00W_Specification_Sheet.pdf,,,,,,,,,,,,,,,,,,No
,,,,,,44474686,Lighting & Electrical,Electrical Controls,Wiring Devices & Switches,9474686,S03-05226-IS,S0305226IS IV Switch / Pilot,-- Unbranded --,-- No Unilog Brand --,Leviton,Leviton Mfg Co (4927),Leviton Mfg Co,LEVITON®,,S03-05226-IS,,Lighting & Electrical>Electrical Controls>Wiring Devices,"Leviton Mfg Co, Wiring Devices & Switche, S03-05226-IS",WIRING DEVICES & SWITCHE,LEVITON® S03-05226-IS Wiring Devices & Switche,LEVITON® Wiring Devices & Switche,Wiring Devices & Switche,,,,,,,,,,,,,,,,,,,,,,,,,,,Wiring Devices & Switche,Model,S03-05226-IS,,,,,,,,,,,,,,,,,,,,,,,,,,,,,,,,,,,,,,,,,,,,,,,,,,,,,,,,,,,,,,,,,,,,,,,,,,,,,,,,,,,,,,,,,,,,,,,,,,,,,,,,,,,,,,,,,,,,,,,,,,,,,,,,,,,,,,,,,,,,,,,,,,,,,,,,,,,,,,,,,,,,,,,,LEVITON_S03-05226-IS.jpg,,,,,,,,,LEVITON_S03-05226-IS_Specification_Sheet.pdf,,,,,,,,,,,,,,,,,,No
,,,,,,30728594,Lighting & Electrical,Electrical Controls,Wiring Devices & Switches,4728594,174-0CSB3-15W,174-OCSB3-15A Toggle 3-Way Switch Wh,-- Unbranded --,-- No Unilog Brand --,-- No DIB Brand --,Leviton Mfg Co (4927),Leviton Mfg Co,Leviton Mfg Co,,174-0CSB3-15W,,Lighting & Electrical>Electrical Controls>Wiring Devices,"Leviton Mfg Co, Wiring Devices & Switche, 174-0CSB3-15W",WIRING DEVICES & SWITCHE 15A,Leviton Mfg Co 174-0CSB3-15W Wiring Devices & Switche,"Leviton Mfg Co Wiring Devices & Switche, 15 A",Wiring Devices & Switche,,,,,,,,,,,,,,,,,,,,,,,,,,,Wiring Devices & Switche,Model,174-0CSB3-15W,,Amperage Rating,15,A,,,,,,,,,,,,,,,,,,,,,,,,,,,,,,,,,,,,,,,,,,,,,,,,,,,,,,,,,,,,,,,,,,,,,,,,,,,,,,,,,,,,,,,,,,,,,,,,,,,,,,,,,,,,,,,,,,,,,,,,,,,,,,,,,,,,,,,,,,,,,,,,,,,,,,,,,,,,,,,,,,,,Leviton_Mfg_Co_174-0CSB3-15W.jpg,,,,,,,,,Leviton_Mfg_Co_174-0CSB3-15W_Specification_Sheet.pdf,,,,,,,,,,,,,,,,,,No
,,,,,,67912840,Lighting & Electrical,Electrical Controls,Wiring Devices & Switches,5912840,R50-0SL13-000,T50-0SL13000 1G Wallplate SS - Blank,-- Unbranded --,-- No Unilog Brand --,Leviton,Leviton Mfg Co (4927),Leviton Mfg Co,LEVITON®,,R50-0SL13-000,,Lighting & Electrical>Electrical Controls>Wiring Devices,"Leviton Mfg Co, Wiring Devices & Switche, R50-0SL13-000",WIRING DEVICES & SWITCHE SST,"LEVITON® R50-0SL13-000 Wiring Devices & Switche, Stainless Steel","LEVITON® Wiring Devices & Switche, Stainless Steel","Wiring Devices & Switche, Stainless Steel",,,,,,,,,,,,,,,,,,,,,,,,,,,Wiring Devices & Switche,Model,R50-0SL13-000,,Material,Stainless Steel,,Color,Stainless Steel,,,,,,,,,,,,,,,,,,,,,,,,,,,,,,,,,,,,,,,,,,,,,,,,,,,,,,,,,,,,,,,,,,,,,,,,,,,,,,,,,,,,,,,,,,,,,,,,,,,,,,,,,,,,,,,,,,,,,,,,,,,,,,,,,,,,,,,,,,,,,,,,,,,,,,,,,,,,,,,,,,LEVITON_R50-0SL13-000.jpg,,,,,,,,,LEVITON_R50-0SL13-000_Specification_Sheet.pdf,,,,,,,,,,,,,,,,,,No
,,,,,,71854021,Lighting & Electrical,Electrical Controls,Wiring Devices & Switches,9854021,R52-0PJ13-00W,R520PJ1300W 1G Wallplate Wh - Blank,-- Unbranded --,-- No Unilog Brand --,Leviton,Leviton Mfg Co (4927),Leviton Mfg Co,LEVITON®,,R52-0PJ13-00W,,Lighting & Electrical>Electrical Controls>Wiring Devices,"Leviton Mfg Co, Wiring Devices & Switche, R52-0PJ13-00W",WIRING DEVICES & SWITCHE,LEVITON® R52-0PJ13-00W Wiring Devices & Switche,LEVITON® Wiring Devices & Switche,Wiring Devices & Switche,,,,,,,,,,,,,,,,,,,,,,,,,,,Wiring Devices & Switche,Model,R52-0PJ13-00W,,,,,,,,,,,,,,,,,,,,,,,,,,,,,,,,,,,,,,,,,,,,,,,,,,,,,,,,,,,,,,,,,,,,,,,,,,,,,,,,,,,,,,,,,,,,,,,,,,,,,,,,,,,,,,,,,,,,,,,,,,,,,,,,,,,,,,,,,,,,,,,,,,,,,,,,,,,,,,,,,,,,,,,,LEVITON_R52-0PJ13-00W.jpg,,,,,,,,,LEVITON_R52-0PJ13-00W_Specification_Sheet.pdf,,,,,,,,,,,,,,,,,,No
,,,,,,52191604,Tools & Industrial Hardware,Industrial Maintenance,General Supplies,8191604,XOU2470BCGS,XOU2470BCGS Tall Beverage Center SS,-- Unbranded --,-- No Unilog Brand --,-- No DIB Brand --,Appliance Dealers Cooperative (APPDE),Appliance Dealers Cooperative,Appliance Dealers Cooperative,,XOU2470BCGS,,Tools & Industrial Hardware>Industrial Maintenance>General Supplies,"Appliance Dealers Cooperative, General Supplie, XOU2470BCGS",GENERAL SUPPLIE SST,"Appliance Dealers Cooperative XOU2470BCGS General Supplie, Stainless Steel","Appliance Dealers Cooperative General Supplie, Stainless Steel","General Supplie, Stainless Steel",,,,,,,,,,,,,,,,,,,,,,,,,,,General Supplie,Model,XOU2470BCGS,,Material,Stainless Steel,,Color,Stainless Steel,,,,,,,,,,,,,,,,,,,,,,,,,,,,,,,,,,,,,,,,,,,,,,,,,,,,,,,,,,,,,,,,,,,,,,,,,,,,,,,,,,,,,,,,,,,,,,,,,,,,,,,,,,,,,,,,,,,,,,,,,,,,,,,,,,,,,,,,,,,,,,,,,,,,,,,,,,,,,,,,,,Appliance_Dealers_Cooperative_XOU2470BCGS.jpg,,,,,,,,,Appliance_Dealers_Cooperative_XOU2470BCGS_Specification_Sheet.pdf,,,,,,,,,,,,,,,,,,No
,,,,,,73606315,Tools & Industrial Hardware,Industrial Maintenance,General Supplies,2606315,XOU24BCGSR,XOU24BCGSR Beverage Center SS,-- Unbranded --,-- No Unilog Brand --,-- No DIB Brand --,Appliance Dealers Cooperative (APPDE),Appliance Dealers Cooperative,Appliance Dealers Cooperative,,XOU24BCGSR,,Tools & Industrial Hardware>Industrial Maintenance>General Supplies,"Appliance Dealers Cooperative, General Supplie, XOU24BCGSR",GENERAL SUPPLIE SST,"Appliance Dealers Cooperative XOU24BCGSR General Supplie, Stainless Steel","Appliance Dealers Cooperative General Supplie, Stainless Steel","General Supplie, Stainless Steel",,,,,,,,,,,,,,,,,,,,,,,,,,,General Supplie,Model,XOU24BCGSR,,Material,Stainless Steel,,Color,Stainless Steel,,,,,,,,,,,,,,,,,,,,,,,,,,,,,,,,,,,,,,,,,,,,,,,,,,,,,,,,,,,,,,,,,,,,,,,,,,,,,,,,,,,,,,,,,,,,,,,,,,,,,,,,,,,,,,,,,,,,,,,,,,,,,,,,,,,,,,,,,,,,,,,,,,,,,,,,,,,,,,,,,,Appliance_Dealers_Cooperative_XOU24BCGSR.jpg,,,,,,,,,Appliance_Dealers_Cooperative_XOU24BCGSR_Specification_Sheet.pdf,,,,,,,,,,,,,,,,,,No
,,,,,,41911156,Tools & Industrial Hardware,Industrial Maintenance,General Supplies,6911156,XOU24WDZGBR,XOU24WDZGBR Beverage Center Bk,-- Unbranded --,-- No Unilog Brand --,-- No DIB Brand --,Appliance Dealers Cooperative (APPDE),Appliance Dealers Cooperative,Appliance Dealers Cooperative,,XOU24WDZGBR,,Tools & Industrial Hardware>Industrial Maintenance>General Supplies,"Appliance Dealers Cooperative, General Supplie, XOU24WDZGBR",GENERAL SUPPLIE,Appliance Dealers Cooperative XOU24WDZGBR General Supplie,Appliance Dealers Cooperative General Supplie,General Supplie,,,,,,,,,,,,,,,,,,,,,,,,,,,General Supplie,Model,XOU24WDZGBR,,,,,,,,,,,,,,,,,,,,,,,,,,,,,,,,,,,,,,,,,,,,,,,,,,,,,,,,,,,,,,,,,,,,,,,,,,,,,,,,,,,,,,,,,,,,,,,,,,,,,,,,,,,,,,,,,,,,,,,,,,,,,,,,,,,,,,,,,,,,,,,,,,,,,,,,,,,,,,,,,,,,,,,,Appliance_Dealers_Cooperative_XOU24WDZGBR.jpg,,,,,,,,,Appliance_Dealers_Cooperative_XOU24WDZGBR_Specification_Sheet.pdf,,,,,,,,,,,,,,,,,,No
,,,,,,37011091,Tools & Industrial Hardware,Industrial Maintenance,General Supplies,2011091,C7CDAAS3PD3,C7CDAAS3PD3 Café Drip Coffee Maker MB,-- Unbranded --,-- No Unilog Brand --,-- No DIB Brand --,Appliance Dealers Cooperative (APPDE),Appliance Dealers Cooperative,Appliance Dealers Cooperative,,C7CDAAS3PD3,,Tools & Industrial Hardware>Industrial Maintenance>General Supplies,"Appliance Dealers Cooperative, General Supplie, C7CDAAS3PD3",GENERAL SUPPLIE,Appliance Dealers Cooperative C7CDAAS3PD3 General Supplie,Appliance Dealers Cooperative General Supplie,General Supplie,,,,,,,,,,,,,,,,,,,,,,,,,,,General Supplie,Model,C7CDAAS3PD3,,,,,,,,,,,,,,,,,,,,,,,,,,,,,,,,,,,,,,,,,,,,,,,,,,,,,,,,,,,,,,,,,,,,,,,,,,,,,,,,,,,,,,,,,,,,,,,,,,,,,,,,,,,,,,,,,,,,,,,,,,,,,,,,,,,,,,,,,,,,,,,,,,,,,,,,,,,,,,,,,,,,,,,,Appliance_Dealers_Cooperative_C7CDAAS3PD3.jpg,,,,,,,,,Appliance_Dealers_Cooperative_C7CDAAS3PD3_Specification_Sheet.pdf,,,,,,,,,,,,,,,,,,No
,,,,,,13693723,Tools & Industrial Hardware,Industrial Maintenance,General Supplies,5693723,C7CDAAS4PW3,C7CDAAS4PW3 Café Drip Coffee Maker MW,-- Unbranded --,-- No Unilog Brand --,-- No DIB Brand --,Appliance Dealers Cooperative (APPDE),Appliance Dealers Cooperative,Appliance Dealers Cooperative,,C7CDAAS4PW3,,Tools & Industrial Hardware>Industrial Maintenance>General Supplies,"Appliance Dealers Cooperative, General Supplie, C7CDAAS4PW3",GENERAL SUPPLIE,Appliance Dealers Cooperative C7CDAAS4PW3 General Supplie,Appliance Dealers Cooperative General Supplie,General Supplie,,,,,,,,,,,,,,,,,,,,,,,,,,,General Supplie,Model,C7CDAAS4PW3,,,,,,,,,,,,,,,,,,,,,,,,,,,,,,,,,,,,,,,,,,,,,,,,,,,,,,,,,,,,,,,,,,,,,,,,,,,,,,,,,,,,,,,,,,,,,,,,,,,,,,,,,,,,,,,,,,,,,,,,,,,,,,,,,,,,,,,,,,,,,,,,,,,,,,,,,,,,,,,,,,,,,,,,Appliance_Dealers_Cooperative_C7CDAAS4PW3.jpg,,,,,,,,,Appliance_Dealers_Cooperative_C7CDAAS4PW3_Specification_Sheet.pdf,,,,,,,,,,,,,,,,,,No
,,,,,,82371457,Tools & Industrial Hardware,Industrial Maintenance,General Supplies,2371457,C7CDABS2RS3,C7CDABS2RS3 Cafe Coffee Maker,-- Unbranded --,-- No Unilog Brand --,-- No DIB Brand --,Appliance Dealers Cooperative (APPDE),Appliance Dealers Cooperative,Appliance Dealers Cooperative,,C7CDABS2RS3,,Tools & Industrial Hardware>Industrial Maintenance>General Supplies,"Appliance Dealers Cooperative, General Supplie, C7CDABS2RS3",GENERAL SUPPLIE,Appliance Dealers Cooperative C7CDABS2RS3 General Supplie,Appliance Dealers Cooperative General Supplie,General Supplie,,,,,,,,,,,,,,,,,,,,,,,,,,,General Supplie,Model,C7CDABS2RS3,,,,,,,,,,,,,,,,,,,,,,,,,,,,,,,,,,,,,,,,,,,,,,,,,,,,,,,,,,,,,,,,,,,,,,,,,,,,,,,,,,,,,,,,,,,,,,,,,,,,,,,,,,,,,,,,,,,,,,,,,,,,,,,,,,,,,,,,,,,,,,,,,,,,,,,,,,,,,,,,,,,,,,,,Appliance_Dealers_Cooperative_C7CDABS2RS3.jpg,,,,,,,,,Appliance_Dealers_Cooperative_C7CDABS2RS3_Specification_Sheet.pdf,,,,,,,,,,,,,,,,,,No
,,,,,,79395768,Tools & Industrial Hardware,Industrial Maintenance,General Supplies,8395768,C7CDABS3RD3,C7CDABS3RD3 Café Coffee Maker MB,-- Unbranded --,-- No Unilog Brand --,-- No DIB Brand --,Appliance Dealers Cooperative (APPDE),Appliance Dealers Cooperative,Appliance Dealers Cooperative,,C7CDABS3RD3,,Tools & Industrial Hardware>Industrial Maintenance>General Supplies,"Appliance Dealers Cooperative, General Supplie, C7CDABS3RD3",GENERAL SUPPLIE,Appliance Dealers Cooperative C7CDABS3RD3 General Supplie,Appliance Dealers Cooperative General Supplie,General Supplie,,,,,,,,,,,,,,,,,,,,,,,,,,,General Supplie,Model,C7CDABS3RD3,,,,,,,,,,,,,,,,,,,,,,,,,,,,,,,,,,,,,,,,,,,,,,,,,,,,,,,,,,,,,,,,,,,,,,,,,,,,,,,,,,,,,,,,,,,,,,,,,,,,,,,,,,,,,,,,,,,,,,,,,,,,,,,,,,,,,,,,,,,,,,,,,,,,,,,,,,,,,,,,,,,,,,,,Appliance_Dealers_Cooperative_C7CDABS3RD3.jpg,,,,,,,,,Appliance_Dealers_Cooperative_C7CDABS3RD3_Specification_Sheet.pdf,,,,,,,,,,,,,,,,,,No
,,,,,,57123781,Tools & Industrial Hardware,Industrial Maintenance,General Supplies,4123781,C7CDABS4RW3,C7CDABS4RW3 Café Coffee Maker MW,-- Unbranded --,-- No Unilog Brand --,-- No DIB Brand --,Appliance Dealers Cooperative (APPDE),Appliance Dealers Cooperative,Appliance Dealers Cooperative,,C7CDABS4RW3,,Tools & Industrial Hardware>Industrial Maintenance>General Supplies,"Appliance Dealers Cooperative, General Supplie, C7CDABS4RW3",GENERAL SUPPLIE,Appliance Dealers Cooperative C7CDABS4RW3 General Supplie,Appliance Dealers Cooperative General Supplie,General Supplie,,,,,,,,,,,,,,,,,,,,,,,,,,,General Supplie,Model,C7CDABS4RW3,,,,,,,,,,,,,,,,,,,,,,,,,,,,,,,,,,,,,,,,,,,,,,,,,,,,,,,,,,,,,,,,,,,,,,,,,,,,,,,,,,,,,,,,,,,,,,,,,,,,,,,,,,,,,,,,,,,,,,,,,,,,,,,,,,,,,,,,,,,,,,,,,,,,,,,,,,,,,,,,,,,,,,,,Appliance_Dealers_Cooperative_C7CDABS4RW3.jpg,,,,,,,,,Appliance_Dealers_Cooperative_C7CDABS4RW3_Specification_Sheet.pdf,,,,,,,,,,,,,,,,,,No
,,,,,,84064714,Tools & Industrial Hardware,Industrial Maintenance,General Supplies,4064714,C7CEBBS2RS3,C7CEBBS2RS3 Cafe Auto Espresso Machine SS,-- Unbranded --,-- No Unilog Brand --,-- No DIB Brand --,Appliance Dealers Cooperative (APPDE),Appliance Dealers Cooperative,Appliance Dealers Cooperative,,C7CEBBS2RS3,,Tools & Industrial Hardware>Industrial Maintenance>General Supplies,"Appliance Dealers Cooperative, General Supplie, C7CEBBS2RS3",GENERAL SUPPLIE SST,"Appliance Dealers Cooperative C7CEBBS2RS3 General Supplie, Stainless Steel","Appliance Dealers Cooperative General Supplie, Stainless Steel","General Supplie, Stainless Steel",,,,,,,,,,,,,,,,,,,,,,,,,,,General Supplie,Model,C7CEBBS2RS3,,Material,Stainless Steel,,Color,Stainless Steel,,,,,,,,,,,,,,,,,,,,,,,,,,,,,,,,,,,,,,,,,,,,,,,,,,,,,,,,,,,,,,,,,,,,,,,,,,,,,,,,,,,,,,,,,,,,,,,,,,,,,,,,,,,,,,,,,,,,,,,,,,,,,,,,,,,,,,,,,,,,,,,,,,,,,,,,,,,,,,,,,,Appliance_Dealers_Cooperative_C7CEBBS2RS3.jpg,,,,,,,,,Appliance_Dealers_Cooperative_C7CEBBS2RS3_Specification_Sheet.pdf,,,,,,,,,,,,,,,,,,No
,,,,,,15172648,Tools & Industrial Hardware,Industrial Maintenance,General Supplies,7172648,C7CEBBS4RW3,C7CEBBS4RW3 Café Auto Espresso Machine Wh,-- Unbranded --,-- No Unilog Brand --,-- No DIB Brand --,Appliance Dealers Cooperative (APPDE),Appliance Dealers Cooperative,Appliance Dealers Cooperative,,C7CEBBS4RW3,,Tools & Industrial Hardware>Industrial Maintenance>General Supplies,"Appliance Dealers Cooperative, General Supplie, C7CEBBS4RW3",GENERAL SUPPLIE,Appliance Dealers Cooperative C7CEBBS4RW3 General Supplie,Appliance Dealers Cooperative General Supplie,General Supplie,,,,,,,,,,,,,,,,,,,,,,,,,,,General Supplie,Model,C7CEBBS4RW3,,,,,,,,,,,,,,,,,,,,,,,,,,,,,,,,,,,,,,,,,,,,,,,,,,,,,,,,,,,,,,,,,,,,,,,,,,,,,,,,,,,,,,,,,,,,,,,,,,,,,,,,,,,,,,,,,,,,,,,,,,,,,,,,,,,,,,,,,,,,,,,,,,,,,,,,,,,,,,,,,,,,,,,,Appliance_Dealers_Cooperative_C7CEBBS4RW3.jpg,,,,,,,,,Appliance_Dealers_Cooperative_C7CEBBS4RW3_Specification_Sheet.pdf,,,,,,,,,,,,,,,,,,No
,,,,,,59034044,Tools & Industrial Hardware,Industrial Maintenance,General Supplies,6034044,C7CESAS2RS3,C7CESAS2RS3 Café Espresso SS,-- Unbranded --,-- No Unilog Brand --,-- No DIB Brand --,Appliance Dealers Cooperative (APPDE),Appliance Dealers Cooperative,Appliance Dealers Cooperative,,C7CESAS2RS3,,Tools & Industrial Hardware>Industrial Maintenance>General Supplies,"Appliance Dealers Cooperative, General Supplie, C7CESAS2RS3",GENERAL SUPPLIE SST,"Appliance Dealers Cooperative C7CESAS2RS3 General Supplie, Stainless Steel","Appliance Dealers Cooperative General Supplie, Stainless Steel","General Supplie, Stainless Steel",,,,,,,,,,,,,,,,,,,,,,,,,,,General Supplie,Model,C7CESAS2RS3,,Material,Stainless Steel,,Color,Stainless Steel,,,,,,,,,,,,,,,,,,,,,,,,,,,,,,,,,,,,,,,,,,,,,,,,,,,,,,,,,,,,,,,,,,,,,,,,,,,,,,,,,,,,,,,,,,,,,,,,,,,,,,,,,,,,,,,,,,,,,,,,,,,,,,,,,,,,,,,,,,,,,,,,,,,,,,,,,,,,,,,,,,Appliance_Dealers_Cooperative_C7CESAS2RS3.jpg,,,,,,,,,Appliance_Dealers_Cooperative_C7CESAS2RS3_Specification_Sheet.pdf,,,,,,,,,,,,,,,,,,No
,,,,,,21650001,Tools & Industrial Hardware,Industrial Maintenance,General Supplies,4650001,C7CESAS3RD3,C7CESAS3RD3 Café Espresso Machine MB,-- Unbranded --,-- No Unilog Brand --,-- No DIB Brand --,Appliance Dealers Cooperative (APPDE),Appliance Dealers Cooperative,Appliance Dealers Cooperative,,C7CESAS3RD3,,Tools & Industrial Hardware>Industrial Maintenance>General Supplies,"Appliance Dealers Cooperative, General Supplie, C7CESAS3RD3",GENERAL SUPPLIE,Appliance Dealers Cooperative C7CESAS3RD3 General Supplie,Appliance Dealers Cooperative General Supplie,General Supplie,,,,,,,,,,,,,,,,,,,,,,,,,,,General Supplie,Model,C7CESAS3RD3,,,,,,,,,,,,,,,,,,,,,,,,,,,,,,,,,,,,,,,,,,,,,,,,,,,,,,,,,,,,,,,,,,,,,,,,,,,,,,,,,,,,,,,,,,,,,,,,,,,,,,,,,,,,,,,,,,,,,,,,,,,,,,,,,,,,,,,,,,,,,,,,,,,,,,,,,,,,,,,,,,,,,,,,Appliance_Dealers_Cooperative_C7CESAS3RD3.jpg,,,,,,,,,Appliance_Dealers_Cooperative_C7CESAS3RD3_Specification_Sheet.pdf,,,,,,,,,,,,,,,,,,No
,,,,,,69302153,Tools & Industrial Hardware,Industrial Maintenance,General Supplies,7302153,C7CESAS4RW3,C7CESAS4RW3 Cafe Espresso Wh,-- Unbranded --,-- No Unilog Brand --,-- No DIB Brand --,Appliance Dealers Cooperative (APPDE),Appliance Dealers Cooperative,Appliance Dealers Cooperative,,C7CESAS4RW3,,Tools & Industrial Hardware>Industrial Maintenance>General Supplies,"Appliance Dealers Cooperative, General Supplie, C7CESAS4RW3",GENERAL SUPPLIE,Appliance Dealers Cooperative C7CESAS4RW3 General Supplie,Appliance Dealers Cooperative General Supplie,General Supplie,,,,,,,,,,,,,,,,,,,,,,,,,,,General Supplie,Model,C7CESAS4RW3,,,,,,,,,,,,,,,,,,,,,,,,,,,,,,,,,,,,,,,,,,,,,,,,,,,,,,,,,,,,,,,,,,,,,,,,,,,,,,,,,,,,,,,,,,,,,,,,,,,,,,,,,,,,,,,,,,,,,,,,,,,,,,,,,,,,,,,,,,,,,,,,,,,,,,,,,,,,,,,,,,,,,,,,Appliance_Dealers_Cooperative_C7CESAS4RW3.jpg,,,,,,,,,Appliance_Dealers_Cooperative_C7CESAS4RW3_Specification_Sheet.pdf,,,,,,,,,,,,,,,,,,No
,,,,,,87502561,Tools & Industrial Hardware,Industrial Maintenance,General Supplies,7502561,WOSP30100SS,WOSP30100SS Beko Wall Oven SS,-- Unbranded --,-- No Unilog Brand --,-- No DIB Brand --,Appliance Dealers Cooperative (APPDE),Appliance Dealers Cooperative,Appliance Dealers Cooperative,,WOSP30100SS,,Tools & Industrial Hardware>Industrial Maintenance>General Supplies,"Appliance Dealers Cooperative, General Supplie, WOSP30100SS, Wall Mounting",GENERAL SUPPLIE WALL SST,"Appliance Dealers Cooperative WOSP30100SS General Supplie, Wall Mounting, Stainless Steel","Appliance Dealers Cooperative General Supplie, Wall Mounting, Stainless Steel","General Supplie, Wall Mounting, Stainless Steel",,,,,,,,,,,,,,,,,,,,,,,,,,,General Supplie,Model,WOSP30100SS,,Mounting Type,Wall,,Material,Stainless Steel,,Color,Stainless Steel,,,,,,,,,,,,,,,,,,,,,,,,,,,,,,,,,,,,,,,,,,,,,,,,,,,,,,,,,,,,,,,,,,,,,,,,,,,,,,,,,,,,,,,,,,,,,,,,,,,,,,,,,,,,,,,,,,,,,,,,,,,,,,,,,,,,,,,,,,,,,,,,,,,,,,,,,,,,,,,Appliance_Dealers_Cooperative_WOSP30100SS.jpg,,,,,,,,,Appliance_Dealers_Cooperative_WOSP30100SS_Specification_Sheet.pdf,,,,,,,,,,,,,,,,,,No
,,,,,,95460307,Tools & Industrial Hardware,Industrial Maintenance,General Supplies,6460307,MSER2090S,MSER2090S LG Microwave SS,-- Unbranded --,-- No Unilog Brand --,-- No DIB Brand --,Appliance Dealers Cooperative (APPDE),Appliance Dealers Cooperative,Appliance Dealers Cooperative,,MSER2090S,,Tools & Industrial Hardware>Industrial Maintenance>General Supplies,"Appliance Dealers Cooperative, General Supplie, MSER2090S",GENERAL SUPPLIE SST,"Appliance Dealers Cooperative MSER2090S General Supplie, Stainless Steel","Appliance Dealers Cooperative General Supplie, Stainless Steel","General Supplie, Stainless Steel",,,,,,,,,,,,,,,,,,,,,,,,,,,General Supplie,Model,MSER2090S,,Material,Stainless Steel,,Color,Stainless Steel,,,,,,,,,,,,,,,,,,,,,,,,,,,,,,,,,,,,,,,,,,,,,,,,,,,,,,,,,,,,,,,,,,,,,,,,,,,,,,,,,,,,,,,,,,,,,,,,,,,,,,,,,,,,,,,,,,,,,,,,,,,,,,,,,,,,,,,,,,,,,,,,,,,,,,,,,,,,,,,,,,Appliance_Dealers_Cooperative_MSER2090S.jpg,,,,,,,,,Appliance_Dealers_Cooperative_MSER2090S_Specification_Sheet.pdf,,,,,,,,,,,,,,,,,,No
,,,,,,63682891,Tools & Industrial Hardware,Industrial Maintenance,General Supplies,1682891,GCST16S1WSS,GCST16S1WSS GE Microwave SS,-- Unbranded --,-- No Unilog Brand --,-- No DIB Brand --,Appliance Dealers Cooperative (APPDE),Appliance Dealers Cooperative,Appliance Dealers Cooperative,,GCST16S1WSS,,Tools & Industrial Hardware>Industrial Maintenance>General Supplies,"Appliance Dealers Cooperative, General Supplie, GCST16S1WSS",GENERAL SUPPLIE SST,"Appliance Dealers Cooperative GCST16S1WSS General Supplie, Stainless Steel","Appliance Dealers Cooperative General Supplie, Stainless Steel","General Supplie, Stainless Steel",,,,,,,,,,,,,,,,,,,,,,,,,,,General Supplie,Model,GCST16S1WSS,,Material,Stainless Steel,,Color,Stainless Steel,,,,,,,,,,,,,,,,,,,,,,,,,,,,,,,,,,,,,,,,,,,,,,,,,,,,,,,,,,,,,,,,,,,,,,,,,,,,,,,,,,,,,,,,,,,,,,,,,,,,,,,,,,,,,,,,,,,,,,,,,,,,,,,,,,,,,,,,,,,,,,,,,,,,,,,,,,,,,,,,,,Appliance_Dealers_Cooperative_GCST16S1WSS.jpg,,,,,,,,,Appliance_Dealers_Cooperative_GCST16S1WSS_Specification_Sheet.pdf,,,,,,,,,,,,,,,,,,No
,,,,,,90530567,Tools & Industrial Hardware,Industrial Maintenance,General Supplies,1530567,PCWK15C1WSS,PCWK15C1WSS GE Microwave,-- Unbranded --,-- No Unilog Brand --,-- No DIB Brand --,Appliance Dealers Cooperative (APPDE),Appliance Dealers Cooperative,Appliance Dealers Cooperative,,PCWK15C1WSS,,Tools & Industrial Hardware>Industrial Maintenance>General Supplies,"Appliance Dealers Cooperative, General Supplie, PCWK15C1WSS",GENERAL SUPPLIE,Appliance Dealers Cooperative PCWK15C1WSS General Supplie,Appliance Dealers Cooperative General Supplie,General Supplie,,,,,,,,,,,,,,,,,,,,,,,,,,,General Supplie,Model,PCWK15C1WSS,,,,,,,,,,,,,,,,,,,,,,,,,,,,,,,,,,,,,,,,,,,,,,,,,,,,,,,,,,,,,,,,,,,,,,,,,,,,,,,,,,,,,,,,,,,,,,,,,,,,,,,,,,,,,,,,,,,,,,,,,,,,,,,,,,,,,,,,,,,,,,,,,,,,,,,,,,,,,,,,,,,,,,,,Appliance_Dealers_Cooperative_PCWK15C1WSS.jpg,,,,,,,,,Appliance_Dealers_Cooperative_PCWK15C1WSS_Specification_Sheet.pdf,,,,,,,,,,,,,,,,,,No
,,,,,,95252386,Tools & Industrial Hardware,Industrial Maintenance,General Supplies,6252386,SMC2266KS,SMC2266KS Microwave SS Display Only,-- Unbranded --,-- No Unilog Brand --,-- No DIB Brand --,Appliance Dealers Cooperative (APPDE),Appliance Dealers Cooperative,Appliance Dealers Cooperative,,SMC2266KS,,Tools & Industrial Hardware>Industrial Maintenance>General Supplies,"Appliance Dealers Cooperative, General Supplie, SMC2266KS",GENERAL SUPPLIE SST,"Appliance Dealers Cooperative SMC2266KS General Supplie, Stainless Steel","Appliance Dealers Cooperative General Supplie, Stainless Steel","General Supplie, Stainless Steel",,,,,,,,,,,,,,,,,,,,,,,,,,,General Supplie,Model,SMC2266KS,,Material,Stainless Steel,,Color,Stainless Steel,,,,,,,,,,,,,,,,,,,,,,,,,,,,,,,,,,,,,,,,,,,,,,,,,,,,,,,,,,,,,,,,,,,,,,,,,,,,,,,,,,,,,,,,,,,,,,,,,,,,,,,,,,,,,,,,,,,,,,,,,,,,,,,,,,,,,,,,,,,,,,,,,,,,,,,,,,,,,,,,,,Appliance_Dealers_Cooperative_SMC2266KS.jpg,,,,,,,,,Appliance_Dealers_Cooperative_SMC2266KS_Specification_Sheet.pdf,,,,,,,,,,,,,,,,,,No
,,,,,,58714351,Tools & Industrial Hardware,Industrial Maintenance,General Supplies,5714351,SMD2479JS,SMD2479JS Microwave Drawer SS Display Only,-- Unbranded --,-- No Unilog Brand --,-- No DIB Brand --,Appliance Dealers Cooperative (APPDE),Appliance Dealers Cooperative,Appliance Dealers Cooperative,,SMD2479JS,,Tools & Industrial Hardware>Industrial Maintenance>General Supplies,"Appliance Dealers Cooperative, General Supplie, SMD2479JS",GENERAL SUPPLIE SST,"Appliance Dealers Cooperative SMD2479JS General Supplie, Stainless Steel","Appliance Dealers Cooperative General Supplie, Stainless Steel","General Supplie, Stainless Steel",,,,,,,,,,,,,,,,,,,,,,,,,,,General Supplie,Model,SMD2479JS,,Material,Stainless Steel,,Color,Stainless Steel,,,,,,,,,,,,,,,,,,,,,,,,,,,,,,,,,,,,,,,,,,,,,,,,,,,,,,,,,,,,,,,,,,,,,,,,,,,,,,,,,,,,,,,,,,,,,,,,,,,,,,,,,,,,,,,,,,,,,,,,,,,,,,,,,,,,,,,,,,,,,,,,,,,,,,,,,,,,,,,,,,Appliance_Dealers_Cooperative_SMD2479JS.jpg,,,,,,,,,Appliance_Dealers_Cooperative_SMD2479JS_Specification_Sheet.pdf,,,,,,,,,,,,,,,,,,No
,,,,,,11475478,Tools & Industrial Hardware,Industrial Maintenance,General Supplies,3475478,PEP9030DTBB,"PEP9030DTBB 30"" GE Cooktop Bk",-- Unbranded --,-- No Unilog Brand --,-- No DIB Brand --,Appliance Dealers Cooperative (APPDE),Appliance Dealers Cooperative,Appliance Dealers Cooperative,,PEP9030DTBB,,Tools & Industrial Hardware>Industrial Maintenance>General Supplies,"Appliance Dealers Cooperative, General Supplie, PEP9030DTBB",GENERAL SUPPLIE,Appliance Dealers Cooperative PEP9030DTBB General Supplie,Appliance Dealers Cooperative General Supplie,General Supplie,,,,,,,,,,,,,,,,,,,,,,,,,,,General Supplie,Model,PEP9030DTBB,,,,,,,,,,,,,,,,,,,,,,,,,,,,,,,,,,,,,,,,,,,,,,,,,,,,,,,,,,,,,,,,,,,,,,,,,,,,,,,,,,,,,,,,,,,,,,,,,,,,,,,,,,,,,,,,,,,,,,,,,,,,,,,,,,,,,,,,,,,,,,,,,,,,,,,,,,,,,,,,,,,,,,,,Appliance_Dealers_Cooperative_PEP9030DTBB.jpg,,,,,,,,,Appliance_Dealers_Cooperative_PEP9030DTBB_Specification_Sheet.pdf,,,,,,,,,,,,,,,,,,No
,,,,,,84668359,Tools & Industrial Hardware,Industrial Maintenance,General Supplies,4668359,CES700P3MD1,"CES700P3MD1 Cafe 30"" Range Bk - Display",-- Unbranded --,-- No Unilog Brand --,-- No DIB Brand --,Appliance Dealers Cooperative (APPDE),Appliance Dealers Cooperative,Appliance Dealers Cooperative,,CES700P3MD1,,Tools & Industrial Hardware>Industrial Maintenance>General Supplies,"Appliance Dealers Cooperative, General Supplie, CES700P3MD1",GENERAL SUPPLIE,Appliance Dealers Cooperative CES700P3MD1 General Supplie,Appliance Dealers Cooperative General Supplie,General Supplie,,,,,,,,,,,,,,,,,,,,,,,,,,,General Supplie,Model,CES700P3MD1,,,,,,,,,,,,,,,,,,,,,,,,,,,,,,,,,,,,,,,,,,,,,,,,,,,,,,,,,,,,,,,,,,,,,,,,,,,,,,,,,,,,,,,,,,,,,,,,,,,,,,,,,,,,,,,,,,,,,,,,,,,,,,,,,,,,,,,,,,,,,,,,,,,,,,,,,,,,,,,,,,,,,,,,Appliance_Dealers_Cooperative_CES700P3MD1.jpg,,,,,,,,,Appliance_Dealers_Cooperative_CES700P3MD1_Specification_Sheet.pdf,,,,,,,,,,,,,,,,,,No
,,,,,,59791409,Tools & Industrial Hardware,Industrial Maintenance,General Supplies,6791409,PS960YPFS,"PS960YPFS 30"" GE Electric Range SS - Display Only",-- Unbranded --,-- No Unilog Brand --,-- No DIB Brand --,Appliance Dealers Cooperative (APPDE),Appliance Dealers Cooperative,Appliance Dealers Cooperative,,PS960YPFS,,Tools & Industrial Hardware>Industrial Maintenance>General Supplies,"Appliance Dealers Cooperative, General Supplie, PS960YPFS",GENERAL SUPPLIE SST,"Appliance Dealers Cooperative PS960YPFS General Supplie, Stainless Steel","Appliance Dealers Cooperative General Supplie, Stainless Steel","General Supplie, Stainless Steel",,,,,,,,,,,,,,,,,,,,,,,,,,,General Supplie,Model,PS960YPFS,,Material,Stainless Steel,,Color,Stainless Steel,,,,,,,,,,,,,,,,,,,,,,,,,,,,,,,,,,,,,,,,,,,,,,,,,,,,,,,,,,,,,,,,,,,,,,,,,,,,,,,,,,,,,,,,,,,,,,,,,,,,,,,,,,,,,,,,,,,,,,,,,,,,,,,,,,,,,,,,,,,,,,,,,,,,,,,,,,,,,,,,,,Appliance_Dealers_Cooperative_PS960YPFS.jpg,,,,,,,,,Appliance_Dealers_Cooperative_PS960YPFS_Specification_Sheet.pdf,,,,,,,,,,,,,,,,,,No
,,,,,,45650997,Tools & Industrial Hardware,Industrial Maintenance,General Supplies,1650997,PB900YVFS,"PB900YVFS Elect 30"" Range SS",-- Unbranded --,-- No Unilog Brand --,-- No DIB Brand --,Appliance Dealers Cooperative (APPDE),Appliance Dealers Cooperative,Appliance Dealers Cooperative,,PB900YVFS,,Tools & Industrial Hardware>Industrial Maintenance>General Supplies,"Appliance Dealers Cooperative, General Supplie, PB900YVFS",GENERAL SUPPLIE SST,"Appliance Dealers Cooperative PB900YVFS General Supplie, Stainless Steel","Appliance Dealers Cooperative General Supplie, Stainless Steel","General Supplie, Stainless Steel",,,,,,,,,,,,,,,,,,,,,,,,,,,General Supplie,Model,PB900YVFS,,Material,Stainless Steel,,Color,Stainless Steel,,,,,,,,,,,,,,,,,,,,,,,,,,,,,,,,,,,,,,,,,,,,,,,,,,,,,,,,,,,,,,,,,,,,,,,,,,,,,,,,,,,,,,,,,,,,,,,,,,,,,,,,,,,,,,,,,,,,,,,,,,,,,,,,,,,,,,,,,,,,,,,,,,,,,,,,,,,,,,,,,,Appliance_Dealers_Cooperative_PB900YVFS.jpg,,,,,,,,,Appliance_Dealers_Cooperative_PB900YVFS_Specification_Sheet.pdf,,,,,,,,,,,,,,,,,,No
,,,,,,89616976,Tools & Industrial Hardware,Industrial Maintenance,General Supplies,9616976,PCFE3080AF,"PCFE3080AF 30"" Elect Range SS - Display Only",-- Unbranded --,-- No Unilog Brand --,-- No DIB Brand --,Appliance Dealers Cooperative (APPDE),Appliance Dealers Cooperative,Appliance Dealers Cooperative,,PCFE3080AF,,Tools & Industrial Hardware>Industrial Maintenance>General Supplies,"Appliance Dealers Cooperative, General Supplie, PCFE3080AF",GENERAL SUPPLIE SST,"Appliance Dealers Cooperative PCFE3080AF General Supplie, Stainless Steel","Appliance Dealers Cooperative General Supplie, Stainless Steel","General Supplie, Stainless Steel",,,,,,,,,,,,,,,,,,,,,,,,,,,General Supplie,Model,PCFE3080AF,,Material,Stainless Steel,,Color,Stainless Steel,,,,,,,,,,,,,,,,,,,,,,,,,,,,,,,,,,,,,,,,,,,,,,,,,,,,,,,,,,,,,,,,,,,,,,,,,,,,,,,,,,,,,,,,,,,,,,,,,,,,,,,,,,,,,,,,,,,,,,,,,,,,,,,,,,,,,,,,,,,,,,,,,,,,,,,,,,,,,,,,,,Appliance_Dealers_Cooperative_PCFE3080AF.jpg,,,,,,,,,Appliance_Dealers_Cooperative_PCFE3080AF_Specification_Sheet.pdf,,,,,,,,,,,,,,,,,,No
,,,,,,13113668,Tools & Industrial Hardware,Industrial Maintenance,General Supplies,5113668,SLER30524SS,"SLER30524SS 30"" Elect Range SS",-- Unbranded --,-- No Unilog Brand --,-- No DIB Brand --,Appliance Dealers Cooperative (APPDE),Appliance Dealers Cooperative,Appliance Dealers Cooperative,,SLER30524SS,,Tools & Industrial Hardware>Industrial Maintenance>General Supplies,"Appliance Dealers Cooperative, General Supplie, SLER30524SS",GENERAL SUPPLIE SST,"Appliance Dealers Cooperative SLER30524SS General Supplie, Stainless Steel","Appliance Dealers Cooperative General Supplie, Stainless Steel","General Supplie, Stainless Steel",,,,,,,,,,,,,,,,,,,,,,,,,,,General Supplie,Model,SLER30524SS,,Material,Stainless Steel,,Color,Stainless Steel,,,,,,,,,,,,,,,,,,,,,,,,,,,,,,,,,,,,,,,,,,,,,,,,,,,,,,,,,,,,,,,,,,,,,,,,,,,,,,,,,,,,,,,,,,,,,,,,,,,,,,,,,,,,,,,,,,,,,,,,,,,,,,,,,,,,,,,,,,,,,,,,,,,,,,,,,,,,,,,,,,Appliance_Dealers_Cooperative_SLER30524SS.jpg,,,,,,,,,Appliance_Dealers_Cooperative_SLER30524SS_Specification_Sheet.pdf,,,,,,,,,,,,,,,,,,No
,,,,,,64660397,Tools & Industrial Hardware,Industrial Maintenance,General Supplies,2660397,LSEL6333ZE,"LSEL6333ZE LG 30"" Elec Range BS-Display Only",-- Unbranded --,-- No Unilog Brand --,-- No DIB Brand --,Appliance Dealers Cooperative (APPDE),Appliance Dealers Cooperative,Appliance Dealers Cooperative,,LSEL6333ZE,,Tools & Industrial Hardware>Industrial Maintenance>General Supplies,"Appliance Dealers Cooperative, General Supplie, LSEL6333ZE",GENERAL SUPPLIE,Appliance Dealers Cooperative LSEL6333ZE General Supplie,Appliance Dealers Cooperative General Supplie,General Supplie,,,,,,,,,,,,,,,,,,,,,,,,,,,General Supplie,Model,LSEL6333ZE,,,,,,,,,,,,,,,,,,,,,,,,,,,,,,,,,,,,,,,,,,,,,,,,,,,,,,,,,,,,,,,,,,,,,,,,,,,,,,,,,,,,,,,,,,,,,,,,,,,,,,,,,,,,,,,,,,,,,,,,,,,,,,,,,,,,,,,,,,,,,,,,,,,,,,,,,,,,,,,,,,,,,,,,Appliance_Dealers_Cooperative_LSEL6333ZE.jpg,,,,,,,,,Appliance_Dealers_Cooperative_LSEL6333ZE_Specification_Sheet.pdf,,,,,,,,,,,,,,,,,,No
,,,,,,48685414,Tools & Industrial Hardware,Industrial Maintenance,General Supplies,4685414,KSES530SBE,"KSES530SBE 30"" Elect Range BO Display Only",-- Unbranded --,-- No Unilog Brand --,-- No DIB Brand --,Appliance Dealers Cooperative (APPDE),Appliance Dealers Cooperative,Appliance Dealers Cooperative,,KSES530SBE,,Tools & Industrial Hardware>Industrial Maintenance>General Supplies,"Appliance Dealers Cooperative, General Supplie, KSES530SBE",GENERAL SUPPLIE,Appliance Dealers Cooperative KSES530SBE General Supplie,Appliance Dealers Cooperative General Supplie,General Supplie,,,,,,,,,,,,,,,,,,,,,,,,,,,General Supplie,Model,KSES530SBE,,,,,,,,,,,,,,,,,,,,,,,,,,,,,,,,,,,,,,,,,,,,,,,,,,,,,,,,,,,,,,,,,,,,,,,,,,,,,,,,,,,,,,,,,,,,,,,,,,,,,,,,,,,,,,,,,,,,,,,,,,,,,,,,,,,,,,,,,,,,,,,,,,,,,,,,,,,,,,,,,,,,,,,,Appliance_Dealers_Cooperative_KSES530SBE.jpg,,,,,,,,,Appliance_Dealers_Cooperative_KSES530SBE_Specification_Sheet.pdf,,,,,,,,,,,,,,,,,,No
,,,,,,70111471,Tools & Industrial Hardware,Industrial Maintenance,General Supplies,8111471,GCFG3661AF,"GCFG3661AF 36"" Frigidaire Gas Range SS",-- Unbranded --,-- No Unilog Brand --,-- No DIB Brand --,Appliance Dealers Cooperative (APPDE),Appliance Dealers Cooperative,Appliance Dealers Cooperative,,GCFG3661AF,,Tools & Industrial Hardware>Industrial Maintenance>General Supplies,"Appliance Dealers Cooperative, General Supplie, GCFG3661AF",GENERAL SUPPLIE SST,"Appliance Dealers Cooperative GCFG3661AF General Supplie, Stainless Steel","Appliance Dealers Cooperative General Supplie, Stainless Steel","General Supplie, Stainless Steel",,,,,,,,,,,,,,,,,,,,,,,,,,,General Supplie,Model,GCFG3661AF,,Material,Stainless Steel,,Color,Stainless Steel,,,,,,,,,,,,,,,,,,,,,,,,,,,,,,,,,,,,,,,,,,,,,,,,,,,,,,,,,,,,,,,,,,,,,,,,,,,,,,,,,,,,,,,,,,,,,,,,,,,,,,,,,,,,,,,,,,,,,,,,,,,,,,,,,,,,,,,,,,,,,,,,,,,,,,,,,,,,,,,,,,Appliance_Dealers_Cooperative_GCFG3661AF.jpg,,,,,,,,,Appliance_Dealers_Cooperative_GCFG3661AF_Specification_Sheet.pdf,,,,,,,,,,,,,,,,,,No
,,,,,,50532417,Tools & Industrial Hardware,Industrial Maintenance,General Supplies,6532417,WSGS7530RZ,"WSGS7530RZ 30"" Gas Range SS - Display Only",-- Unbranded --,-- No Unilog Brand --,-- No DIB Brand --,Appliance Dealers Cooperative (APPDE),Appliance Dealers Cooperative,Appliance Dealers Cooperative,,WSGS7530RZ,,Tools & Industrial Hardware>Industrial Maintenance>General Supplies,"Appliance Dealers Cooperative, General Supplie, WSGS7530RZ",GENERAL SUPPLIE SST,"Appliance Dealers Cooperative WSGS7530RZ General Supplie, Stainless Steel","Appliance Dealers Cooperative General Supplie, Stainless Steel","General Supplie, Stainless Steel",,,,,,,,,,,,,,,,,,,,,,,,,,,General Supplie,Model,WSGS7530RZ,,Material,Stainless Steel,,Color,Stainless Steel,,,,,,,,,,,,,,,,,,,,,,,,,,,,,,,,,,,,,,,,,,,,,,,,,,,,,,,,,,,,,,,,,,,,,,,,,,,,,,,,,,,,,,,,,,,,,,,,,,,,,,,,,,,,,,,,,,,,,,,,,,,,,,,,,,,,,,,,,,,,,,,,,,,,,,,,,,,,,,,,,,Appliance_Dealers_Cooperative_WSGS7530RZ.jpg,,,,,,,,,Appliance_Dealers_Cooperative_WSGS7530RZ_Specification_Sheet.pdf,,,,,,,,,,,,,,,,,,No
,,,,,,40645935,Tools & Industrial Hardware,Industrial Maintenance,General Supplies,5645935,CHP90301TBB,CHP90301TBB Café Cooktop Bk,-- Unbranded --,-- No Unilog Brand --,-- No DIB Brand --,Appliance Dealers Cooperative (APPDE),Appliance Dealers Cooperative,Appliance Dealers Cooperative,,CHP90301TBB,,Tools & Industrial Hardware>Industrial Maintenance>General Supplies,"Appliance Dealers Cooperative, General Supplie, CHP90301TBB",GENERAL SUPPLIE,Appliance Dealers Cooperative CHP90301TBB General Supplie,Appliance Dealers Cooperative General Supplie,General Supplie,,,,,,,,,,,,,,,,,,,,,,,,,,,General Supplie,Model,CHP90301TBB,,,,,,,,,,,,,,,,,,,,,,,,,,,,,,,,,,,,,,,,,,,,,,,,,,,,,,,,,,,,,,,,,,,,,,,,,,,,,,,,,,,,,,,,,,,,,,,,,,,,,,,,,,,,,,,,,,,,,,,,,,,,,,,,,,,,,,,,,,,,,,,,,,,,,,,,,,,,,,,,,,,,,,,,Appliance_Dealers_Cooperative_CHP90301TBB.jpg,,,,,,,,,Appliance_Dealers_Cooperative_CHP90301TBB_Specification_Sheet.pdf,,,,,,,,,,,,,,,,,,No
,,,,,,67878267,Tools & Industrial Hardware,Industrial Maintenance,General Supplies,5878267,CVM517P3RD1,CVM517P3RD1 Cafe Microwave Bk - Display,-- Unbranded --,-- No Unilog Brand --,-- No DIB Brand --,Appliance Dealers Cooperative (APPDE),Appliance Dealers Cooperative,Appliance Dealers Cooperative,,CVM517P3RD1,,Tools & Industrial Hardware>Industrial Maintenance>General Supplies,"Appliance Dealers Cooperative, General Supplie, CVM517P3RD1",GENERAL SUPPLIE,Appliance Dealers Cooperative CVM517P3RD1 General Supplie,Appliance Dealers Cooperative General Supplie,General Supplie,,,,,,,,,,,,,,,,,,,,,,,,,,,General Supplie,Model,CVM517P3RD1,,,,,,,,,,,,,,,,,,,,,,,,,,,,,,,,,,,,,,,,,,,,,,,,,,,,,,,,,,,,,,,,,,,,,,,,,,,,,,,,,,,,,,,,,,,,,,,,,,,,,,,,,,,,,,,,,,,,,,,,,,,,,,,,,,,,,,,,,,,,,,,,,,,,,,,,,,,,,,,,,,,,,,,,Appliance_Dealers_Cooperative_CVM517P3RD1.jpg,,,,,,,,,Appliance_Dealers_Cooperative_CVM517P3RD1_Specification_Sheet.pdf,,,,,,,,,,,,,,,,,,No
,,,,,,25968855,Tools & Industrial Hardware,Industrial Maintenance,General Supplies,8968855,PMOS1980AF,PMOS1980AF OTR Microwave SS - Display Only,-- Unbranded --,-- No Unilog Brand --,-- No DIB Brand --,Appliance Dealers Cooperative (APPDE),Appliance Dealers Cooperative,Appliance Dealers Cooperative,,PMOS1980AF,,Tools & Industrial Hardware>Industrial Maintenance>General Supplies,"Appliance Dealers Cooperative, General Supplie, PMOS1980AF",GENERAL SUPPLIE SST,"Appliance Dealers Cooperative PMOS1980AF General Supplie, Stainless Steel","Appliance Dealers Cooperative General Supplie, Stainless Steel","General Supplie, Stainless Steel",,,,,,,,,,,,,,,,,,,,,,,,,,,General Supplie,Model,PMOS1980AF,,Material,Stainless Steel,,Color,Stainless Steel,,,,,,,,,,,,,,,,,,,,,,,,,,,,,,,,,,,,,,,,,,,,,,,,,,,,,,,,,,,,,,,,,,,,,,,,,,,,,,,,,,,,,,,,,,,,,,,,,,,,,,,,,,,,,,,,,,,,,,,,,,,,,,,,,,,,,,,,,,,,,,,,,,,,,,,,,,,,,,,,,,Appliance_Dealers_Cooperative_PMOS1980AF.jpg,,,,,,,,,Appliance_Dealers_Cooperative_PMOS1980AF_Specification_Sheet.pdf,,,,,,,,,,,,,,,,,,No
,,,,,,21107908,Tools & Industrial Hardware,Industrial Maintenance,General Supplies,4107908,WMMS3330RZ,WMMS3330RZ OTR Mocrowave SS - Display Only,-- Unbranded --,-- No Unilog Brand --,-- No DIB Brand --,Appliance Dealers Cooperative (APPDE),Appliance Dealers Cooperative,Appliance Dealers Cooperative,,WMMS3330RZ,,Tools & Industrial Hardware>Industrial Maintenance>General Supplies,"Appliance Dealers Cooperative, General Supplie, WMMS3330RZ",GENERAL SUPPLIE SST,"Appliance Dealers Cooperative WMMS3330RZ General Supplie, Stainless Steel","Appliance Dealers Cooperative General Supplie, Stainless Steel","General Supplie, Stainless Steel",,,,,,,,,,,,,,,,,,,,,,,,,,,General Supplie,Model,WMMS3330RZ,,Material,Stainless Steel,,Color,Stainless Steel,,,,,,,,,,,,,,,,,,,,,,,,,,,,,,,,,,,,,,,,,,,,,,,,,,,,,,,,,,,,,,,,,,,,,,,,,,,,,,,,,,,,,,,,,,,,,,,,,,,,,,,,,,,,,,,,,,,,,,,,,,,,,,,,,,,,,,,,,,,,,,,,,,,,,,,,,,,,,,,,,,Appliance_Dealers_Cooperative_WMMS3330RZ.jpg,,,,,,,,,Appliance_Dealers_Cooperative_WMMS3330RZ_Specification_Sheet.pdf,,,,,,,,,,,,,,,,,,No
,,,,,,60853934,Tools & Industrial Hardware,Industrial Maintenance,General Supplies,7853934,KMMF530PBE,KMMF530PBE OTR Microwave BO Display Only,-- Unbranded --,-- No Unilog Brand --,-- No DIB Brand --,Appliance Dealers Cooperative (APPDE),Appliance Dealers Cooperative,Appliance Dealers Cooperative,,KMMF530PBE,,Tools & Industrial Hardware>Industrial Maintenance>General Supplies,"Appliance Dealers Cooperative, General Supplie, KMMF530PBE",GENERAL SUPPLIE,Appliance Dealers Cooperative KMMF530PBE General Supplie,Appliance Dealers Cooperative General Supplie,General Supplie,,,,,,,,,,,,,,,,,,,,,,,,,,,General Supplie,Model,KMMF530PBE,,,,,,,,,,,,,,,,,,,,,,,,,,,,,,,,,,,,,,,,,,,,,,,,,,,,,,,,,,,,,,,,,,,,,,,,,,,,,,,,,,,,,,,,,,,,,,,,,,,,,,,,,,,,,,,,,,,,,,,,,,,,,,,,,,,,,,,,,,,,,,,,,,,,,,,,,,,,,,,,,,,,,,,,Appliance_Dealers_Cooperative_KMMF530PBE.jpg,,,,,,,,,Appliance_Dealers_Cooperative_KMMF530PBE_Specification_Sheet.pdf,,,,,,,,,,,,,,,,,,No
,,,,,,16314145,Tools & Industrial Hardware,Industrial Maintenance,General Supplies,8314145,JXGRILL1,JXGRILL1 GE Range Grill,-- Unbranded --,-- No Unilog Brand --,-- No DIB Brand --,Appliance Dealers Cooperative (APPDE),Appliance Dealers Cooperative,Appliance Dealers Cooperative,,JXGRILL1,,Tools & Industrial Hardware>Industrial Maintenance>General Supplies,"Appliance Dealers Cooperative, General Supplie, JXGRILL1",GENERAL SUPPLIE,Appliance Dealers Cooperative JXGRILL1 General Supplie,Appliance Dealers Cooperative General Supplie,General Supplie,,,,,,,,,,,,,,,,,,,,,,,,,,,General Supplie,Model,JXGRILL1,,,,,,,,,,,,,,,,,,,,,,,,,,,,,,,,,,,,,,,,,,,,,,,,,,,,,,,,,,,,,,,,,,,,,,,,,,,,,,,,,,,,,,,,,,,,,,,,,,,,,,,,,,,,,,,,,,,,,,,,,,,,,,,,,,,,,,,,,,,,,,,,,,,,,,,,,,,,,,,,,,,,,,,,Appliance_Dealers_Cooperative_JXGRILL1.jpg,,,,,,,,,Appliance_Dealers_Cooperative_JXGRILL1_Specification_Sheet.pdf,,,,,,,,,,,,,,,,,,No
,,,,,,91302165,Tools & Industrial Hardware,Industrial Maintenance,General Supplies,2302165,C9TMA2S3PD3,C9TMA2S3PD3 Café Toaster MB,-- Unbranded --,-- No Unilog Brand --,-- No DIB Brand --,Appliance Dealers Cooperative (APPDE),Appliance Dealers Cooperative,Appliance Dealers Cooperative,,C9TMA2S3PD3,,Tools & Industrial Hardware>Industrial Maintenance>General Supplies,"Appliance Dealers Cooperative, General Supplie, C9TMA2S3PD3",GENERAL SUPPLIE,Appliance Dealers Cooperative C9TMA2S3PD3 General Supplie,Appliance Dealers Cooperative General Supplie,General Supplie,,,,,,,,,,,,,,,,,,,,,,,,,,,General Supplie,Model,C9TMA2S3PD3,,,,,,,,,,,,,,,,,,,,,,,,,,,,,,,,,,,,,,,,,,,,,,,,,,,,,,,,,,,,,,,,,,,,,,,,,,,,,,,,,,,,,,,,,,,,,,,,,,,,,,,,,,,,,,,,,,,,,,,,,,,,,,,,,,,,,,,,,,,,,,,,,,,,,,,,,,,,,,,,,,,,,,,,Appliance_Dealers_Cooperative_C9TMA2S3PD3.jpg,,,,,,,,,Appliance_Dealers_Cooperative_C9TMA2S3PD3_Specification_Sheet.pdf,,,,,,,,,,,,,,,,,,No
,,,,,,42032997,Tools & Industrial Hardware,Industrial Maintenance,General Supplies,7032997,C9TMA2S4PW3,C9TMA2S4PW3 Café Toaster MW,-- Unbranded --,-- No Unilog Brand --,-- No DIB Brand --,Appliance Dealers Cooperative (APPDE),Appliance Dealers Cooperative,Appliance Dealers Cooperative,,C9TMA2S4PW3,,Tools & Industrial Hardware>Industrial Maintenance>General Supplies,"Appliance Dealers Cooperative, General Supplie, C9TMA2S4PW3",GENERAL SUPPLIE,Appliance Dealers Cooperative C9TMA2S4PW3 General Supplie,Appliance Dealers Cooperative General Supplie,General Supplie,,,,,,,,,,,,,,,,,,,,,,,,,,,General Supplie,Model,C9TMA2S4PW3,,,,,,,,,,,,,,,,,,,,,,,,,,,,,,,,,,,,,,,,,,,,,,,,,,,,,,,,,,,,,,,,,,,,,,,,,,,,,,,,,,,,,,,,,,,,,,,,,,,,,,,,,,,,,,,,,,,,,,,,,,,,,,,,,,,,,,,,,,,,,,,,,,,,,,,,,,,,,,,,,,,,,,,,Appliance_Dealers_Cooperative_C9TMA2S4PW3.jpg,,,,,,,,,Appliance_Dealers_Cooperative_C9TMA2S4PW3_Specification_Sheet.pdf,,,,,,,,,,,,,,,,,,No
,,,,,,37891943,Tools & Industrial Hardware,Industrial Maintenance,General Supplies,2891943,C90AAAS2RS3,C90AAAS2RS3 Cafe Toast Oven SS,-- Unbranded --,-- No Unilog Brand --,-- No DIB Brand --,Appliance Dealers Cooperative (APPDE),Appliance Dealers Cooperative,Appliance Dealers Cooperative,,C90AAAS2RS3,,Tools & Industrial Hardware>Industrial Maintenance>General Supplies,"Appliance Dealers Cooperative, General Supplie, C90AAAS2RS3",GENERAL SUPPLIE SST,"Appliance Dealers Cooperative C90AAAS2RS3 General Supplie, Stainless Steel","Appliance Dealers Cooperative General Supplie, Stainless Steel","General Supplie, Stainless Steel",,,,,,,,,,,,,,,,,,,,,,,,,,,General Supplie,Model,C90AAAS2RS3,,Material,Stainless Steel,,Color,Stainless Steel,,,,,,,,,,,,,,,,,,,,,,,,,,,,,,,,,,,,,,,,,,,,,,,,,,,,,,,,,,,,,,,,,,,,,,,,,,,,,,,,,,,,,,,,,,,,,,,,,,,,,,,,,,,,,,,,,,,,,,,,,,,,,,,,,,,,,,,,,,,,,,,,,,,,,,,,,,,,,,,,,,Appliance_Dealers_Cooperative_C90AAAS2RS3.jpg,,,,,,,,,Appliance_Dealers_Cooperative_C90AAAS2RS3_Specification_Sheet.pdf,,,,,,,,,,,,,,,,,,No
,,,,,,36122870,Tools & Industrial Hardware,Industrial Maintenance,General Supplies,1122870,C9TMA2SP2PS3,C9TMA2S2PS3 Cafe Toaster SS,-- Unbranded --,-- No Unilog Brand --,-- No DIB Brand --,Appliance Dealers Cooperative (APPDE),Appliance Dealers Cooperative,Appliance Dealers Cooperative,,C9TMA2SP2PS3,,Tools & Industrial Hardware>Industrial Maintenance>General Supplies,"Appliance Dealers Cooperative, General Supplie, C9TMA2SP2PS3",GENERAL SUPPLIE SST,"Appliance Dealers Cooperative C9TMA2SP2PS3 General Supplie, Stainless Steel","Appliance Dealers Cooperative General Supplie, Stainless Steel","General Supplie, Stainless Steel",,,,,,,,,,,,,,,,,,,,,,,,,,,General Supplie,Model,C9TMA2SP2PS3,,Material,Stainless Steel,,Color,Stainless Steel,,,,,,,,,,,,,,,,,,,,,,,,,,,,,,,,,,,,,,,,,,,,,,,,,,,,,,,,,,,,,,,,,,,,,,,,,,,,,,,,,,,,,,,,,,,,,,,,,,,,,,,,,,,,,,,,,,,,,,,,,,,,,,,,,,,,,,,,,,,,,,,,,,,,,,,,,,,,,,,,,,Appliance_Dealers_Cooperative_C9TMA2SP2PS3.jpg,,,,,,,,,Appliance_Dealers_Cooperative_C9TMA2SP2PS3_Specification_Sheet.pdf,,,,,,,,,,,,,,,,,,No
,,,,,,70927701,Tools & Industrial Hardware,Industrial Maintenance,General Supplies,8927701,GDE21EMKES,GDE21EMKES GE 21CF Fridge SL Display Only,-- Unbranded --,-- No Unilog Brand --,-- No DIB Brand --,Appliance Dealers Cooperative (APPDE),Appliance Dealers Cooperative,Appliance Dealers Cooperative,,GDE21EMKES,,Tools & Industrial Hardware>Industrial Maintenance>General Supplies,"Appliance Dealers Cooperative, General Supplie, GDE21EMKES",GENERAL SUPPLIE,Appliance Dealers Cooperative GDE21EMKES General Supplie,Appliance Dealers Cooperative General Supplie,General Supplie,,,,,,,,,,,,,,,,,,,,,,,,,,,General Supplie,Model,GDE21EMKES,,,,,,,,,,,,,,,,,,,,,,,,,,,,,,,,,,,,,,,,,,,,,,,,,,,,,,,,,,,,,,,,,,,,,,,,,,,,,,,,,,,,,,,,,,,,,,,,,,,,,,,,,,,,,,,,,,,,,,,,,,,,,,,,,,,,,,,,,,,,,,,,,,,,,,,,,,,,,,,,,,,,,,,,Appliance_Dealers_Cooperative_GDE21EMKES.jpg,,,,,,,,,Appliance_Dealers_Cooperative_GDE21EMKES_Specification_Sheet.pdf,,,,,,,,,,,,,,,,,,No
,,,,,,93595867,Tools & Industrial Hardware,Industrial Maintenance,General Supplies,4595867,FCM16SLWW,FCM16SLWW 16CF GE Freezer Chest MH,-- Unbranded --,-- No Unilog Brand --,-- No DIB Brand --,Appliance Dealers Cooperative (APPDE),Appliance Dealers Cooperative,Appliance Dealers Cooperative,,FCM16SLWW,,Tools & Industrial Hardware>Industrial Maintenance>General Supplies,"Appliance Dealers Cooperative, General Supplie, FCM16SLWW",GENERAL SUPPLIE,Appliance Dealers Cooperative FCM16SLWW General Supplie,Appliance Dealers Cooperative General Supplie,General Supplie,,,,,,,,,,,,,,,,,,,,,,,,,,,General Supplie,Model,FCM16SLWW,,,,,,,,,,,,,,,,,,,,,,,,,,,,,,,,,,,,,,,,,,,,,,,,,,,,,,,,,,,,,,,,,,,,,,,,,,,,,,,,,,,,,,,,,,,,,,,,,,,,,,,,,,,,,,,,,,,,,,,,,,,,,,,,,,,,,,,,,,,,,,,,,,,,,,,,,,,,,,,,,,,,,,,,Appliance_Dealers_Cooperative_FCM16SLWW.jpg,,,,,,,,,Appliance_Dealers_Cooperative_FCM16SLWW_Specification_Sheet.pdf,,,,,,,,,,,,,,,,,,No
,,,,,,36686878,Tools & Industrial Hardware,Industrial Maintenance,General Supplies,1686878,GNE27JYMFS,GNE27JYMFS GE Fridge SS,-- Unbranded --,-- No Unilog Brand --,-- No DIB Brand --,Appliance Dealers Cooperative (APPDE),Appliance Dealers Cooperative,Appliance Dealers Cooperative,,GNE27JYMFS,,Tools & Industrial Hardware>Industrial Maintenance>General Supplies,"Appliance Dealers Cooperative, General Supplie, GNE27JYMFS",GENERAL SUPPLIE SST,"Appliance Dealers Cooperative GNE27JYMFS General Supplie, Stainless Steel","Appliance Dealers Cooperative General Supplie, Stainless Steel","General Supplie, Stainless Steel",,,,,,,,,,,,,,,,,,,,,,,,,,,General Supplie,Model,GNE27JYMFS,,Material,Stainless Steel,,Color,Stainless Steel,,,,,,,,,,,,,,,,,,,,,,,,,,,,,,,,,,,,,,,,,,,,,,,,,,,,,,,,,,,,,,,,,,,,,,,,,,,,,,,,,,,,,,,,,,,,,,,,,,,,,,,,,,,,,,,,,,,,,,,,,,,,,,,,,,,,,,,,,,,,,,,,,,,,,,,,,,,,,,,,,,Appliance_Dealers_Cooperative_GNE27JYMFS.jpg,,,,,,,,,Appliance_Dealers_Cooperative_GNE27JYMFS_Specification_Sheet.pdf,,,,,,,,,,,,,,,,,,No
,,,,,,41683993,Tools & Industrial Hardware,Industrial Maintenance,General Supplies,6683993,CVE28DP3ND1,CVE28DP3ND1 Cafe Fridge Bk,-- Unbranded --,-- No Unilog Brand --,-- No DIB Brand --,Appliance Dealers Cooperative (APPDE),Appliance Dealers Cooperative,Appliance Dealers Cooperative,,CVE28DP3ND1,,Tools & Industrial Hardware>Industrial Maintenance>General Supplies,"Appliance Dealers Cooperative, General Supplie, CVE28DP3ND1",GENERAL SUPPLIE,Appliance Dealers Cooperative CVE28DP3ND1 General Supplie,Appliance Dealers Cooperative General Supplie,General Supplie,,,,,,,,,,,,,,,,,,,,,,,,,,,General Supplie,Model,CVE28DP3ND1,,,,,,,,,,,,,,,,,,,,,,,,,,,,,,,,,,,,,,,,,,,,,,,,,,,,,,,,,,,,,,,,,,,,,,,,,,,,,,,,,,,,,,,,,,,,,,,,,,,,,,,,,,,,,,,,,,,,,,,,,,,,,,,,,,,,,,,,,,,,,,,,,,,,,,,,,,,,,,,,,,,,,,,,Appliance_Dealers_Cooperative_CVE28DP3ND1.jpg,,,,,,,,,Appliance_Dealers_Cooperative_CVE28DP3ND1_Specification_Sheet.pdf,,,,,,,,,,,,,,,,,,No
,,,,,,53380519,Tools & Industrial Hardware,Industrial Maintenance,General Supplies,9380519,GNE25JMKES,GNE25JMKES GE Fridge Slate - Display,-- Unbranded --,-- No Unilog Brand --,-- No DIB Brand --,Appliance Dealers Cooperative (APPDE),Appliance Dealers Cooperative,Appliance Dealers Cooperative,,GNE25JMKES,,Tools & Industrial Hardware>Industrial Maintenance>General Supplies,"Appliance Dealers Cooperative, General Supplie, GNE25JMKES",GENERAL SUPPLIE,Appliance Dealers Cooperative GNE25JMKES General Supplie,Appliance Dealers Cooperative General Supplie,General Supplie,,,,,,,,,,,,,,,,,,,,,,,,,,,General Supplie,Model,GNE25JMKES,,,,,,,,,,,,,,,,,,,,,,,,,,,,,,,,,,,,,,,,,,,,,,,,,,,,,,,,,,,,,,,,,,,,,,,,,,,,,,,,,,,,,,,,,,,,,,,,,,,,,,,,,,,,,,,,,,,,,,,,,,,,,,,,,,,,,,,,,,,,,,,,,,,,,,,,,,,,,,,,,,,,,,,,Appliance_Dealers_Cooperative_GNE25JMKES.jpg,,,,,,,,,Appliance_Dealers_Cooperative_GNE25JMKES_Specification_Sheet.pdf,,,,,,,,,,,,,,,,,,No
,,,,,,72448238,Tools & Industrial Hardware,Industrial Maintenance,General Supplies,1448238,PRFS2883AF,"PRFS2883AF 36"" Fridge SS - Display Only",-- Unbranded --,-- No Unilog Brand --,-- No DIB Brand --,Appliance Dealers Cooperative (APPDE),Appliance Dealers Cooperative,Appliance Dealers Cooperative,,PRFS2883AF,,Tools & Industrial Hardware>Industrial Maintenance>General Supplies,"Appliance Dealers Cooperative, General Supplie, PRFS2883AF",GENERAL SUPPLIE SST,"Appliance Dealers Cooperative PRFS2883AF General Supplie, Stainless Steel","Appliance Dealers Cooperative General Supplie, Stainless Steel","General Supplie, Stainless Steel",,,,,,,,,,,,,,,,,,,,,,,,,,,General Supplie,Model,PRFS2883AF,,Material,Stainless Steel,,Color,Stainless Steel,,,,,,,,,,,,,,,,,,,,,,,,,,,,,,,,,,,,,,,,,,,,,,,,,,,,,,,,,,,,,,,,,,,,,,,,,,,,,,,,,,,,,,,,,,,,,,,,,,,,,,,,,,,,,,,,,,,,,,,,,,,,,,,,,,,,,,,,,,,,,,,,,,,,,,,,,,,,,,,,,,Appliance_Dealers_Cooperative_PRFS2883AF.jpg,,,,,,,,,Appliance_Dealers_Cooperative_PRFS2883AF_Specification_Sheet.pdf,,,,,,,,,,,,,,,,,,No
,,,,,,33078618,Tools & Industrial Hardware,Industrial Maintenance,General Supplies,7078618,PAD28BYTFS,PAD28BYTFS GE Fridge SS,-- Unbranded --,-- No Unilog Brand --,-- No DIB Brand --,Appliance Dealers Cooperative (APPDE),Appliance Dealers Cooperative,Appliance Dealers Cooperative,,PAD28BYTFS,,Tools & Industrial Hardware>Industrial Maintenance>General Supplies,"Appliance Dealers Cooperative, General Supplie, PAD28BYTFS",GENERAL SUPPLIE SST,"Appliance Dealers Cooperative PAD28BYTFS General Supplie, Stainless Steel","Appliance Dealers Cooperative General Supplie, Stainless Steel","General Supplie, Stainless Steel",,,,,,,,,,,,,,,,,,,,,,,,,,,General Supplie,Model,PAD28BYTFS,,Material,Stainless Steel,,Color,Stainless Steel,,,,,,,,,,,,,,,,,,,,,,,,,,,,,,,,,,,,,,,,,,,,,,,,,,,,,,,,,,,,,,,,,,,,,,,,,,,,,,,,,,,,,,,,,,,,,,,,,,,,,,,,,,,,,,,,,,,,,,,,,,,,,,,,,,,,,,,,,,,,,,,,,,,,,,,,,,,,,,,,,,Appliance_Dealers_Cooperative_PAD28BYTFS.jpg,,,,,,,,,Appliance_Dealers_Cooperative_PAD28BYTFS_Specification_Sheet.pdf,,,,,,,,,,,,,,,,,,No
,,,,,,46958397,Tools & Industrial Hardware,Industrial Maintenance,General Supplies,2958397,PGE29BYTFS,PGE29BYTFS GE Fridge SS,-- Unbranded --,-- No Unilog Brand --,-- No DIB Brand --,Appliance Dealers Cooperative (APPDE),Appliance Dealers Cooperative,Appliance Dealers Cooperative,,PGE29BYTFS,,Tools & Industrial Hardware>Industrial Maintenance>General Supplies,"Appliance Dealers Cooperative, General Supplie, PGE29BYTFS",GENERAL SUPPLIE SST,"Appliance Dealers Cooperative PGE29BYTFS General Supplie, Stainless Steel","Appliance Dealers Cooperative General Supplie, Stainless Steel","General Supplie, Stainless Steel",,,,,,,,,,,,,,,,,,,,,,,,,,,General Supplie,Model,PGE29BYTFS,,Material,Stainless Steel,,Color,Stainless Steel,,,,,,,,,,,,,,,,,,,,,,,,,,,,,,,,,,,,,,,,,,,,,,,,,,,,,,,,,,,,,,,,,,,,,,,,,,,,,,,,,,,,,,,,,,,,,,,,,,,,,,,,,,,,,,,,,,,,,,,,,,,,,,,,,,,,,,,,,,,,,,,,,,,,,,,,,,,,,,,,,,Appliance_Dealers_Cooperative_PGE29BYTFS.jpg,,,,,,,,,Appliance_Dealers_Cooperative_PGE29BYTFS_Specification_Sheet.pdf,,,,,,,,,,,,,,,,,,No
,,,,,,58918999,Tools & Industrial Hardware,Industrial Maintenance,General Supplies,5918999,ERFD19CGCS,ERFD19CGCS Element Fridge SS,-- Unbranded --,-- No Unilog Brand --,-- No DIB Brand --,Appliance Dealers Cooperative (APPDE),Appliance Dealers Cooperative,Appliance Dealers Cooperative,,ERFD19CGCS,,Tools & Industrial Hardware>Industrial Maintenance>General Supplies,"Appliance Dealers Cooperative, General Supplie, ERFD19CGCS",GENERAL SUPPLIE SST,"Appliance Dealers Cooperative ERFD19CGCS General Supplie, Stainless Steel","Appliance Dealers Cooperative General Supplie, Stainless Steel","General Supplie, Stainless Steel",,,,,,,,,,,,,,,,,,,,,,,,,,,General Supplie,Model,ERFD19CGCS,,Material,Stainless Steel,,Color,Stainless Steel,,,,,,,,,,,,,,,,,,,,,,,,,,,,,,,,,,,,,,,,,,,,,,,,,,,,,,,,,,,,,,,,,,,,,,,,,,,,,,,,,,,,,,,,,,,,,,,,,,,,,,,,,,,,,,,,,,,,,,,,,,,,,,,,,,,,,,,,,,,,,,,,,,,,,,,,,,,,,,,,,,Appliance_Dealers_Cooperative_ERFD19CGCS.jpg,,,,,,,,,Appliance_Dealers_Cooperative_ERFD19CGCS_Specification_Sheet.pdf,,,,,,,,,,,,,,,,,,No
,,,,,,40472818,Tools & Industrial Hardware,Industrial Maintenance,General Supplies,5472818,LT18S2100W,LT18S2100W LG Fridge Wh,-- Unbranded --,-- No Unilog Brand --,-- No DIB Brand --,Appliance Dealers Cooperative (APPDE),Appliance Dealers Cooperative,Appliance Dealers Cooperative,,LT18S2100W,,Tools & Industrial Hardware>Industrial Maintenance>General Supplies,"Appliance Dealers Cooperative, General Supplie, LT18S2100W",GENERAL SUPPLIE,Appliance Dealers Cooperative LT18S2100W General Supplie,Appliance Dealers Cooperative General Supplie,General Supplie,,,,,,,,,,,,,,,,,,,,,,,,,,,General Supplie,Model,LT18S2100W,,,,,,,,,,,,,,,,,,,,,,,,,,,,,,,,,,,,,,,,,,,,,,,,,,,,,,,,,,,,,,,,,,,,,,,,,,,,,,,,,,,,,,,,,,,,,,,,,,,,,,,,,,,,,,,,,,,,,,,,,,,,,,,,,,,,,,,,,,,,,,,,,,,,,,,,,,,,,,,,,,,,,,,,Appliance_Dealers_Cooperative_LT18S2100W.jpg,,,,,,,,,Appliance_Dealers_Cooperative_LT18S2100W_Specification_Sheet.pdf,,,,,,,,,,,,,,,,,,No
,,,,,,19336665,Tools & Industrial Hardware,Industrial Maintenance,General Supplies,2336665,LT18S2100SS,LT18S2100S 18CF LG Fridge SS,-- Unbranded --,-- No Unilog Brand --,-- No DIB Brand --,Appliance Dealers Cooperative (APPDE),Appliance Dealers Cooperative,Appliance Dealers Cooperative,,LT18S2100SS,,Tools & Industrial Hardware>Industrial Maintenance>General Supplies,"Appliance Dealers Cooperative, General Supplie, LT18S2100SS",GENERAL SUPPLIE SST,"Appliance Dealers Cooperative LT18S2100SS General Supplie, Stainless Steel","Appliance Dealers Cooperative General Supplie, Stainless Steel","General Supplie, Stainless Steel",,,,,,,,,,,,,,,,,,,,,,,,,,,General Supplie,Model,LT18S2100SS,,Material,Stainless Steel,,Color,Stainless Steel,,,,,,,,,,,,,,,,,,,,,,,,,,,,,,,,,,,,,,,,,,,,,,,,,,,,,,,,,,,,,,,,,,,,,,,,,,,,,,,,,,,,,,,,,,,,,,,,,,,,,,,,,,,,,,,,,,,,,,,,,,,,,,,,,,,,,,,,,,,,,,,,,,,,,,,,,,,,,,,,,,Appliance_Dealers_Cooperative_LT18S2100SS.jpg,,,,,,,,,Appliance_Dealers_Cooperative_LT18S2100SS_Specification_Sheet.pdf,,,,,,,,,,,,,,,,,,No
,,,,,,20348616,Tools & Industrial Hardware,Industrial Maintenance,General Supplies,3348616,EUF17CDBW,EUF17CDBW Element 17CF Freezer - Upright,-- Unbranded --,-- No Unilog Brand --,-- No DIB Brand --,Appliance Dealers Cooperative (APPDE),Appliance Dealers Cooperative,Appliance Dealers Cooperative,,EUF17CDBW,,Tools & Industrial Hardware>Industrial Maintenance>General Supplies,"Appliance Dealers Cooperative, General Supplie, EUF17CDBW",GENERAL SUPPLIE,Appliance Dealers Cooperative EUF17CDBW General Supplie,Appliance Dealers Cooperative General Supplie,General Supplie,,,,,,,,,,,,,,,,,,,,,,,,,,,General Supplie,Model,EUF17CDBW,,,,,,,,,,,,,,,,,,,,,,,,,,,,,,,,,,,,,,,,,,,,,,,,,,,,,,,,,,,,,,,,,,,,,,,,,,,,,,,,,,,,,,,,,,,,,,,,,,,,,,,,,,,,,,,,,,,,,,,,,,,,,,,,,,,,,,,,,,,,,,,,,,,,,,,,,,,,,,,,,,,,,,,,Appliance_Dealers_Cooperative_EUF17CDBW.jpg,,,,,,,,,Appliance_Dealers_Cooperative_EUF17CDBW_Specification_Sheet.pdf,,,,,,,,,,,,,,,,,,No
,,,,,,76934419,Tools & Industrial Hardware,Industrial Maintenance,General Supplies,5934419,EUF21CDBW,EUF21CDBW Element 21CF Freezer - Upright,-- Unbranded --,-- No Unilog Brand --,-- No DIB Brand --,Appliance Dealers Cooperative (APPDE),Appliance Dealers Cooperative,Appliance Dealers Cooperative,,EUF21CDBW,,Tools & Industrial Hardware>Industrial Maintenance>General Supplies,"Appliance Dealers Cooperative, General Supplie, EUF21CDBW",GENERAL SUPPLIE,Appliance Dealers Cooperative EUF21CDBW General Supplie,Appliance Dealers Cooperative General Supplie,General Supplie,,,,,,,,,,,,,,,,,,,,,,,,,,,General Supplie,Model,EUF21CDBW,,,,,,,,,,,,,,,,,,,,,,,,,,,,,,,,,,,,,,,,,,,,,,,,,,,,,,,,,,,,,,,,,,,,,,,,,,,,,,,,,,,,,,,,,,,,,,,,,,,,,,,,,,,,,,,,,,,,,,,,,,,,,,,,,,,,,,,,,,,,,,,,,,,,,,,,,,,,,,,,,,,,,,,,Appliance_Dealers_Cooperative_EUF21CDBW.jpg,,,,,,,,,Appliance_Dealers_Cooperative_EUF21CDBW_Specification_Sheet.pdf,,,,,,,,,,,,,,,,,,No
,,,,,,71651702,Tools & Hardware,Power Tools,Cutting & Drilling Tools,9651702,TP-1935,TP-1935 Hole Drilling System,-- Unbranded --,-- No Unilog Brand --,-- No DIB Brand --,-,,,,TP-1935,,Tools & Hardware>Power Tools>Cutting & Drilling Tools,", Cutting & Drilling Tool, TP-1935",CUTTING & DRILLING TOOL,TP-1935 Cutting & Drilling Tool,Cutting & Drilling Tool,Cutting & Drilling Tool,,1935 Hole Drilling System,,,,,,,,,,,,,,,,,,,,,,,,,Cutting & Drilling Tool,Model,TP-1935,,,,,,,,,,,,,,,,,,,,,,,,,,,,,,,,,,,,,,,,,,,,,,,,,,,,,,,,,,,,,,,,,,,,,,,,,,,,,,,,,,,,,,,,,,,,,,,,,,,,,,,,,,,,,,,,,,,,,,,,,,,,,,,,,,,,,,,,,,,,,,,,,,,,,,,,,,,,,,,,,,,,,,,,PRODUCT_TP-1935.jpg,,,,,,,,,PRODUCT_TP-1935_Specification_Sheet.pdf,,,,,,,,,,,,,,,,,,No
,,,,,,56829235,Tools & Industrial Hardware,Industrial Maintenance,General Supplies,3829235,K527APBXR,"K527APBXR Senco .131x3"" SM BB - 500CT",-- Unbranded --,-- No Unilog Brand --,-- No DIB Brand --,Senco Products Inc (4650),Senco Products Inc,Senco Products Inc,,K527APBXR,,Tools & Industrial Hardware>Industrial Maintenance>General Supplies,"Senco Products Inc, General Supplie, K527APBXR",GENERAL SUPPLIE,Senco Products Inc K527APBXR General Supplie,Senco Products Inc General Supplie,General Supplie,,,,,,,,,,,,,,,,,,,,,,,,,,,General Supplie,Model,K527APBXR,,,,,,,,,,,,,,,,,,,,,,,,,,,,,,,,,,,,,,,,,,,,,,,,,,,,,,,,,,,,,,,,,,,,,,,,,,,,,,,,,,,,,,,,,,,,,,,,,,,,,,,,,,,,,,,,,,,,,,,,,,,,,,,,,,,,,,,,,,,,,,,,,,,,,,,,,,,,,,,,,,,,,,,,Senco_Products_Inc_K527APBXR.jpg,,,,,,,,,Senco_Products_Inc_K527APBXR_Specification_Sheet.pdf,,,,,,,,,,,,,,,,,,No
,,,,,,45492140,Tools & Hardware,Hardware,Fasteners,1492140,603150,"603150 2-1/2"" Finish Nail 15GA - 4M",-- Unbranded --,-- No Unilog Brand --,-- No DIB Brand --,National Nail Corp (7439),National Nail Corp,National Nail Corp,,603150,,Tools & Hardware>Hardware>Fasteners,"National Nail Corp, Fastener, 603150",FASTENER,National Nail Corp 603150 Fastener,National Nail Corp Fastener,Fastener,,,,,,,,,,,,,,,,,,,,,,,,,,,Fastener,Model,603150,,,,,,,,,,,,,,,,,,,,,,,,,,,,,,,,,,,,,,,,,,,,,,,,,,,,,,,,,,,,,,,,,,,,,,,,,,,,,,,,,,,,,,,,,,,,,,,,,,,,,,,,,,,,,,,,,,,,,,,,,,,,,,,,,,,,,,,,,,,,,,,,,,,,,,,,,,,,,,,,,,,,,,,,National_Nail_Corp_603150.jpg,,,,,,,,,National_Nail_Corp_603150_Specification_Sheet.pdf,,,,,,,,,,,,,,,,,,No
,,,,,,86520088,Tools & Industrial Hardware,Industrial Maintenance,General Supplies,6520088,d10cnk,"D10CNK Prebena 1/2""x3/8"" - Staple",-- Unbranded --,-- No Unilog Brand --,-- No DIB Brand --,Prebena (PREBE),Prebena,Prebena,,d10cnk,,Tools & Industrial Hardware>Industrial Maintenance>General Supplies,"Prebena, General Supplie, D10CNK",GENERAL SUPPLIE,Prebena D10CNK General Supplie,Prebena General Supplie,General Supplie,,,,,,,,,,,,,,,,,,,,,,,,,,,General Supplie,Model,d10cnk,,,,,,,,,,,,,,,,,,,,,,,,,,,,,,,,,,,,,,,,,,,,,,,,,,,,,,,,,,,,,,,,,,,,,,,,,,,,,,,,,,,,,,,,,,,,,,,,,,,,,,,,,,,,,,,,,,,,,,,,,,,,,,,,,,,,,,,,,,,,,,,,,,,,,,,,,,,,,,,,,,,,,,,,Prebena_d10cnk.jpg,,,,,,,,,Prebena_d10cnk_Specification_Sheet.pdf,,,,,,,,,,,,,,,,,,No
,,,,,,72789830,Tools & Industrial Hardware,Industrial Maintenance,General Supplies,1789830,e28cnkha,"E28CNKHA Prebena 2/4""x1 1/8"" - Staple",-- Unbranded --,-- No Unilog Brand --,-- No DIB Brand --,Prebena (PREBE),Prebena,Prebena,,e28cnkha,,Tools & Industrial Hardware>Industrial Maintenance>General Supplies,"Prebena, General Supplie, E28CNKHA",GENERAL SUPPLIE,Prebena E28CNKHA General Supplie,Prebena General Supplie,General Supplie,,,,,,,,,,,,,,,,,,,,,,,,,,,General Supplie,Model,e28cnkha,,,,,,,,,,,,,,,,,,,,,,,,,,,,,,,,,,,,,,,,,,,,,,,,,,,,,,,,,,,,,,,,,,,,,,,,,,,,,,,,,,,,,,,,,,,,,,,,,,,,,,,,,,,,,,,,,,,,,,,,,,,,,,,,,,,,,,,,,,,,,,,,,,,,,,,,,,,,,,,,,,,,,,,,Prebena_e28cnkha.jpg,,,,,,,,,Prebena_e28cnkha_Specification_Sheet.pdf,,,,,,,,,,,,,,,,,,No
,,,,,,98987698,Tools & Industrial Hardware,Industrial Maintenance,General Supplies,9987698,51334,"51334 44"" Wh Gilmour Fan",-- Unbranded --,-- No Unilog Brand --,-- No DIB Brand --,Hunter Fan Co (4381),Hunter Fan Co,Hunter Fan Co,,51334,,Tools & Industrial Hardware>Industrial Maintenance>General Supplies,"Hunter Fan Co, General Supplie, 51334",GENERAL SUPPLIE,Hunter Fan Co 51334 General Supplie,Hunter Fan Co General Supplie,General Supplie,,,,,,,,,,,,,,,,,,,,,,,,,,,General Supplie,Model,51334,,,,,,,,,,,,,,,,,,,,,,,,,,,,,,,,,,,,,,,,,,,,,,,,,,,,,,,,,,,,,,,,,,,,,,,,,,,,,,,,,,,,,,,,,,,,,,,,,,,,,,,,,,,,,,,,,,,,,,,,,,,,,,,,,,,,,,,,,,,,,,,,,,,,,,,,,,,,,,,,,,,,,,,,Hunter_Fan_Co_51334.jpg,,,,,,,,,Hunter_Fan_Co_51334_Specification_Sheet.pdf,,,,,,,,,,,,,,,,,,No
,,,,,,27491165,Tools & Industrial Hardware,Industrial Maintenance,General Supplies,1491165,59210,"59210 52"" BZ Sent Hunter Fan",-- Unbranded --,-- No Unilog Brand --,Hunter,Hunter Fan Co (4381),Hunter Fan Co,Hunter,,59210,,Tools & Industrial Hardware>Industrial Maintenance>General Supplies,"Hunter Fan Co, General Supplie, 59210",GENERAL SUPPLIE,Hunter 59210 General Supplie,Hunter General Supplie,General Supplie,,,,,,,,,,,,,,,,,,,,,,,,,,,General Supplie,Model,59210,,,,,,,,,,,,,,,,,,,,,,,,,,,,,,,,,,,,,,,,,,,,,,,,,,,,,,,,,,,,,,,,,,,,,,,,,,,,,,,,,,,,,,,,,,,,,,,,,,,,,,,,,,,,,,,,,,,,,,,,,,,,,,,,,,,,,,,,,,,,,,,,,,,,,,,,,,,,,,,,,,,,,,,,Hunter_59210.jpg,,,,,,,,,Hunter_59210_Specification_Sheet.pdf,,,,,,,,,,,,,,,,,,No
,,,,,,33966142,Tools & Industrial Hardware,Industrial Maintenance,General Supplies,7966142,52485,"52485 52"" MB Anisten Fan",-- Unbranded --,-- No Unilog Brand --,-- No DIB Brand --,Hunter Fan Co (4381),Hunter Fan Co,Hunter Fan Co,,52485,,Tools & Industrial Hardware>Industrial Maintenance>General Supplies,"Hunter Fan Co, General Supplie, 52485",GENERAL SUPPLIE,Hunter Fan Co 52485 General Supplie,Hunter Fan Co General Supplie,General Supplie,,,,,,,,,,,,,,,,,,,,,,,,,,,General Supplie,Model,52485,,,,,,,,,,,,,,,,,,,,,,,,,,,,,,,,,,,,,,,,,,,,,,,,,,,,,,,,,,,,,,,,,,,,,,,,,,,,,,,,,,,,,,,,,,,,,,,,,,,,,,,,,,,,,,,,,,,,,,,,,,,,,,,,,,,,,,,,,,,,,,,,,,,,,,,,,,,,,,,,,,,,,,,,Hunter_Fan_Co_52485.jpg,,,,,,,,,Hunter_Fan_Co_52485_Specification_Sheet.pdf,,,,,,,,,,,,,,,,,,No
,,,,,,27198693,Tools & Industrial Hardware,Industrial Maintenance,General Supplies,1198693,52486,"52486 44"" MB Anisten Fan",-- Unbranded --,-- No Unilog Brand --,-- No DIB Brand --,Hunter Fan Co (4381),Hunter Fan Co,Hunter Fan Co,,52486,,Tools & Industrial Hardware>Industrial Maintenance>General Supplies,"Hunter Fan Co, General Supplie, 52486",GENERAL SUPPLIE,Hunter Fan Co 52486 General Supplie,Hunter Fan Co General Supplie,General Supplie,,,,,,,,,,,,,,,,,,,,,,,,,,,General Supplie,Model,52486,,,,,,,,,,,,,,,,,,,,,,,,,,,,,,,,,,,,,,,,,,,,,,,,,,,,,,,,,,,,,,,,,,,,,,,,,,,,,,,,,,,,,,,,,,,,,,,,,,,,,,,,,,,,,,,,,,,,,,,,,,,,,,,,,,,,,,,,,,,,,,,,,,,,,,,,,,,,,,,,,,,,,,,,Hunter_Fan_Co_52486.jpg,,,,,,,,,Hunter_Fan_Co_52486_Specification_Sheet.pdf,,,,,,,,,,,,,,,,,,No
,,,,,,60483551,Tools & Industrial Hardware,Industrial Maintenance,General Supplies,7483551,52487,"52487 52"" WH Anisten Fan",-- Unbranded --,-- No Unilog Brand --,-- No DIB Brand --,Hunter Fan Co (4381),Hunter Fan Co,Hunter Fan Co,,52487,,Tools & Industrial Hardware>Industrial Maintenance>General Supplies,"Hunter Fan Co, General Supplie, 52487",GENERAL SUPPLIE,Hunter Fan Co 52487 General Supplie,Hunter Fan Co General Supplie,General Supplie,,,,,,,,,,,,,,,,,,,,,,,,,,,General Supplie,Model,52487,,,,,,,,,,,,,,,,,,,,,,,,,,,,,,,,,,,,,,,,,,,,,,,,,,,,,,,,,,,,,,,,,,,,,,,,,,,,,,,,,,,,,,,,,,,,,,,,,,,,,,,,,,,,,,,,,,,,,,,,,,,,,,,,,,,,,,,,,,,,,,,,,,,,,,,,,,,,,,,,,,,,,,,,Hunter_Fan_Co_52487.jpg,,,,,,,,,Hunter_Fan_Co_52487_Specification_Sheet.pdf,,,,,,,,,,,,,,,,,,No
,,,,,,89889547,Tools & Industrial Hardware,Industrial Maintenance,General Supplies,9889547,52488,"52488 44"" WH Anisten Fan",-- Unbranded --,-- No Unilog Brand --,-- No DIB Brand --,Hunter Fan Co (4381),Hunter Fan Co,Hunter Fan Co,,52488,,Tools & Industrial Hardware>Industrial Maintenance>General Supplies,"Hunter Fan Co, General Supplie, 52488",GENERAL SUPPLIE,Hunter Fan Co 52488 General Supplie,Hunter Fan Co General Supplie,General Supplie,,,,,,,,,,,,,,,,,,,,,,,,,,,General Supplie,Model,52488,,,,,,,,,,,,,,,,,,,,,,,,,,,,,,,,,,,,,,,,,,,,,,,,,,,,,,,,,,,,,,,,,,,,,,,,,,,,,,,,,,,,,,,,,,,,,,,,,,,,,,,,,,,,,,,,,,,,,,,,,,,,,,,,,,,,,,,,,,,,,,,,,,,,,,,,,,,,,,,,,,,,,,,,Hunter_Fan_Co_52488.jpg,,,,,,,,,Hunter_Fan_Co_52488_Specification_Sheet.pdf,,,,,,,,,,,,,,,,,,No
,,,,,,81046734,Tools & Industrial Hardware,Industrial Maintenance,General Supplies,1046734,52655,"52655 52"" MB Xidane Hunter Fan",-- Unbranded --,-- No Unilog Brand --,-- No DIB Brand --,Hunter Fan Co (4381),Hunter Fan Co,Hunter Fan Co,,52655,,Tools & Industrial Hardware>Industrial Maintenance>General Supplies,"Hunter Fan Co, General Supplie, 52655",GENERAL SUPPLIE,Hunter Fan Co 52655 General Supplie,Hunter Fan Co General Supplie,General Supplie,,,,,,,,,,,,,,,,,,,,,,,,,,,General Supplie,Model,52655,,,,,,,,,,,,,,,,,,,,,,,,,,,,,,,,,,,,,,,,,,,,,,,,,,,,,,,,,,,,,,,,,,,,,,,,,,,,,,,,,,,,,,,,,,,,,,,,,,,,,,,,,,,,,,,,,,,,,,,,,,,,,,,,,,,,,,,,,,,,,,,,,,,,,,,,,,,,,,,,,,,,,,,,Hunter_Fan_Co_52655.jpg,,,,,,,,,Hunter_Fan_Co_52655_Specification_Sheet.pdf,,,,,,,,,,,,,,,,,,No
,,,,,,70858306,Tools & Industrial Hardware,Industrial Maintenance,General Supplies,8858306,59261,"59261 52"" PB Cassius Fan",-- Unbranded --,-- No Unilog Brand --,-- No DIB Brand --,Hunter Fan Co (4381),Hunter Fan Co,Hunter Fan Co,,59261,,Tools & Industrial Hardware>Industrial Maintenance>General Supplies,"Hunter Fan Co, General Supplie, 59261",GENERAL SUPPLIE,Hunter Fan Co 59261 General Supplie,Hunter Fan Co General Supplie,General Supplie,,,,,,,,,,,,,,,,,,,,,,,,,,,General Supplie,Model,59261,,,,,,,,,,,,,,,,,,,,,,,,,,,,,,,,,,,,,,,,,,,,,,,,,,,,,,,,,,,,,,,,,,,,,,,,,,,,,,,,,,,,,,,,,,,,,,,,,,,,,,,,,,,,,,,,,,,,,,,,,,,,,,,,,,,,,,,,,,,,,,,,,,,,,,,,,,,,,,,,,,,,,,,,Hunter_Fan_Co_59261.jpg,,,,,,,,,Hunter_Fan_Co_59261_Specification_Sheet.pdf,,,,,,,,,,,,,,,,,,No
,,,,,,26283867,Tools & Industrial Hardware,Industrial Maintenance,General Supplies,9283867,51731,"51731 52"" MB Jetty Hunter Fan",-- Unbranded --,-- No Unilog Brand --,-- No DIB Brand --,Hunter Fan Co (4381),Hunter Fan Co,Hunter Fan Co,,51731,,Tools & Industrial Hardware>Industrial Maintenance>General Supplies,"Hunter Fan Co, General Supplie, 51731",GENERAL SUPPLIE,Hunter Fan Co 51731 General Supplie,Hunter Fan Co General Supplie,General Supplie,,,,,,,,,,,,,,,,,,,,,,,,,,,General Supplie,Model,51731,,,,,,,,,,,,,,,,,,,,,,,,,,,,,,,,,,,,,,,,,,,,,,,,,,,,,,,,,,,,,,,,,,,,,,,,,,,,,,,,,,,,,,,,,,,,,,,,,,,,,,,,,,,,,,,,,,,,,,,,,,,,,,,,,,,,,,,,,,,,,,,,,,,,,,,,,,,,,,,,,,,,,,,,Hunter_Fan_Co_51731.jpg,,,,,,,,,Hunter_Fan_Co_51731_Specification_Sheet.pdf,,,,,,,,,,,,,,,,,,No
,,,,,,87670784,Tools & Industrial Hardware,Industrial Maintenance,General Supplies,7670784,XLC10ZW,XLC10ZW Makita 18V Cordless Vacuum (Bare),-- Unbranded --,-- No Unilog Brand --,-- No DIB Brand --,Makita Usa Inc (5142),Makita Usa Inc,Makita Usa Inc,,XLC10ZW,,Tools & Industrial Hardware>Industrial Maintenance>General Supplies,"Makita Usa Inc, General Supplie, XLC10ZW",GENERAL SUPPLIE 18V,Makita Usa Inc XLC10ZW General Supplie,"Makita Usa Inc General Supplie, 18 V",General Supplie,,,,,,,,,,,,,,,,,,,,,,,,,,,General Supplie,Model,XLC10ZW,,Voltage Rating,18,V,,,,,,,,,,,,,,,,,,,,,,,,,,,,,,,,,,,,,,,,,,,,,,,,,,,,,,,,,,,,,,,,,,,,,,,,,,,,,,,,,,,,,,,,,,,,,,,,,,,,,,,,,,,,,,,,,,,,,,,,,,,,,,,,,,,,,,,,,,,,,,,,,,,,,,,,,,,,,,,,,,,,Makita_Usa_Inc_XLC10ZW.jpg,,,,,,,,,Makita_Usa_Inc_XLC10ZW_Specification_Sheet.pdf,,,,,,,,,,,,,,,,,,No
,,,,,,13396535,Tools & Industrial Hardware,Industrial Maintenance,General Supplies,5396535,HS-DA,HS-DA Motion Driveway Alert,-- Unbranded --,-- No Unilog Brand --,-- No DIB Brand --,Sabre (9195),Sabre,Sabre,,HS-DA,,Tools & Industrial Hardware>Industrial Maintenance>General Supplies,"Sabre, General Supplie, HS-DA",GENERAL SUPPLIE,Sabre HS-DA General Supplie,Sabre General Supplie,General Supplie,,,,,,,,,,,,,,,,,,,,,,,,,,,General Supplie,Model,HS-DA,,,,,,,,,,,,,,,,,,,,,,,,,,,,,,,,,,,,,,,,,,,,,,,,,,,,,,,,,,,,,,,,,,,,,,,,,,,,,,,,,,,,,,,,,,,,,,,,,,,,,,,,,,,,,,,,,,,,,,,,,,,,,,,,,,,,,,,,,,,,,,,,,,,,,,,,,,,,,,,,,,,,,,,,Sabre_HS-DA.jpg,,,,,,,,,Sabre_HS-DA_Specification_Sheet.pdf,,,,,,,,,,,,,,,,,,No
,,,,,,58259955,Tools & Industrial Hardware,Industrial Maintenance,General Supplies,5259955,73002252,Black Gate Gravity Latch RDI,-- Unbranded --,-- No Unilog Brand --,-- No DIB Brand --,-,,,,73002252,,Tools & Industrial Hardware>Industrial Maintenance>General Supplies,", General Supplie, 73002252",GENERAL SUPPLIE,73002252 General Supplie,General Supplie,General Supplie,,,,,,,,,,,,,,,,,,,,,,,,,,,General Supplie,Model,73002252,,,,,,,,,,,,,,,,,,,,,,,,,,,,,,,,,,,,,,,,,,,,,,,,,,,,,,,,,,,,,,,,,,,,,,,,,,,,,,,,,,,,,,,,,,,,,,,,,,,,,,,,,,,,,,,,,,,,,,,,,,,,,,,,,,,,,,,,,,,,,,,,,,,,,,,,,,,,,,,,,,,,,,,,PRODUCT_73002252.jpg,,,,,,,,,PRODUCT_73002252_Specification_Sheet.pdf,,,,,,,,,,,,,,,,,,No
,,,,,,99946556,Tools & Industrial Hardware,Industrial Maintenance,General Supplies,1946556,48-22-8396R,48-22-8396R Milw 24oz Bottle - Insulated,-- Unbranded --,-- No Unilog Brand --,-- No DIB Brand --,Milwaukee Accessory (4031),Milwaukee Accessory,Milwaukee Accessory,,48-22-8396R,48-22-8397R,Tools & Industrial Hardware>Industrial Maintenance>General Supplies,"Milwaukee Accessory, General Supplie, 48-22-8396R",GENERAL SUPPLIE,Milwaukee Accessory 48-22-8396R General Supplie,Milwaukee Accessory General Supplie,General Supplie,,,,,,,,,,,,,,,,,,,,,,,,,,,General Supplie,Model,48-22-8396R,,,,,,,,,,,,,,,,,,,,,,,,,,,,,,,,,,,,,,,,,,,,,,,,,,,,,,,,,,,,,,,,,,,,,,,,,,,,,,,,,,,,,,,,,,,,,,,,,,,,,,,,,,,,,,,,,,,,,,,,,,,,,,,,,,,,,,,,,,,,,,,,,,,,,,,,,,,,,,,,,,,,,,,,Milwaukee_Accessory_48-22-8396R.jpg,,,,,,,,,Milwaukee_Accessory_48-22-8396R_Specification_Sheet.pdf,,,,,,,,,,,,,,,,,,No
,,,,,,93454501,Tools & Industrial Hardware,Industrial Maintenance,General Supplies,4454501,48-22-8397R,48-22-8397R Milw 36oz Bottle - Insulated,-- Unbranded --,-- No Unilog Brand --,-- No DIB Brand --,Milwaukee Accessory (4031),Milwaukee Accessory,Milwaukee Accessory,,48-22-8397R,48-22-8396R,Tools & Industrial Hardware>Industrial Maintenance>General Supplies,"Milwaukee Accessory, General Supplie, 48-22-8397R",GENERAL SUPPLIE,Milwaukee Accessory 48-22-8397R General Supplie,Milwaukee Accessory General Supplie,General Supplie,,,,,,,,,,,,,,,,,,,,,,,,,,,General Supplie,Model,48-22-8397R,,,,,,,,,,,,,,,,,,,,,,,,,,,,,,,,,,,,,,,,,,,,,,,,,,,,,,,,,,,,,,,,,,,,,,,,,,,,,,,,,,,,,,,,,,,,,,,,,,,,,,,,,,,,,,,,,,,,,,,,,,,,,,,,,,,,,,,,,,,,,,,,,,,,,,,,,,,,,,,,,,,,,,,,Milwaukee_Accessory_48-22-8397R.jpg,,,,,,,,,Milwaukee_Accessory_48-22-8397R_Specification_Sheet.pdf,,,,,,,,,,,,,,,,,,No
,,,,,,43154160,Building Materials,Decking & Building Products,Composite Decking & Trim,8154160,DCGG581B,DCGG581B Dewalt 20V Grease Gun 2-Speed,-- Unbranded --,-- No Unilog Brand --,-- No DIB Brand --,Black & Decker/dewlt (2585),Black & Decker/dewlt,Black & Decker/dewlt,,DCGG581B,,Building Materials>Decking & Building Products>Composite Decking,"Black & Decker/dewlt, Composite Decking & Trim, DCGG581B",COMPOSITE DECKING & TRIM 20V,Black & Decker/dewlt DCGG581B Composite Decking & Trim,"Black & Decker/dewlt Composite Decking & Trim, 20 V",Composite Decking & Trim,,,,,,,,,,,,,,,,,,,,,,,,,,,Composite Decking & Trim,Model,DCGG581B,,Voltage Rating,20,V,,,,,,,,,,,,,,,,,,,,,,,,,,,,,,,,,,,,,,,,,,,,,,,,,,,,,,,,,,,,,,,,,,,,,,,,,,,,,,,,,,,,,,,,,,,,,,,,,,,,,,,,,,,,,,,,,,,,,,,,,,,,,,,,,,,,,,,,,,,,,,,,,,,,,,,,,,,,,,,,,,,,Black_AND_Decker/dewlt_DCGG581B.jpg,,,,,,,,,Black_AND_Decker/dewlt_DCGG581B_Specification_Sheet.pdf,,,,,,,,,,,,,,,,,,No
,,,,,,35195793,Building Materials,Decking & Building Products,Composite Decking & Trim,9195793,DCGG581GD1,DCGG581GD1 Dewalt 20V Grease Gun 2-Speed Kit,-- Unbranded --,-- No Unilog Brand --,-- No DIB Brand --,Black & Decker/dewlt (2585),Black & Decker/dewlt,Black & Decker/dewlt,,DCGG581GD1,,Building Materials>Decking & Building Products>Composite Decking,"Black & Decker/dewlt, Composite Decking & Trim, DCGG581GD1",COMPOSITE DECKING & TRIM 20V,Black & Decker/dewlt DCGG581GD1 Composite Decking & Trim,"Black & Decker/dewlt Composite Decking & Trim, 20 V",Composite Decking & Trim,,,,,,,,,,,,,,,,,,,,,,,,,,,Composite Decking & Trim,Model,DCGG581GD1,,Voltage Rating,20,V,,,,,,,,,,,,,,,,,,,,,,,,,,,,,,,,,,,,,,,,,,,,,,,,,,,,,,,,,,,,,,,,,,,,,,,,,,,,,,,,,,,,,,,,,,,,,,,,,,,,,,,,,,,,,,,,,,,,,,,,,,,,,,,,,,,,,,,,,,,,,,,,,,,,,,,,,,,,,,,,,,,,Black_AND_Decker/dewlt_DCGG581GD1.jpg,,,,,,,,,Black_AND_Decker/dewlt_DCGG581GD1_Specification_Sheet.pdf,,,,,,,,,,,,,,,,,,No
,,,,,,55686356,Building Materials,Decking & Building Products,Composite Decking & Trim,2686356,DWST41092,"DWST41092 Dewalt Tool Chest 41"" Bottom",-- Unbranded --,-- No Unilog Brand --,-- No DIB Brand --,Black & Decker/dewlt (2585),Black & Decker/dewlt,Black & Decker/dewlt,,DWST41092,,Building Materials>Decking & Building Products>Composite Decking,"Black & Decker/dewlt, Composite Decking & Trim, DWST41092",COMPOSITE DECKING & TRIM,Black & Decker/dewlt DWST41092 Composite Decking & Trim,Black & Decker/dewlt Composite Decking & Trim,Composite Decking & Trim,,,,,,,,,,,,,,,,,,,,,,,,,,,Composite Decking & Trim,Model,DWST41092,,,,,,,,,,,,,,,,,,,,,,,,,,,,,,,,,,,,,,,,,,,,,,,,,,,,,,,,,,,,,,,,,,,,,,,,,,,,,,,,,,,,,,,,,,,,,,,,,,,,,,,,,,,,,,,,,,,,,,,,,,,,,,,,,,,,,,,,,,,,,,,,,,,,,,,,,,,,,,,,,,,,,,,,Black_AND_Decker/dewlt_DWST41092.jpg,,,,,,,,,Black_AND_Decker/dewlt_DWST41092_Specification_Sheet.pdf,,,,,,,,,,,,,,,,,,No
,,,,,,59859556,Building Materials,Decking & Building Products,Composite Decking & Trim,6859556,156436WHT,156436 Wh 4x4x120 Post Wrap,DSI Westbury,-- No Unilog Brand --,-- No DIB Brand --,Palmer Donavin Mfg Company (PALDO),Palmer Donavin Mfg Company,DSI Westbury,,156436WHT,,Building Materials>Decking & Building Products>Composite Decking,"Palmer Donavin Mfg Company, Composite Decking & Trim, 156436WHT",COMPOSITE DECKING & TRIM,DSI Westbury 156436WHT Composite Decking & Trim,DSI Westbury Composite Decking & Trim,Composite Decking & Trim,,,,,,,,,,,,,,,,,,,,,,,,,,,Composite Decking & Trim,Model,156436WHT,,,,,,,,,,,,,,,,,,,,,,,,,,,,,,,,,,,,,,,,,,,,,,,,,,,,,,,,,,,,,,,,,,,,,,,,,,,,,,,,,,,,,,,,,,,,,,,,,,,,,,,,,,,,,,,,,,,,,,,,,,,,,,,,,,,,,,,,,,,,,,,,,,,,,,,,,,,,,,,,,,,,,,,,DSI_Westbury_156436WHT.jpg,,,,,,,,,DSI_Westbury_156436WHT_Specification_Sheet.pdf,,,,,,,,,,,,,,,,,,No
,,,,,,76213727,Building Materials,Decking & Building Products,Composite Decking & Trim,5213727,173950TBK,"4""x8'-6"" DSI SQ Black Alum Post Wrap",-- Unbranded --,-- No Unilog Brand --,-- No DIB Brand --,Palmer Donavin Mfg Company (PALDO),Palmer Donavin Mfg Company,Palmer Donavin Mfg Company,,173950TBK,,Building Materials>Decking & Building Products>Composite Decking,"Palmer Donavin Mfg Company, Composite Decking & Trim, 173950TBK",COMPOSITE DECKING & TRIM,Palmer Donavin Mfg Company 173950TBK Composite Decking & Trim,Palmer Donavin Mfg Company Composite Decking & Trim,Composite Decking & Trim,,,,,,,,,,,,,,,,,,,,,,,,,,,Composite Decking & Trim,Model,173950TBK,,,,,,,,,,,,,,,,,,,,,,,,,,,,,,,,,,,,,,,,,,,,,,,,,,,,,,,,,,,,,,,,,,,,,,,,,,,,,,,,,,,,,,,,,,,,,,,,,,,,,,,,,,,,,,,,,,,,,,,,,,,,,,,,,,,,,,,,,,,,,,,,,,,,,,,,,,,,,,,,,,,,,,,,Palmer_Donavin_Mfg_Company_173950TBK.jpg,,,,,,,,,Palmer_Donavin_Mfg_Company_173950TBK_Specification_Sheet.pdf,,,,,,,,,,,,,,,,,,No
,,,,,,67567571,Building Materials,Decking & Building Products,Composite Decking & Trim,5567571,173951TBK,"6""x8'-6"" DSI SQ Black Alum Post Wrap",-- Unbranded --,-- No Unilog Brand --,-- No DIB Brand --,Palmer Donavin Mfg Company (PALDO),Palmer Donavin Mfg Company,Palmer Donavin Mfg Company,,173951TBK,,Building Materials>Decking & Building Products>Composite Decking,"Palmer Donavin Mfg Company, Composite Decking & Trim, 173951TBK",COMPOSITE DECKING & TRIM,Palmer Donavin Mfg Company 173951TBK Composite Decking & Trim,Palmer Donavin Mfg Company Composite Decking & Trim,Composite Decking & Trim,,,,,,,,,,,,,,,,,,,,,,,,,,,Composite Decking & Trim,Model,173951TBK,,,,,,,,,,,,,,,,,,,,,,,,,,,,,,,,,,,,,,,,,,,,,,,,,,,,,,,,,,,,,,,,,,,,,,,,,,,,,,,,,,,,,,,,,,,,,,,,,,,,,,,,,,,,,,,,,,,,,,,,,,,,,,,,,,,,,,,,,,,,,,,,,,,,,,,,,,,,,,,,,,,,,,,,Palmer_Donavin_Mfg_Company_173951TBK.jpg,,,,,,,,,Palmer_Donavin_Mfg_Company_173951TBK_Specification_Sheet.pdf,,,,,,,,,,,,,,,,,,No
,,,,,,72257559,Building Materials,Decking & Building Products,Composite Decking & Trim,1257559,173952TBK,"6""x10' DSI SQ Black Alum Post Wrap",-- Unbranded --,-- No Unilog Brand --,-- No DIB Brand --,Palmer Donavin Mfg Company (PALDO),Palmer Donavin Mfg Company,Palmer Donavin Mfg Company,,173952TBK,,Building Materials>Decking & Building Products>Composite Decking,"Palmer Donavin Mfg Company, Composite Decking & Trim, 173952TBK",COMPOSITE DECKING & TRIM,Palmer Donavin Mfg Company 173952TBK Composite Decking & Trim,Palmer Donavin Mfg Company Composite Decking & Trim,Composite Decking & Trim,,,,,,,,,,,,,,,,,,,,,,,,,,,Composite Decking & Trim,Model,173952TBK,,,,,,,,,,,,,,,,,,,,,,,,,,,,,,,,,,,,,,,,,,,,,,,,,,,,,,,,,,,,,,,,,,,,,,,,,,,,,,,,,,,,,,,,,,,,,,,,,,,,,,,,,,,,,,,,,,,,,,,,,,,,,,,,,,,,,,,,,,,,,,,,,,,,,,,,,,,,,,,,,,,,,,,,Palmer_Donavin_Mfg_Company_173952TBK.jpg,,,,,,,,,Palmer_Donavin_Mfg_Company_173952TBK_Specification_Sheet.pdf,,,,,,,,,,,,,,,,,,No
,,,,,,75215177,Tools & Industrial Hardware,Industrial Maintenance,General Supplies,4215177,1624157,TW52 WH INSIDE CAS VIN WRAPPED,ANDERSEN,-- No Unilog Brand --,-- No DIB Brand --,-,,ANDERSEN,,1624157,,Tools & Industrial Hardware>Industrial Maintenance>General Supplies,"ANDERSEN, General Supplie, 1624157",GENERAL SUPPLIE,ANDERSEN 1624157 General Supplie,ANDERSEN General Supplie,General Supplie,,,,,,,,,,,,,,,,,,,,,,,,,,,General Supplie,Model,1624157,,,,,,,,,,,,,,,,,,,,,,,,,,,,,,,,,,,,,,,,,,,,,,,,,,,,,,,,,,,,,,,,,,,,,,,,,,,,,,,,,,,,,,,,,,,,,,,,,,,,,,,,,,,,,,,,,,,,,,,,,,,,,,,,,,,,,,,,,,,,,,,,,,,,,,,,,,,,,,,,,,,,,,,,ANDERSEN_1624157.jpg,,,,,,,,,ANDERSEN_1624157_Specification_Sheet.pdf,,,,,,,,,,,,,,,,,,No
,,,,,,13342914,Building Materials,Decking & Building Products,Composite Decking & Trim,5342914,40025,40025 TS-54 Wal-Board T-Square 009-008,-- Unbranded --,-- No Unilog Brand --,-- No DIB Brand --,Marshalltown Trowel (5155),Marshalltown Trowel,Marshalltown Trowel,,40025,,Building Materials>Decking & Building Products>Composite Decking,"Marshalltown Trowel, Composite Decking & Trim, 40025",COMPOSITE DECKING & TRIM,Marshalltown Trowel 40025 Composite Decking & Trim,Marshalltown Trowel Composite Decking & Trim,Composite Decking & Trim,,,,,,,,,,,,,,,,,,,,,,,,,,,Composite Decking & Trim,Model,40025,,,,,,,,,,,,,,,,,,,,,,,,,,,,,,,,,,,,,,,,,,,,,,,,,,,,,,,,,,,,,,,,,,,,,,,,,,,,,,,,,,,,,,,,,,,,,,,,,,,,,,,,,,,,,,,,,,,,,,,,,,,,,,,,,,,,,,,,,,,,,,,,,,,,,,,,,,,,,,,,,,,,,,,,Marshalltown_Trowel_40025.jpg,,,,,,,,,Marshalltown_Trowel_40025_Specification_Sheet.pdf,,,,,,,,,,,,,,,,,,No
,,,,,,43126161,Tools & Industrial Hardware,Industrial Maintenance,General Supplies,8126161,48-22-3301,48-22-3301 Milw Mechanical Pencil w/ Lead Pack,-- Unbranded --,-- No Unilog Brand --,-- No DIB Brand --,Milwaukee Accessory (4031),Milwaukee Accessory,Milwaukee Accessory,,48-22-3301,"48-22-3302, 48-22-3303",Tools & Industrial Hardware>Industrial Maintenance>General Supplies,"Milwaukee Accessory, General Supplie, 48-22-3301",GENERAL SUPPLIE,Milwaukee Accessory 48-22-3301 General Supplie,Milwaukee Accessory General Supplie,General Supplie,,,,,,,,,,,,,,,,,,,,,,,,,,,General Supplie,Model,48-22-3301,,,,,,,,,,,,,,,,,,,,,,,,,,,,,,,,,,,,,,,,,,,,,,,,,,,,,,,,,,,,,,,,,,,,,,,,,,,,,,,,,,,,,,,,,,,,,,,,,,,,,,,,,,,,,,,,,,,,,,,,,,,,,,,,,,,,,,,,,,,,,,,,,,,,,,,,,,,,,,,,,,,,,,,,Milwaukee_Accessory_48-22-3301.jpg,,,,,,,,,Milwaukee_Accessory_48-22-3301_Specification_Sheet.pdf,,,,,,,,,,,,,,,,,,No
,,,,,,46844469,Tools & Industrial Hardware,Industrial Maintenance,General Supplies,2844469,48-22-3302,48-22-3302 Milw Mechanical Pencil Replacement Lead,-- Unbranded --,-- No Unilog Brand --,-- No DIB Brand --,Milwaukee Accessory (4031),Milwaukee Accessory,Milwaukee Accessory,,48-22-3302,"48-22-3301, 48-22-3303",Tools & Industrial Hardware>Industrial Maintenance>General Supplies,"Milwaukee Accessory, General Supplie, 48-22-3302",GENERAL SUPPLIE,Milwaukee Accessory 48-22-3302 General Supplie,Milwaukee Accessory General Supplie,General Supplie,,,,,,,,,,,,,,,,,,,,,,,,,,,General Supplie,Model,48-22-3302,,,,,,,,,,,,,,,,,,,,,,,,,,,,,,,,,,,,,,,,,,,,,,,,,,,,,,,,,,,,,,,,,,,,,,,,,,,,,,,,,,,,,,,,,,,,,,,,,,,,,,,,,,,,,,,,,,,,,,,,,,,,,,,,,,,,,,,,,,,,,,,,,,,,,,,,,,,,,,,,,,,,,,,,Milwaukee_Accessory_48-22-3302.jpg,,,,,,,,,Milwaukee_Accessory_48-22-3302_Specification_Sheet.pdf,,,,,,,,,,,,,,,,,,No
,,,,,,73406921,Tools & Industrial Hardware,Industrial Maintenance,General Supplies,2406921,48-22-3303,48-22-3303 Milw Mechanical Pencil Replacement Lead-Color,-- Unbranded --,-- No Unilog Brand --,-- No DIB Brand --,Milwaukee Accessory (4031),Milwaukee Accessory,Milwaukee Accessory,,48-22-3303,"48-22-3301, 48-22-3302",Tools & Industrial Hardware>Industrial Maintenance>General Supplies,"Milwaukee Accessory, General Supplie, 48-22-3303",GENERAL SUPPLIE,Milwaukee Accessory 48-22-3303 General Supplie,Milwaukee Accessory General Supplie,General Supplie,,,,,,,,,,,,,,,,,,,,,,,,,,,General Supplie,Model,48-22-3303,,,,,,,,,,,,,,,,,,,,,,,,,,,,,,,,,,,,,,,,,,,,,,,,,,,,,,,,,,,,,,,,,,,,,,,,,,,,,,,,,,,,,,,,,,,,,,,,,,,,,,,,,,,,,,,,,,,,,,,,,,,,,,,,,,,,,,,,,,,,,,,,,,,,,,,,,,,,,,,,,,,,,,,,Milwaukee_Accessory_48-22-3303.jpg,,,,,,,,,Milwaukee_Accessory_48-22-3303_Specification_Sheet.pdf,,,,,,,,,,,,,,,,,,No
,,,,,,18786594,Safety & Personal Protection,Personal Protective Equipment,Eye & Face Protection,1786594,TSDKAP218-G2,TSDKAP218-G2 Edge Safety - Khor Black Frame Polarized,-- Unbranded --,-- No Unilog Brand --,-- No DIB Brand --,Edge Eyewear Inc (EDGSA),Edge Eyewear Inc,Edge Eyewear Inc,,TSDKAP218-G2,,Safety & Personal Protection>Personal Protective Equipment>Eye Protection,"Edge Eyewear Inc, Eye & Face Protection, TSDKAP218-G2",EYE & FACE PROTECTION,Edge Eyewear Inc TSDKAP218-G2 Eye & Face Protection,Edge Eyewear Inc Eye & Face Protection,Eye & Face Protection,,,,,,,,,,,,,,,,,,,,,,,,,,,Eye & Face Protection,Model,TSDKAP218-G2,,,,,,,,,,,,,,,,,,,,,,,,,,,,,,,,,,,,,,,,,,,,,,,,,,,,,,,,,,,,,,,,,,,,,,,,,,,,,,,,,,,,,,,,,,,,,,,,,,,,,,,,,,,,,,,,,,,,,,,,,,,,,,,,,,,,,,,,,,,,,,,,,,,,,,,,,,,,,,,,,,,,,,,,Edge_Eyewear_Inc_TSDKAP218-G2.jpg,,,,,,,,,Edge_Eyewear_Inc_TSDKAP218-G2_Specification_Sheet.pdf,,,,,,,,,,,,,,,,,,No
,,,,,,19209475,Safety & Personal Protection,Personal Protective Equipment,Eye & Face Protection,2209475,XPAP418,XPAP418 Edge Safety Glasses - Pumori Black Frame,-- Unbranded --,-- No Unilog Brand --,-- No DIB Brand --,Edge Eyewear Inc (EDGSA),Edge Eyewear Inc,Edge Eyewear Inc,,XPAP418,,Safety & Personal Protection>Personal Protective Equipment>Eye Protection,"Edge Eyewear Inc, Eye & Face Protection, XPAP418",EYE & FACE PROTECTION,Edge Eyewear Inc XPAP418 Eye & Face Protection,Edge Eyewear Inc Eye & Face Protection,Eye & Face Protection,,,,,,,,,,,,,,,,,,,,,,,,,,,Eye & Face Protection,Model,XPAP418,,,,,,,,,,,,,,,,,,,,,,,,,,,,,,,,,,,,,,,,,,,,,,,,,,,,,,,,,,,,,,,,,,,,,,,,,,,,,,,,,,,,,,,,,,,,,,,,,,,,,,,,,,,,,,,,,,,,,,,,,,,,,,,,,,,,,,,,,,,,,,,,,,,,,,,,,,,,,,,,,,,,,,,,Edge_Eyewear_Inc_XPAP418.jpg,,,,,,,,,Edge_Eyewear_Inc_XPAP418_Specification_Sheet.pdf,,,,,,,,,,,,,,,,,,No
,,,,,,12921797,Safety & Personal Protection,Personal Protective Equipment,Eye & Face Protection,4921797,XDAP419,XDAP419 Edge Safety Glasses - Dawson Black Frame Red Lenses,-- Unbranded --,-- No Unilog Brand --,-- No DIB Brand --,Edge Eyewear Inc (EDGSA),Edge Eyewear Inc,Edge Eyewear Inc,,XDAP419,,Safety & Personal Protection>Personal Protective Equipment>Eye Protection,"Edge Eyewear Inc, Eye & Face Protection, XDAP419",EYE & FACE PROTECTION,Edge Eyewear Inc XDAP419 Eye & Face Protection,Edge Eyewear Inc Eye & Face Protection,Eye & Face Protection,,,,,,,,,,,,,,,,,,,,,,,,,,,Eye & Face Protection,Model,XDAP419,,,,,,,,,,,,,,,,,,,,,,,,,,,,,,,,,,,,,,,,,,,,,,,,,,,,,,,,,,,,,,,,,,,,,,,,,,,,,,,,,,,,,,,,,,,,,,,,,,,,,,,,,,,,,,,,,,,,,,,,,,,,,,,,,,,,,,,,,,,,,,,,,,,,,,,,,,,,,,,,,,,,,,,,Edge_Eyewear_Inc_XDAP419.jpg,,,,,,,,,Edge_Eyewear_Inc_XDAP419_Specification_Sheet.pdf,,,,,,,,,,,,,,,,,,No
,,,,,,45588961,Safety & Personal Protection,Personal Protective Equipment,Eye & Face Protection,1588961,XB11PCVS,XB11PCVS Edge Safety Glasses - Photochromic Lense,-- Unbranded --,-- No Unilog Brand --,-- No DIB Brand --,Edge Eyewear Inc (EDGSA),Edge Eyewear Inc,Edge Eyewear Inc,,XB11PCVS,,Safety & Personal Protection>Personal Protective Equipment>Eye Protection,"Edge Eyewear Inc, Eye & Face Protection, XB11PCVS",EYE & FACE PROTECTION,Edge Eyewear Inc XB11PCVS Eye & Face Protection,Edge Eyewear Inc Eye & Face Protection,Eye & Face Protection,,,,,,,,,,,,,,,,,,,,,,,,,,,Eye & Face Protection,Model,XB11PCVS,,,,,,,,,,,,,,,,,,,,,,,,,,,,,,,,,,,,,,,,,,,,,,,,,,,,,,,,,,,,,,,,,,,,,,,,,,,,,,,,,,,,,,,,,,,,,,,,,,,,,,,,,,,,,,,,,,,,,,,,,,,,,,,,,,,,,,,,,,,,,,,,,,,,,,,,,,,,,,,,,,,,,,,,Edge_Eyewear_Inc_XB11PCVS.jpg,,,,,,,,,Edge_Eyewear_Inc_XB11PCVS_Specification_Sheet.pdf,,,,,,,,,,,,,,,,,,No
,,,,,,12372287,Safety & Personal Protection,Personal Protective Equipment,Eye & Face Protection,4372287,KB121VS,KB121VS Edge Safety Glasses - Kabru Black Frame,-- Unbranded --,-- No Unilog Brand --,-- No DIB Brand --,Edge Eyewear Inc (EDGSA),Edge Eyewear Inc,Edge Eyewear Inc,,KB121VS,,Safety & Personal Protection>Personal Protective Equipment>Eye Protection,"Edge Eyewear Inc, Eye & Face Protection, KB121VS",EYE & FACE PROTECTION,Edge Eyewear Inc KB121VS Eye & Face Protection,Edge Eyewear Inc Eye & Face Protection,Eye & Face Protection,,,,,,,,,,,,,,,,,,,,,,,,,,,Eye & Face Protection,Model,KB121VS,,,,,,,,,,,,,,,,,,,,,,,,,,,,,,,,,,,,,,,,,,,,,,,,,,,,,,,,,,,,,,,,,,,,,,,,,,,,,,,,,,,,,,,,,,,,,,,,,,,,,,,,,,,,,,,,,,,,,,,,,,,,,,,,,,,,,,,,,,,,,,,,,,,,,,,,,,,,,,,,,,,,,,,,Edge_Eyewear_Inc_KB121VS.jpg,,,,,,,,,Edge_Eyewear_Inc_KB121VS_Specification_Sheet.pdf,,,,,,,,,,,,,,,,,,No
,,,,,,15378660,Safety & Personal Protection,Personal Protective Equipment,Eye & Face Protection,7378660,KB126VS,KB126VS Edge Safety Glasses - Kabru Black Frame,-- Unbranded --,-- No Unilog Brand --,-- No DIB Brand --,Edge Eyewear Inc (EDGSA),Edge Eyewear Inc,Edge Eyewear Inc,,KB126VS,,Safety & Personal Protection>Personal Protective Equipment>Eye Protection,"Edge Eyewear Inc, Eye & Face Protection, KB126VS",EYE & FACE PROTECTION,Edge Eyewear Inc KB126VS Eye & Face Protection,Edge Eyewear Inc Eye & Face Protection,Eye & Face Protection,,,,,,,,,,,,,,,,,,,,,,,,,,,Eye & Face Protection,Model,KB126VS,,,,,,,,,,,,,,,,,,,,,,,,,,,,,,,,,,,,,,,,,,,,,,,,,,,,,,,,,,,,,,,,,,,,,,,,,,,,,,,,,,,,,,,,,,,,,,,,,,,,,,,,,,,,,,,,,,,,,,,,,,,,,,,,,,,,,,,,,,,,,,,,,,,,,,,,,,,,,,,,,,,,,,,,Edge_Eyewear_Inc_KB126VS.jpg,,,,,,,,,Edge_Eyewear_Inc_KB126VS_Specification_Sheet.pdf,,,,,,,,,,,,,,,,,,No
,,,,,,91350090,Safety & Personal Protection,Personal Protective Equipment,Eye & Face Protection,2350090,TC121VS,TC121VS Edge Safety Glasses - Tacana Black Frame,-- Unbranded --,-- No Unilog Brand --,-- No DIB Brand --,Edge Eyewear Inc (EDGSA),Edge Eyewear Inc,Edge Eyewear Inc,,TC121VS,,Safety & Personal Protection>Personal Protective Equipment>Eye Protection,"Edge Eyewear Inc, Eye & Face Protection, TC121VS",EYE & FACE PROTECTION,Edge Eyewear Inc TC121VS Eye & Face Protection,Edge Eyewear Inc Eye & Face Protection,Eye & Face Protection,,,,,,,,,,,,,,,,,,,,,,,,,,,Eye & Face Protection,Model,TC121VS,,,,,,,,,,,,,,,,,,,,,,,,,,,,,,,,,,,,,,,,,,,,,,,,,,,,,,,,,,,,,,,,,,,,,,,,,,,,,,,,,,,,,,,,,,,,,,,,,,,,,,,,,,,,,,,,,,,,,,,,,,,,,,,,,,,,,,,,,,,,,,,,,,,,,,,,,,,,,,,,,,,,,,,,Edge_Eyewear_Inc_TC121VS.jpg,,,,,,,,,Edge_Eyewear_Inc_TC121VS_Specification_Sheet.pdf,,,,,,,,,,,,,,,,,,No
,,,,,,23513734,Safety & Personal Protection,Personal Protective Equipment,Eye & Face Protection,6513734,TC126VS,TC126VS Edge Safety Glasses - Tacana Black Frame,-- Unbranded --,-- No Unilog Brand --,-- No DIB Brand --,Edge Eyewear Inc (EDGSA),Edge Eyewear Inc,Edge Eyewear Inc,,TC126VS,,Safety & Personal Protection>Personal Protective Equipment>Eye Protection,"Edge Eyewear Inc, Eye & Face Protection, TC126VS",EYE & FACE PROTECTION,Edge Eyewear Inc TC126VS Eye & Face Protection,Edge Eyewear Inc Eye & Face Protection,Eye & Face Protection,,,,,,,,,,,,,,,,,,,,,,,,,,,Eye & Face Protection,Model,TC126VS,,,,,,,,,,,,,,,,,,,,,,,,,,,,,,,,,,,,,,,,,,,,,,,,,,,,,,,,,,,,,,,,,,,,,,,,,,,,,,,,,,,,,,,,,,,,,,,,,,,,,,,,,,,,,,,,,,,,,,,,,,,,,,,,,,,,,,,,,,,,,,,,,,,,,,,,,,,,,,,,,,,,,,,,Edge_Eyewear_Inc_TC126VS.jpg,,,,,,,,,Edge_Eyewear_Inc_TC126VS_Specification_Sheet.pdf,,,,,,,,,,,,,,,,,,No
,,,,,,21666067,Safety & Personal Protection,Personal Protective Equipment,Eye & Face Protection,4666067,MK113MPAP,MK113MPAP Edge Safety Glasses - Makalu Black Frame Polarized,-- Unbranded --,-- No Unilog Brand --,-- No DIB Brand --,Edge Eyewear Inc (EDGSA),Edge Eyewear Inc,Edge Eyewear Inc,,MK113MPAP,,Safety & Personal Protection>Personal Protective Equipment>Eye Protection,"Edge Eyewear Inc, Eye & Face Protection, MK113MPAP",EYE & FACE PROTECTION,Edge Eyewear Inc MK113MPAP Eye & Face Protection,Edge Eyewear Inc Eye & Face Protection,Eye & Face Protection,,,,,,,,,,,,,,,,,,,,,,,,,,,Eye & Face Protection,Model,MK113MPAP,,,,,,,,,,,,,,,,,,,,,,,,,,,,,,,,,,,,,,,,,,,,,,,,,,,,,,,,,,,,,,,,,,,,,,,,,,,,,,,,,,,,,,,,,,,,,,,,,,,,,,,,,,,,,,,,,,,,,,,,,,,,,,,,,,,,,,,,,,,,,,,,,,,,,,,,,,,,,,,,,,,,,,,,Edge_Eyewear_Inc_MK113MPAP.jpg,,,,,,,,,Edge_Eyewear_Inc_MK113MPAP_Specification_Sheet.pdf,,,,,,,,,,,,,,,,,,No
,,,,,,59439443,Safety & Personal Protection,Personal Protective Equipment,Eye & Face Protection,6439443,LS117MPAP,LS117MPAP Edge Safety Glasses - Lassen Black Frame Polarized,-- Unbranded --,-- No Unilog Brand --,-- No DIB Brand --,Edge Eyewear Inc (EDGSA),Edge Eyewear Inc,Edge Eyewear Inc,,LS117MPAP,,Safety & Personal Protection>Personal Protective Equipment>Eye Protection,"Edge Eyewear Inc, Eye & Face Protection, LS117MPAP",EYE & FACE PROTECTION,Edge Eyewear Inc LS117MPAP Eye & Face Protection,Edge Eyewear Inc Eye & Face Protection,Eye & Face Protection,,,,,,,,,,,,,,,,,,,,,,,,,,,Eye & Face Protection,Model,LS117MPAP,,,,,,,,,,,,,,,,,,,,,,,,,,,,,,,,,,,,,,,,,,,,,,,,,,,,,,,,,,,,,,,,,,,,,,,,,,,,,,,,,,,,,,,,,,,,,,,,,,,,,,,,,,,,,,,,,,,,,,,,,,,,,,,,,,,,,,,,,,,,,,,,,,,,,,,,,,,,,,,,,,,,,,,,Edge_Eyewear_Inc_LS117MPAP.jpg,,,,,,,,,Edge_Eyewear_Inc_LS117MPAP_Specification_Sheet.pdf,,,,,,,,,,,,,,,,,,No
,,,,,,88398736,Tools & Industrial Hardware,Industrial Maintenance,General Supplies,8398736,FE-EFX-6L,FEEFX6L Lith Fire Extinguisher,-- Unbranded --,-- No Unilog Brand --,-- No DIB Brand --,Ohio Firewatch Protection Inc (HOLFS),Ohio Firewatch Protection Inc,Ohio Firewatch Protection Inc,,FE-EFX-6L,,Tools & Industrial Hardware>Industrial Maintenance>General Supplies,"Ohio Firewatch Protection Inc, General Supplie, FE-EFX-6L",GENERAL SUPPLIE,Ohio Firewatch Protection Inc FE-EFX-6L General Supplie,Ohio Firewatch Protection Inc General Supplie,General Supplie,,,,,,,,,,,,,,,,,,,,,,,,,,,General Supplie,Model,FE-EFX-6L,,,,,,,,,,,,,,,,,,,,,,,,,,,,,,,,,,,,,,,,,,,,,,,,,,,,,,,,,,,,,,,,,,,,,,,,,,,,,,,,,,,,,,,,,,,,,,,,,,,,,,,,,,,,,,,,,,,,,,,,,,,,,,,,,,,,,,,,,,,,,,,,,,,,,,,,,,,,,,,,,,,,,,,,Ohio_Firewatch_Protection_Inc_FE-EFX-6L.jpg,,,,,,,,,Ohio_Firewatch_Protection_Inc_FE-EFX-6L_Specification_Sheet.pdf,,,,,,,,,,,,,,,,,,No
,,,,,,40427525,Tools & Industrial Hardware,Industrial Maintenance,General Supplies,5427525,FE-EFX-9L,FEEFX9L Lith Fire Extinguisher,-- Unbranded --,-- No Unilog Brand --,-- No DIB Brand --,Ohio Firewatch Protection Inc (HOLFS),Ohio Firewatch Protection Inc,Ohio Firewatch Protection Inc,,FE-EFX-9L,,Tools & Industrial Hardware>Industrial Maintenance>General Supplies,"Ohio Firewatch Protection Inc, General Supplie, FE-EFX-9L",GENERAL SUPPLIE,Ohio Firewatch Protection Inc FE-EFX-9L General Supplie,Ohio Firewatch Protection Inc General Supplie,General Supplie,,,,,,,,,,,,,,,,,,,,,,,,,,,General Supplie,Model,FE-EFX-9L,,,,,,,,,,,,,,,,,,,,,,,,,,,,,,,,,,,,,,,,,,,,,,,,,,,,,,,,,,,,,,,,,,,,,,,,,,,,,,,,,,,,,,,,,,,,,,,,,,,,,,,,,,,,,,,,,,,,,,,,,,,,,,,,,,,,,,,,,,,,,,,,,,,,,,,,,,,,,,,,,,,,,,,,Ohio_Firewatch_Protection_Inc_FE-EFX-9L.jpg,,,,,,,,,Ohio_Firewatch_Protection_Inc_FE-EFX-9L_Specification_Sheet.pdf,,,,,,,,,,,,,,,,,,No
,,,,,,30747390,Tools & Industrial Hardware,Industrial Maintenance,General Supplies,4747390,1046793,1046793 Smoke & CO Alarm,-- Unbranded --,-- No Unilog Brand --,First Alert,First Alert - B R K Brands (2754),First Alert - B R K Brands,First Alert,,1046793,,Tools & Industrial Hardware>Industrial Maintenance>General Supplies,"First Alert - B R K Brands, General Supplie, 1046793",GENERAL SUPPLIE,First Alert 1046793 General Supplie,First Alert General Supplie,General Supplie,,,,,,,,,,,,,,,,,,,,,,,,,,,General Supplie,Model,1046793,,,,,,,,,,,,,,,,,,,,,,,,,,,,,,,,,,,,,,,,,,,,,,,,,,,,,,,,,,,,,,,,,,,,,,,,,,,,,,,,,,,,,,,,,,,,,,,,,,,,,,,,,,,,,,,,,,,,,,,,,,,,,,,,,,,,,,,,,,,,,,,,,,,,,,,,,,,,,,,,,,,,,,,,First_Alert_1046793.jpg,,,,,,,,,First_Alert_1046793_Specification_Sheet.pdf,,,,,,,,,,,,,,,,,,No
,,,,,,38946222,Tools & Industrial Hardware,Industrial Maintenance,General Supplies,3946222,1046870,1046870 Smoke & CO Alarm,-- Unbranded --,-- No Unilog Brand --,BRK,First Alert - B R K Brands (2754),First Alert - B R K Brands,BRK,,1046870,,Tools & Industrial Hardware>Industrial Maintenance>General Supplies,"First Alert - B R K Brands, General Supplie, 1046870",GENERAL SUPPLIE,BRK 1046870 General Supplie,BRK General Supplie,General Supplie,,,,,,,,,,,,,,,,,,,,,,,,,,,General Supplie,Model,1046870,,,,,,,,,,,,,,,,,,,,,,,,,,,,,,,,,,,,,,,,,,,,,,,,,,,,,,,,,,,,,,,,,,,,,,,,,,,,,,,,,,,,,,,,,,,,,,,,,,,,,,,,,,,,,,,,,,,,,,,,,,,,,,,,,,,,,,,,,,,,,,,,,,,,,,,,,,,,,,,,,,,,,,,,BRK_1046870.jpg,,,,,,,,,BRK_1046870_Specification_Sheet.pdf,,,,,,,,,,,,,,,,,,No
,,,,,,98313568,Safety & Personal Protection,Personal Protective Equipment,Eye & Face Protection,9313568,M701B-21L,M701B-21L Milw L Black Heated Work Glove Liners,-- Unbranded --,-- No Unilog Brand --,-- No DIB Brand --,Milwaukee Accessory (4031),Milwaukee Accessory,Milwaukee Accessory,,M701B-21L,M701B-21XL,Safety & Personal Protection>Personal Protective Equipment>Eye Protection,"Milwaukee Accessory, Eye & Face Protection, M701B-21L",EYE & FACE PROTECTION,Milwaukee Accessory M701B-21L Eye & Face Protection,Milwaukee Accessory Eye & Face Protection,Eye & Face Protection,,,,,,,,,,,,,,,,,,,,,,,,,,,Eye & Face Protection,Model,M701B-21L,,,,,,,,,,,,,,,,,,,,,,,,,,,,,,,,,,,,,,,,,,,,,,,,,,,,,,,,,,,,,,,,,,,,,,,,,,,,,,,,,,,,,,,,,,,,,,,,,,,,,,,,,,,,,,,,,,,,,,,,,,,,,,,,,,,,,,,,,,,,,,,,,,,,,,,,,,,,,,,,,,,,,,,,Milwaukee_Accessory_M701B-21L.jpg,,,,,,,,,Milwaukee_Accessory_M701B-21L_Specification_Sheet.pdf,,,,,,,,,,,,,,,,,,No
,,,,,,64855655,Safety & Personal Protection,Personal Protective Equipment,Eye & Face Protection,2855655,M701B-21M,M701B-21M Milw M Black Heated Work Glove Liners,-- Unbranded --,-- No Unilog Brand --,-- No DIB Brand --,Milwaukee Accessory (4031),Milwaukee Accessory,Milwaukee Accessory,,M701B-21M,,Safety & Personal Protection>Personal Protective Equipment>Eye Protection,"Milwaukee Accessory, Eye & Face Protection, M701B-21M",EYE & FACE PROTECTION,Milwaukee Accessory M701B-21M Eye & Face Protection,Milwaukee Accessory Eye & Face Protection,Eye & Face Protection,,,,,,,,,,,,,,,,,,,,,,,,,,,Eye & Face Protection,Model,M701B-21M,,,,,,,,,,,,,,,,,,,,,,,,,,,,,,,,,,,,,,,,,,,,,,,,,,,,,,,,,,,,,,,,,,,,,,,,,,,,,,,,,,,,,,,,,,,,,,,,,,,,,,,,,,,,,,,,,,,,,,,,,,,,,,,,,,,,,,,,,,,,,,,,,,,,,,,,,,,,,,,,,,,,,,,,Milwaukee_Accessory_M701B-21M.jpg,,,,,,,,,Milwaukee_Accessory_M701B-21M_Specification_Sheet.pdf,,,,,,,,,,,,,,,,,,No
,,,,,,74081379,Safety & Personal Protection,Personal Protective Equipment,Eye & Face Protection,3081379,M701B-21S,M701B-21S Milw S Black Heated Work Glove Liners,-- Unbranded --,-- No Unilog Brand --,-- No DIB Brand --,Milwaukee Accessory (4031),Milwaukee Accessory,Milwaukee Accessory,,M701B-21S,,Safety & Personal Protection>Personal Protective Equipment>Eye Protection,"Milwaukee Accessory, Eye & Face Protection, M701B-21S",EYE & FACE PROTECTION,Milwaukee Accessory M701B-21S Eye & Face Protection,Milwaukee Accessory Eye & Face Protection,Eye & Face Protection,,,,,,,,,,,,,,,,,,,,,,,,,,,Eye & Face Protection,Model,M701B-21S,,,,,,,,,,,,,,,,,,,,,,,,,,,,,,,,,,,,,,,,,,,,,,,,,,,,,,,,,,,,,,,,,,,,,,,,,,,,,,,,,,,,,,,,,,,,,,,,,,,,,,,,,,,,,,,,,,,,,,,,,,,,,,,,,,,,,,,,,,,,,,,,,,,,,,,,,,,,,,,,,,,,,,,,Milwaukee_Accessory_M701B-21S.jpg,,,,,,,,,Milwaukee_Accessory_M701B-21S_Specification_Sheet.pdf,,,,,,,,,,,,,,,,,,No
,,,,,,22918540,Safety & Personal Protection,Personal Protective Equipment,Eye & Face Protection,5918540,M701B-21XL,M701B-21XL Milw XL Black Heated Work Glove Liners,-- Unbranded --,-- No Unilog Brand --,-- No DIB Brand --,Milwaukee Accessory (4031),Milwaukee Accessory,Milwaukee Accessory,,M701B-21XL,M701B-21L,Safety & Personal Protection>Personal Protective Equipment>Eye Protection,"Milwaukee Accessory, Eye & Face Protection, M701B-21XL",EYE & FACE PROTECTION,Milwaukee Accessory M701B-21XL Eye & Face Protection,Milwaukee Accessory Eye & Face Protection,Eye & Face Protection,,,,,,,,,,,,,,,,,,,,,,,,,,,Eye & Face Protection,Model,M701B-21XL,,,,,,,,,,,,,,,,,,,,,,,,,,,,,,,,,,,,,,,,,,,,,,,,,,,,,,,,,,,,,,,,,,,,,,,,,,,,,,,,,,,,,,,,,,,,,,,,,,,,,,,,,,,,,,,,,,,,,,,,,,,,,,,,,,,,,,,,,,,,,,,,,,,,,,,,,,,,,,,,,,,,,,,,Milwaukee_Accessory_M701B-21XL.jpg,,,,,,,,,Milwaukee_Accessory_M701B-21XL_Specification_Sheet.pdf,,,,,,,,,,,,,,,,,,No
,,,,,,94611657,Safety & Personal Protection,Personal Protective Equipment,Eye & Face Protection,5611657,MWUG42010124,UTW Pro Heated Glove Blk XS,-- Unbranded --,-- No Unilog Brand --,-- No DIB Brand --,Tech Gear 5.7 Inc (TECGE),Tech Gear 5.7 Inc,Tech Gear 5.7 Inc,,MWUG42010124,"MWUG42010224, MWUG42010324, MWUG42010424, MWUG42010524, MWUG42010624",Safety & Personal Protection>Personal Protective Equipment>Eye Protection,"Tech Gear 5.7 Inc, Eye & Face Protection, MWUG42010124",EYE & FACE PROTECTION,Tech Gear 5.7 Inc MWUG42010124 Eye & Face Protection,Tech Gear 5.7 Inc Eye & Face Protection,Eye & Face Protection,,,,,,,,,,,,,,,,,,,,,,,,,,,Eye & Face Protection,Model,MWUG42010124,,,,,,,,,,,,,,,,,,,,,,,,,,,,,,,,,,,,,,,,,,,,,,,,,,,,,,,,,,,,,,,,,,,,,,,,,,,,,,,,,,,,,,,,,,,,,,,,,,,,,,,,,,,,,,,,,,,,,,,,,,,,,,,,,,,,,,,,,,,,,,,,,,,,,,,,,,,,,,,,,,,,,,,,Tech_Gear_5.7_Inc_MWUG42010124.jpg,,,,,,,,,Tech_Gear_5.7_Inc_MWUG42010124_Specification_Sheet.pdf,,,,,,,,,,,,,,,,,,No
,,,,,,22119061,Safety & Personal Protection,Personal Protective Equipment,Eye & Face Protection,5119061,MWUG42010224,UTW Pro Heated Glove Blk SM,-- Unbranded --,-- No Unilog Brand --,-- No DIB Brand --,Tech Gear 5.7 Inc (TECGE),Tech Gear 5.7 Inc,Tech Gear 5.7 Inc,,MWUG42010224,"MWUG42010124, MWUG42010324, MWUG42010424, MWUG42010524, MWUG42010624",Safety & Personal Protection>Personal Protective Equipment>Eye Protection,"Tech Gear 5.7 Inc, Eye & Face Protection, MWUG42010224",EYE & FACE PROTECTION,Tech Gear 5.7 Inc MWUG42010224 Eye & Face Protection,Tech Gear 5.7 Inc Eye & Face Protection,Eye & Face Protection,,,,,,,,,,,,,,,,,,,,,,,,,,,Eye & Face Protection,Model,MWUG42010224,,,,,,,,,,,,,,,,,,,,,,,,,,,,,,,,,,,,,,,,,,,,,,,,,,,,,,,,,,,,,,,,,,,,,,,,,,,,,,,,,,,,,,,,,,,,,,,,,,,,,,,,,,,,,,,,,,,,,,,,,,,,,,,,,,,,,,,,,,,,,,,,,,,,,,,,,,,,,,,,,,,,,,,,Tech_Gear_5.7_Inc_MWUG42010224.jpg,,,,,,,,,Tech_Gear_5.7_Inc_MWUG42010224_Specification_Sheet.pdf,,,,,,,,,,,,,,,,,,No
,,,,,,28901670,Safety & Personal Protection,Personal Protective Equipment,Eye & Face Protection,2901670,MWUG42010324,UTW Pro Heated Glove Blk MD,-- Unbranded --,-- No Unilog Brand --,-- No DIB Brand --,Tech Gear 5.7 Inc (TECGE),Tech Gear 5.7 Inc,Tech Gear 5.7 Inc,,MWUG42010324,"MWUG42010124, MWUG42010224, MWUG42010424, MWUG42010524, MWUG42010624",Safety & Personal Protection>Personal Protective Equipment>Eye Protection,"Tech Gear 5.7 Inc, Eye & Face Protection, MWUG42010324",EYE & FACE PROTECTION,Tech Gear 5.7 Inc MWUG42010324 Eye & Face Protection,Tech Gear 5.7 Inc Eye & Face Protection,Eye & Face Protection,,,,,,,,,,,,,,,,,,,,,,,,,,,Eye & Face Protection,Model,MWUG42010324,,,,,,,,,,,,,,,,,,,,,,,,,,,,,,,,,,,,,,,,,,,,,,,,,,,,,,,,,,,,,,,,,,,,,,,,,,,,,,,,,,,,,,,,,,,,,,,,,,,,,,,,,,,,,,,,,,,,,,,,,,,,,,,,,,,,,,,,,,,,,,,,,,,,,,,,,,,,,,,,,,,,,,,,Tech_Gear_5.7_Inc_MWUG42010324.jpg,,,,,,,,,Tech_Gear_5.7_Inc_MWUG42010324_Specification_Sheet.pdf,,,,,,,,,,,,,,,,,,No
,,,,,,80991485,Safety & Personal Protection,Personal Protective Equipment,Eye & Face Protection,9991485,MWUG42010424,UTW Pro Heated Glove Blk LG,-- Unbranded --,-- No Unilog Brand --,-- No DIB Brand --,Tech Gear 5.7 Inc (TECGE),Tech Gear 5.7 Inc,Tech Gear 5.7 Inc,,MWUG42010424,"MWUG42010124, MWUG42010224, MWUG42010324, MWUG42010524, MWUG42010624",Safety & Personal Protection>Personal Protective Equipment>Eye Protection,"Tech Gear 5.7 Inc, Eye & Face Protection, MWUG42010424",EYE & FACE PROTECTION,Tech Gear 5.7 Inc MWUG42010424 Eye & Face Protection,Tech Gear 5.7 Inc Eye & Face Protection,Eye & Face Protection,,,,,,,,,,,,,,,,,,,,,,,,,,,Eye & Face Protection,Model,MWUG42010424,,,,,,,,,,,,,,,,,,,,,,,,,,,,,,,,,,,,,,,,,,,,,,,,,,,,,,,,,,,,,,,,,,,,,,,,,,,,,,,,,,,,,,,,,,,,,,,,,,,,,,,,,,,,,,,,,,,,,,,,,,,,,,,,,,,,,,,,,,,,,,,,,,,,,,,,,,,,,,,,,,,,,,,,Tech_Gear_5.7_Inc_MWUG42010424.jpg,,,,,,,,,Tech_Gear_5.7_Inc_MWUG42010424_Specification_Sheet.pdf,,,,,,,,,,,,,,,,,,No
,,,,,,83756019,Safety & Personal Protection,Personal Protective Equipment,Eye & Face Protection,3756019,MWUG42010524,UTW Pro Heated Glove Blk XL,-- Unbranded --,-- No Unilog Brand --,-- No DIB Brand --,Tech Gear 5.7 Inc (TECGE),Tech Gear 5.7 Inc,Tech Gear 5.7 Inc,,MWUG42010524,"MWUG42010124, MWUG42010224, MWUG42010324, MWUG42010424, MWUG42010624",Safety & Personal Protection>Personal Protective Equipment>Eye Protection,"Tech Gear 5.7 Inc, Eye & Face Protection, MWUG42010524",EYE & FACE PROTECTION,Tech Gear 5.7 Inc MWUG42010524 Eye & Face Protection,Tech Gear 5.7 Inc Eye & Face Protection,Eye & Face Protection,,,,,,,,,,,,,,,,,,,,,,,,,,,Eye & Face Protection,Model,MWUG42010524,,,,,,,,,,,,,,,,,,,,,,,,,,,,,,,,,,,,,,,,,,,,,,,,,,,,,,,,,,,,,,,,,,,,,,,,,,,,,,,,,,,,,,,,,,,,,,,,,,,,,,,,,,,,,,,,,,,,,,,,,,,,,,,,,,,,,,,,,,,,,,,,,,,,,,,,,,,,,,,,,,,,,,,,Tech_Gear_5.7_Inc_MWUG42010524.jpg,,,,,,,,,Tech_Gear_5.7_Inc_MWUG42010524_Specification_Sheet.pdf,,,,,,,,,,,,,,,,,,No
,,,,,,55837953,Safety & Personal Protection,Personal Protective Equipment,Eye & Face Protection,2837953,MWUG42010624,UTW Pro Heated Glove Blk 2X,-- Unbranded --,-- No Unilog Brand --,-- No DIB Brand --,Tech Gear 5.7 Inc (TECGE),Tech Gear 5.7 Inc,Tech Gear 5.7 Inc,,MWUG42010624,"MWUG42010124, MWUG42010224, MWUG42010324, MWUG42010424, MWUG42010524",Safety & Personal Protection>Personal Protective Equipment>Eye Protection,"Tech Gear 5.7 Inc, Eye & Face Protection, MWUG42010624",EYE & FACE PROTECTION,Tech Gear 5.7 Inc MWUG42010624 Eye & Face Protection,Tech Gear 5.7 Inc Eye & Face Protection,Eye & Face Protection,,,,,,,,,,,,,,,,,,,,,,,,,,,Eye & Face Protection,Model,MWUG42010624,,,,,,,,,,,,,,,,,,,,,,,,,,,,,,,,,,,,,,,,,,,,,,,,,,,,,,,,,,,,,,,,,,,,,,,,,,,,,,,,,,,,,,,,,,,,,,,,,,,,,,,,,,,,,,,,,,,,,,,,,,,,,,,,,,,,,,,,,,,,,,,,,,,,,,,,,,,,,,,,,,,,,,,,Tech_Gear_5.7_Inc_MWUG42010624.jpg,,,,,,,,,Tech_Gear_5.7_Inc_MWUG42010624_Specification_Sheet.pdf,,,,,,,,,,,,,,,,,,No
,,,,,,83376868,Safety & Personal Protection,Personal Protective Equipment,Eye & Face Protection,3376868,MWUG36010225,MWUG36010225 BLK SM Aerial Snow Heated Glove,-- Unbranded --,-- No Unilog Brand --,-- No DIB Brand --,Tech Gear 5.7 Inc (TECGE),Tech Gear 5.7 Inc,Tech Gear 5.7 Inc,,MWUG36010225,"MWUG36010325, MWUG36010425, MWUG36010525, MWUG36010625",Safety & Personal Protection>Personal Protective Equipment>Eye Protection,"Tech Gear 5.7 Inc, Eye & Face Protection, MWUG36010225",EYE & FACE PROTECTION,Tech Gear 5.7 Inc MWUG36010225 Eye & Face Protection,Tech Gear 5.7 Inc Eye & Face Protection,Eye & Face Protection,,,,,,,,,,,,,,,,,,,,,,,,,,,Eye & Face Protection,Model,MWUG36010225,,,,,,,,,,,,,,,,,,,,,,,,,,,,,,,,,,,,,,,,,,,,,,,,,,,,,,,,,,,,,,,,,,,,,,,,,,,,,,,,,,,,,,,,,,,,,,,,,,,,,,,,,,,,,,,,,,,,,,,,,,,,,,,,,,,,,,,,,,,,,,,,,,,,,,,,,,,,,,,,,,,,,,,,Tech_Gear_5.7_Inc_MWUG36010225.jpg,,,,,,,,,Tech_Gear_5.7_Inc_MWUG36010225_Specification_Sheet.pdf,,,,,,,,,,,,,,,,,,No
,,,,,,54578213,Safety & Personal Protection,Personal Protective Equipment,Eye & Face Protection,1578213,MWUG36010325,MWUG36010325 BLK MD Aerial Snow Heated Glove,-- Unbranded --,-- No Unilog Brand --,-- No DIB Brand --,Tech Gear 5.7 Inc (TECGE),Tech Gear 5.7 Inc,Tech Gear 5.7 Inc,,MWUG36010325,"MWUG36010225, MWUG36010425, MWUG36010525, MWUG36010625",Safety & Personal Protection>Personal Protective Equipment>Eye Protection,"Tech Gear 5.7 Inc, Eye & Face Protection, MWUG36010325",EYE & FACE PROTECTION,Tech Gear 5.7 Inc MWUG36010325 Eye & Face Protection,Tech Gear 5.7 Inc Eye & Face Protection,Eye & Face Protection,,,,,,,,,,,,,,,,,,,,,,,,,,,Eye & Face Protection,Model,MWUG36010325,,,,,,,,,,,,,,,,,,,,,,,,,,,,,,,,,,,,,,,,,,,,,,,,,,,,,,,,,,,,,,,,,,,,,,,,,,,,,,,,,,,,,,,,,,,,,,,,,,,,,,,,,,,,,,,,,,,,,,,,,,,,,,,,,,,,,,,,,,,,,,,,,,,,,,,,,,,,,,,,,,,,,,,,Tech_Gear_5.7_Inc_MWUG36010325.jpg,,,,,,,,,Tech_Gear_5.7_Inc_MWUG36010325_Specification_Sheet.pdf,,,,,,,,,,,,,,,,,,No
,,,,,,31363014,Safety & Personal Protection,Personal Protective Equipment,Eye & Face Protection,5363014,MWUG36010425,MWUG36010425 BLK LG Aerial Snow Heated Glove,-- Unbranded --,-- No Unilog Brand --,-- No DIB Brand --,Tech Gear 5.7 Inc (TECGE),Tech Gear 5.7 Inc,Tech Gear 5.7 Inc,,MWUG36010425,"MWUG36010225, MWUG36010325, MWUG36010525, MWUG36010625",Safety & Personal Protection>Personal Protective Equipment>Eye Protection,"Tech Gear 5.7 Inc, Eye & Face Protection, MWUG36010425",EYE & FACE PROTECTION,Tech Gear 5.7 Inc MWUG36010425 Eye & Face Protection,Tech Gear 5.7 Inc Eye & Face Protection,Eye & Face Protection,,,,,,,,,,,,,,,,,,,,,,,,,,,Eye & Face Protection,Model,MWUG36010425,,,,,,,,,,,,,,,,,,,,,,,,,,,,,,,,,,,,,,,,,,,,,,,,,,,,,,,,,,,,,,,,,,,,,,,,,,,,,,,,,,,,,,,,,,,,,,,,,,,,,,,,,,,,,,,,,,,,,,,,,,,,,,,,,,,,,,,,,,,,,,,,,,,,,,,,,,,,,,,,,,,,,,,,Tech_Gear_5.7_Inc_MWUG36010425.jpg,,,,,,,,,Tech_Gear_5.7_Inc_MWUG36010425_Specification_Sheet.pdf,,,,,,,,,,,,,,,,,,No
,,,,,,26213460,Safety & Personal Protection,Personal Protective Equipment,Eye & Face Protection,9213460,MWUG36010525,MWUG36010525 BLK XL Aerial Snow Heated Glove,-- Unbranded --,-- No Unilog Brand --,-- No DIB Brand --,Tech Gear 5.7 Inc (TECGE),Tech Gear 5.7 Inc,Tech Gear 5.7 Inc,,MWUG36010525,"MWUG36010225, MWUG36010325, MWUG36010425, MWUG36010625",Safety & Personal Protection>Personal Protective Equipment>Eye Protection,"Tech Gear 5.7 Inc, Eye & Face Protection, MWUG36010525",EYE & FACE PROTECTION,Tech Gear 5.7 Inc MWUG36010525 Eye & Face Protection,Tech Gear 5.7 Inc Eye & Face Protection,Eye & Face Protection,,,,,,,,,,,,,,,,,,,,,,,,,,,Eye & Face Protection,Model,MWUG36010525,,,,,,,,,,,,,,,,,,,,,,,,,,,,,,,,,,,,,,,,,,,,,,,,,,,,,,,,,,,,,,,,,,,,,,,,,,,,,,,,,,,,,,,,,,,,,,,,,,,,,,,,,,,,,,,,,,,,,,,,,,,,,,,,,,,,,,,,,,,,,,,,,,,,,,,,,,,,,,,,,,,,,,,,Tech_Gear_5.7_Inc_MWUG36010525.jpg,,,,,,,,,Tech_Gear_5.7_Inc_MWUG36010525_Specification_Sheet.pdf,,,,,,,,,,,,,,,,,,No
,,,,,,52804436,Safety & Personal Protection,Personal Protective Equipment,Eye & Face Protection,8804436,MWUG36010625,MWUG36010625 BLK 2X Aerial Snow Heated Glove,-- Unbranded --,-- No Unilog Brand --,-- No DIB Brand --,Tech Gear 5.7 Inc (TECGE),Tech Gear 5.7 Inc,Tech Gear 5.7 Inc,,MWUG36010625,"MWUG36010225, MWUG36010325, MWUG36010425, MWUG36010525",Safety & Personal Protection>Personal Protective Equipment>Eye Protection,"Tech Gear 5.7 Inc, Eye & Face Protection, MWUG36010625",EYE & FACE PROTECTION,Tech Gear 5.7 Inc MWUG36010625 Eye & Face Protection,Tech Gear 5.7 Inc Eye & Face Protection,Eye & Face Protection,,,,,,,,,,,,,,,,,,,,,,,,,,,Eye & Face Protection,Model,MWUG36010625,,,,,,,,,,,,,,,,,,,,,,,,,,,,,,,,,,,,,,,,,,,,,,,,,,,,,,,,,,,,,,,,,,,,,,,,,,,,,,,,,,,,,,,,,,,,,,,,,,,,,,,,,,,,,,,,,,,,,,,,,,,,,,,,,,,,,,,,,,,,,,,,,,,,,,,,,,,,,,,,,,,,,,,,Tech_Gear_5.7_Inc_MWUG36010625.jpg,,,,,,,,,Tech_Gear_5.7_Inc_MWUG36010625_Specification_Sheet.pdf,,,,,,,,,,,,,,,,,,No
,,,,,,20220242,Tools & Industrial Hardware,Industrial Maintenance,General Supplies,3220242,DPG15,DPG15 Dewalt AM/FM Hearing Protector,-- Unbranded --,-- No Unilog Brand --,-- No DIB Brand --,Radians (7363),Radians,Radians,,DPG15,,Tools & Industrial Hardware>Industrial Maintenance>General Supplies,"Radians, General Supplie, DPG15",GENERAL SUPPLIE,Radians DPG15 General Supplie,Radians General Supplie,General Supplie,,,,,,,,,,,,,,,,,,,,,,,,,,,General Supplie,Model,DPG15,,,,,,,,,,,,,,,,,,,,,,,,,,,,,,,,,,,,,,,,,,,,,,,,,,,,,,,,,,,,,,,,,,,,,,,,,,,,,,,,,,,,,,,,,,,,,,,,,,,,,,,,,,,,,,,,,,,,,,,,,,,,,,,,,,,,,,,,,,,,,,,,,,,,,,,,,,,,,,,,,,,,,,,,Radians_DPG15.jpg,,,,,,,,,Radians_DPG15_Specification_Sheet.pdf,,,,,,,,,,,,,,,,,,No
,,,,,,49518484,Tools & Industrial Hardware,Industrial Maintenance,General Supplies,5518484,F200B-21L,F200B-21L Milw M12 Womens - BLK Heated Hoodie Kit L,-- Unbranded --,-- No Unilog Brand --,-- No DIB Brand --,Milwaukee Accessory (4031),Milwaukee Accessory,Milwaukee Accessory,,F200B-21L,,Tools & Industrial Hardware>Industrial Maintenance>General Supplies,"Milwaukee Accessory, General Supplie, F200B-21L",GENERAL SUPPLIE,Milwaukee Accessory F200B-21L General Supplie,Milwaukee Accessory General Supplie,General Supplie,,,,,,,,,,,,,,,,,,,,,,,,,,,General Supplie,Model,F200B-21L,,,,,,,,,,,,,,,,,,,,,,,,,,,,,,,,,,,,,,,,,,,,,,,,,,,,,,,,,,,,,,,,,,,,,,,,,,,,,,,,,,,,,,,,,,,,,,,,,,,,,,,,,,,,,,,,,,,,,,,,,,,,,,,,,,,,,,,,,,,,,,,,,,,,,,,,,,,,,,,,,,,,,,,,Milwaukee_Accessory_F200B-21L.jpg,,,,,,,,,Milwaukee_Accessory_F200B-21L_Specification_Sheet.pdf,,,,,,,,,,,,,,,,,,No
,,,,,,70561997,Tools & Industrial Hardware,Industrial Maintenance,General Supplies,8561997,F200B-21M,F200B-21M Milw M12 Womens - BLK Heated Hoodie Kit M,-- Unbranded --,-- No Unilog Brand --,-- No DIB Brand --,Milwaukee Accessory (4031),Milwaukee Accessory,Milwaukee Accessory,,F200B-21M,,Tools & Industrial Hardware>Industrial Maintenance>General Supplies,"Milwaukee Accessory, General Supplie, F200B-21M",GENERAL SUPPLIE,Milwaukee Accessory F200B-21M General Supplie,Milwaukee Accessory General Supplie,General Supplie,,,,,,,,,,,,,,,,,,,,,,,,,,,General Supplie,Model,F200B-21M,,,,,,,,,,,,,,,,,,,,,,,,,,,,,,,,,,,,,,,,,,,,,,,,,,,,,,,,,,,,,,,,,,,,,,,,,,,,,,,,,,,,,,,,,,,,,,,,,,,,,,,,,,,,,,,,,,,,,,,,,,,,,,,,,,,,,,,,,,,,,,,,,,,,,,,,,,,,,,,,,,,,,,,,Milwaukee_Accessory_F200B-21M.jpg,,,,,,,,,Milwaukee_Accessory_F200B-21M_Specification_Sheet.pdf,,,,,,,,,,,,,,,,,,No
,,,,,,63842545,Tools & Industrial Hardware,Industrial Maintenance,General Supplies,1842545,M200B-21L,M200B-21L Milw M12 BLK - Heated Hoodie Kit L,-- Unbranded --,-- No Unilog Brand --,-- No DIB Brand --,Milwaukee Accessory (4031),Milwaukee Accessory,Milwaukee Accessory,,M200B-21L,M200B-21XL,Tools & Industrial Hardware>Industrial Maintenance>General Supplies,"Milwaukee Accessory, General Supplie, M200B-21L",GENERAL SUPPLIE,Milwaukee Accessory M200B-21L General Supplie,Milwaukee Accessory General Supplie,General Supplie,,,,,,,,,,,,,,,,,,,,,,,,,,,General Supplie,Model,M200B-21L,,,,,,,,,,,,,,,,,,,,,,,,,,,,,,,,,,,,,,,,,,,,,,,,,,,,,,,,,,,,,,,,,,,,,,,,,,,,,,,,,,,,,,,,,,,,,,,,,,,,,,,,,,,,,,,,,,,,,,,,,,,,,,,,,,,,,,,,,,,,,,,,,,,,,,,,,,,,,,,,,,,,,,,,Milwaukee_Accessory_M200B-21L.jpg,,,,,,,,,Milwaukee_Accessory_M200B-21L_Specification_Sheet.pdf,,,,,,,,,,,,,,,,,,No
,,,,,,74762990,Tools & Industrial Hardware,Industrial Maintenance,General Supplies,3762990,M200B-21M,M200B-21M Milw M12 BLK - Heated Hoodie Kit M,-- Unbranded --,-- No Unilog Brand --,-- No DIB Brand --,Milwaukee Accessory (4031),Milwaukee Accessory,Milwaukee Accessory,,M200B-21M,,Tools & Industrial Hardware>Industrial Maintenance>General Supplies,"Milwaukee Accessory, General Supplie, M200B-21M",GENERAL SUPPLIE,Milwaukee Accessory M200B-21M General Supplie,Milwaukee Accessory General Supplie,General Supplie,,,,,,,,,,,,,,,,,,,,,,,,,,,General Supplie,Model,M200B-21M,,,,,,,,,,,,,,,,,,,,,,,,,,,,,,,,,,,,,,,,,,,,,,,,,,,,,,,,,,,,,,,,,,,,,,,,,,,,,,,,,,,,,,,,,,,,,,,,,,,,,,,,,,,,,,,,,,,,,,,,,,,,,,,,,,,,,,,,,,,,,,,,,,,,,,,,,,,,,,,,,,,,,,,,Milwaukee_Accessory_M200B-21M.jpg,,,,,,,,,Milwaukee_Accessory_M200B-21M_Specification_Sheet.pdf,,,,,,,,,,,,,,,,,,No
,,,,,,47652435,Tools & Industrial Hardware,Industrial Maintenance,General Supplies,3652435,M200B-21XL,M200B-21XL Milw M12 BLK - Heated Hoodie Kit XL,-- Unbranded --,-- No Unilog Brand --,-- No DIB Brand --,Milwaukee Accessory (4031),Milwaukee Accessory,Milwaukee Accessory,,M200B-21XL,"M200B-21L, M200G-21XL",Tools & Industrial Hardware>Industrial Maintenance>General Supplies,"Milwaukee Accessory, General Supplie, M200B-21XL",GENERAL SUPPLIE,Milwaukee Accessory M200B-21XL General Supplie,Milwaukee Accessory General Supplie,General Supplie,,,,,,,,,,,,,,,,,,,,,,,,,,,General Supplie,Model,M200B-21XL,,,,,,,,,,,,,,,,,,,,,,,,,,,,,,,,,,,,,,,,,,,,,,,,,,,,,,,,,,,,,,,,,,,,,,,,,,,,,,,,,,,,,,,,,,,,,,,,,,,,,,,,,,,,,,,,,,,,,,,,,,,,,,,,,,,,,,,,,,,,,,,,,,,,,,,,,,,,,,,,,,,,,,,,Milwaukee_Accessory_M200B-21XL.jpg,,,,,,,,,Milwaukee_Accessory_M200B-21XL_Specification_Sheet.pdf,,,,,,,,,,,,,,,,,,No
,,,,,,98918742,Tools & Industrial Hardware,Industrial Maintenance,General Supplies,9918742,M200G-21L,M200G-21L Milw M12 Gray - Heated Hoodie Kit L,-- Unbranded --,-- No Unilog Brand --,-- No DIB Brand --,Milwaukee Accessory (4031),Milwaukee Accessory,Milwaukee Accessory,,M200G-21L,M200G-21XL,Tools & Industrial Hardware>Industrial Maintenance>General Supplies,"Milwaukee Accessory, General Supplie, M200G-21L",GENERAL SUPPLIE,Milwaukee Accessory M200G-21L General Supplie,Milwaukee Accessory General Supplie,General Supplie,,,,,,,,,,,,,,,,,,,,,,,,,,,General Supplie,Model,M200G-21L,,,,,,,,,,,,,,,,,,,,,,,,,,,,,,,,,,,,,,,,,,,,,,,,,,,,,,,,,,,,,,,,,,,,,,,,,,,,,,,,,,,,,,,,,,,,,,,,,,,,,,,,,,,,,,,,,,,,,,,,,,,,,,,,,,,,,,,,,,,,,,,,,,,,,,,,,,,,,,,,,,,,,,,,Milwaukee_Accessory_M200G-21L.jpg,,,,,,,,,Milwaukee_Accessory_M200G-21L_Specification_Sheet.pdf,,,,,,,,,,,,,,,,,,No
,,,,,,58392814,Tools & Industrial Hardware,Industrial Maintenance,General Supplies,5392814,M200G-21M,M200G-21M Milw M12 Gray - Heated Hoodie Kit M,-- Unbranded --,-- No Unilog Brand --,-- No DIB Brand --,Milwaukee Accessory (4031),Milwaukee Accessory,Milwaukee Accessory,,M200G-21M,,Tools & Industrial Hardware>Industrial Maintenance>General Supplies,"Milwaukee Accessory, General Supplie, M200G-21M",GENERAL SUPPLIE,Milwaukee Accessory M200G-21M General Supplie,Milwaukee Accessory General Supplie,General Supplie,,,,,,,,,,,,,,,,,,,,,,,,,,,General Supplie,Model,M200G-21M,,,,,,,,,,,,,,,,,,,,,,,,,,,,,,,,,,,,,,,,,,,,,,,,,,,,,,,,,,,,,,,,,,,,,,,,,,,,,,,,,,,,,,,,,,,,,,,,,,,,,,,,,,,,,,,,,,,,,,,,,,,,,,,,,,,,,,,,,,,,,,,,,,,,,,,,,,,,,,,,,,,,,,,,Milwaukee_Accessory_M200G-21M.jpg,,,,,,,,,Milwaukee_Accessory_M200G-21M_Specification_Sheet.pdf,,,,,,,,,,,,,,,,,,No
,,,,,,49055463,Tools & Industrial Hardware,Industrial Maintenance,General Supplies,5055463,M200G-21XL,M200G-21XL Milw M12 Gray - Heated Hoodie Kit XL,-- Unbranded --,-- No Unilog Brand --,-- No DIB Brand --,Milwaukee Accessory (4031),Milwaukee Accessory,Milwaukee Accessory,,M200G-21XL,"M200B-21XL, M200G-21L",Tools & Industrial Hardware>Industrial Maintenance>General Supplies,"Milwaukee Accessory, General Supplie, M200G-21XL",GENERAL SUPPLIE,Milwaukee Accessory M200G-21XL General Supplie,Milwaukee Accessory General Supplie,General Supplie,,,,,,,,,,,,,,,,,,,,,,,,,,,General Supplie,Model,M200G-21XL,,,,,,,,,,,,,,,,,,,,,,,,,,,,,,,,,,,,,,,,,,,,,,,,,,,,,,,,,,,,,,,,,,,,,,,,,,,,,,,,,,,,,,,,,,,,,,,,,,,,,,,,,,,,,,,,,,,,,,,,,,,,,,,,,,,,,,,,,,,,,,,,,,,,,,,,,,,,,,,,,,,,,,,,Milwaukee_Accessory_M200G-21XL.jpg,,,,,,,,,Milwaukee_Accessory_M200G-21XL_Specification_Sheet.pdf,,,,,,,,,,,,,,,,,,No
,,,,,,28774484,Tools & Industrial Hardware,Industrial Maintenance,General Supplies,2774484,48-11-2330,48-11-2330 Milw Heated Gear Power Source,-- Unbranded --,-- No Unilog Brand --,-- No DIB Brand --,Milwaukee Accessory (4031),Milwaukee Accessory,Milwaukee Accessory,,48-11-2330,,Tools & Industrial Hardware>Industrial Maintenance>General Supplies,"Milwaukee Accessory, General Supplie, 48-11-2330",GENERAL SUPPLIE,Milwaukee Accessory 48-11-2330 General Supplie,Milwaukee Accessory General Supplie,General Supplie,,,,,,,,,,,,,,,,,,,,,,,,,,,General Supplie,Model,48-11-2330,,,,,,,,,,,,,,,,,,,,,,,,,,,,,,,,,,,,,,,,,,,,,,,,,,,,,,,,,,,,,,,,,,,,,,,,,,,,,,,,,,,,,,,,,,,,,,,,,,,,,,,,,,,,,,,,,,,,,,,,,,,,,,,,,,,,,,,,,,,,,,,,,,,,,,,,,,,,,,,,,,,,,,,,Milwaukee_Accessory_48-11-2330.jpg,,,,,,,,,Milwaukee_Accessory_48-11-2330_Specification_Sheet.pdf,,,,,,,,,,,,,,,,,,No
,,,,,,45038000,Building Materials,Decking & Building Products,Composite Decking & Trim,1038000,DCBP250C,DCBP520C Dewalt Starter Kit,-- Unbranded --,-- No Unilog Brand --,DEWALT,Black & Decker/dewlt (2585),Black & Decker/dewlt,DEWALT®,,DCBP250C,,Building Materials>Decking & Building Products>Composite Decking,"Black & Decker/dewlt, Composite Decking & Trim, DCBP250C",COMPOSITE DECKING & TRIM,DEWALT® DCBP250C Composite Decking & Trim,DEWALT® Composite Decking & Trim,Composite Decking & Trim,,,,,,,,,,,,,,,,,,,,,,,,,,,Composite Decking & Trim,Model,DCBP250C,,,,,,,,,,,,,,,,,,,,,,,,,,,,,,,,,,,,,,,,,,,,,,,,,,,,,,,,,,,,,,,,,,,,,,,,,,,,,,,,,,,,,,,,,,,,,,,,,,,,,,,,,,,,,,,,,,,,,,,,,,,,,,,,,,,,,,,,,,,,,,,,,,,,,,,,,,,,,,,,,,,,,,,,DEWALT_DCBP250C.jpg,,,,,,,,,DEWALT_DCBP250C_Specification_Sheet.pdf,,,,,,,,,,,,,,,,,,No
,,,,,,65474095,Tools & Industrial Hardware,Industrial Maintenance,General Supplies,3474095,5328,5328 Lg. Leather Phone Holster - Clip-on,-- Unbranded --,-- No Unilog Brand --,-- No DIB Brand --,-,,,,5328,,Tools & Industrial Hardware>Industrial Maintenance>General Supplies,", General Supplie, 5328",GENERAL SUPPLIE,5328 General Supplie,General Supplie,General Supplie,,,,,,,,,,,,,,,,,,,,,,,,,,,General Supplie,Model,5328,,,,,,,,,,,,,,,,,,,,,,,,,,,,,,,,,,,,,,,,,,,,,,,,,,,,,,,,,,,,,,,,,,,,,,,,,,,,,,,,,,,,,,,,,,,,,,,,,,,,,,,,,,,,,,,,,,,,,,,,,,,,,,,,,,,,,,,,,,,,,,,,,,,,,,,,,,,,,,,,,,,,,,,,PRODUCT_5328.jpg,,,,,,,,,PRODUCT_5328_Specification_Sheet.pdf,,,,,,,,,,,,,,,,,,No
,,,,,,96136079,Tools & Industrial Hardware,Industrial Maintenance,General Supplies,7136079,3200-20,3200-20 Milw Voltage Detector,-- Unbranded --,-- No Unilog Brand --,-- No DIB Brand --,Milwaukee Accessory (4031),Milwaukee Accessory,Milwaukee Accessory,,3200-20,,Tools & Industrial Hardware>Industrial Maintenance>General Supplies,"Milwaukee Accessory, General Supplie, 3200-20",GENERAL SUPPLIE,Milwaukee Accessory 3200-20 General Supplie,Milwaukee Accessory General Supplie,General Supplie,,,,,,,,,,,,,,,,,,,,,,,,,,,General Supplie,Model,3200-20,,,,,,,,,,,,,,,,,,,,,,,,,,,,,,,,,,,,,,,,,,,,,,,,,,,,,,,,,,,,,,,,,,,,,,,,,,,,,,,,,,,,,,,,,,,,,,,,,,,,,,,,,,,,,,,,,,,,,,,,,,,,,,,,,,,,,,,,,,,,,,,,,,,,,,,,,,,,,,,,,,,,,,,,Milwaukee_Accessory_3200-20.jpg,,,,,,,,,Milwaukee_Accessory_3200-20_Specification_Sheet.pdf,,,,,,,,,,,,,,,,,,No
,,,,,,94688084,Lighting & Electrical,Lighting,Lamps & Bulbs,5688084,3202-20,3202-20 Milw Voltage Detector w/ LED,-- Unbranded --,-- No Unilog Brand --,-- No DIB Brand --,Milwaukee Accessory (4031),Milwaukee Accessory,Milwaukee Accessory,,3202-20,,Lighting & Electrical>Lighting>Lamps & Fixtures,"Milwaukee Accessory, Lamps & Bulb, 3202-20",LAMPS & BULB,Milwaukee Accessory 3202-20 Lamps & Bulb,Milwaukee Accessory Lamps & Bulb,Lamps & Bulb,,,,,,,,,,,,,,,,,,,,,,,,,,,Lamps & Bulb,Model,3202-20,,,,,,,,,,,,,,,,,,,,,,,,,,,,,,,,,,,,,,,,,,,,,,,,,,,,,,,,,,,,,,,,,,,,,,,,,,,,,,,,,,,,,,,,,,,,,,,,,,,,,,,,,,,,,,,,,,,,,,,,,,,,,,,,,,,,,,,,,,,,,,,,,,,,,,,,,,,,,,,,,,,,,,,,Milwaukee_Accessory_3202-20.jpg,,,,,,,,,Milwaukee_Accessory_3202-20_Specification_Sheet.pdf,,,,,,,,,,,,,,,,,,No
,,,,,,25240593,Lighting & Electrical,Lighting,Lamps & Bulbs,8240593,3203-20,3203-20 Milw Dual Range Voltage Detector w/ LED,-- Unbranded --,-- No Unilog Brand --,-- No DIB Brand --,Milwaukee Accessory (4031),Milwaukee Accessory,Milwaukee Accessory,,3203-20,,Lighting & Electrical>Lighting>Lamps & Fixtures,"Milwaukee Accessory, Lamps & Bulb, 3203-20",LAMPS & BULB,Milwaukee Accessory 3203-20 Lamps & Bulb,Milwaukee Accessory Lamps & Bulb,Lamps & Bulb,,,,,,,,,,,,,,,,,,,,,,,,,,,Lamps & Bulb,Model,3203-20,,,,,,,,,,,,,,,,,,,,,,,,,,,,,,,,,,,,,,,,,,,,,,,,,,,,,,,,,,,,,,,,,,,,,,,,,,,,,,,,,,,,,,,,,,,,,,,,,,,,,,,,,,,,,,,,,,,,,,,,,,,,,,,,,,,,,,,,,,,,,,,,,,,,,,,,,,,,,,,,,,,,,,,,Milwaukee_Accessory_3203-20.jpg,,,,,,,,,Milwaukee_Accessory_3203-20_Specification_Sheet.pdf,,,,,,,,,,,,,,,,,,No
,,,,,,98694140,Tools & Industrial Hardware,Industrial Maintenance,General Supplies,9694140,BC-12300,"BC-12300 BigCal 12""/300mm",-- Unbranded --,-- No Unilog Brand --,-- No DIB Brand --,Woodpeckers Inc (WOODP),Woodpeckers Inc,Woodpeckers Inc,,BC-12300,,Tools & Industrial Hardware>Industrial Maintenance>General Supplies,"Woodpeckers Inc, General Supplie, BC-12300",GENERAL SUPPLIE,Woodpeckers Inc BC-12300 General Supplie,Woodpeckers Inc General Supplie,General Supplie,,,,,,,,,,,,,,,,,,,,,,,,,,,General Supplie,Model,BC-12300,,,,,,,,,,,,,,,,,,,,,,,,,,,,,,,,,,,,,,,,,,,,,,,,,,,,,,,,,,,,,,,,,,,,,,,,,,,,,,,,,,,,,,,,,,,,,,,,,,,,,,,,,,,,,,,,,,,,,,,,,,,,,,,,,,,,,,,,,,,,,,,,,,,,,,,,,,,,,,,,,,,,,,,,Woodpeckers_Inc_BC-12300.jpg,,,,,,,,,Woodpeckers_Inc_BC-12300_Specification_Sheet.pdf,,,,,,,,,,,,,,,,,,No
,,,,,,51750100,Tools & Industrial Hardware,Industrial Maintenance,General Supplies,7750100,BC-24600,"BC-24600 BigCal 24""/600mm",-- Unbranded --,-- No Unilog Brand --,-- No DIB Brand --,Woodpeckers Inc (WOODP),Woodpeckers Inc,Woodpeckers Inc,,BC-24600,,Tools & Industrial Hardware>Industrial Maintenance>General Supplies,"Woodpeckers Inc, General Supplie, BC-24600",GENERAL SUPPLIE,Woodpeckers Inc BC-24600 General Supplie,Woodpeckers Inc General Supplie,General Supplie,,,,,,,,,,,,,,,,,,,,,,,,,,,General Supplie,Model,BC-24600,,,,,,,,,,,,,,,,,,,,,,,,,,,,,,,,,,,,,,,,,,,,,,,,,,,,,,,,,,,,,,,,,,,,,,,,,,,,,,,,,,,,,,,,,,,,,,,,,,,,,,,,,,,,,,,,,,,,,,,,,,,,,,,,,,,,,,,,,,,,,,,,,,,,,,,,,,,,,,,,,,,,,,,,Woodpeckers_Inc_BC-24600.jpg,,,,,,,,,Woodpeckers_Inc_BC-24600_Specification_Sheet.pdf,,,,,,,,,,,,,,,,,,No
,,,,,,62439108,Building Materials,Decking & Building Products,Composite Decking & Trim,9439108,DW08302CG,DW08302CG Dewalt Laser - Green 3 Spot,-- Unbranded --,-- No Unilog Brand --,DEWALT,Black & Decker/dewlt (2585),Black & Decker/dewlt,DEWALT®,,DW08302CG,,Building Materials>Decking & Building Products>Composite Decking,"Black & Decker/dewlt, Composite Decking & Trim, DW08302CG",COMPOSITE DECKING & TRIM,DEWALT® DW08302CG Composite Decking & Trim,DEWALT® Composite Decking & Trim,Composite Decking & Trim,,,,,,,,,,,,,,,,,,,,,,,,,,,Composite Decking & Trim,Model,DW08302CG,,,,,,,,,,,,,,,,,,,,,,,,,,,,,,,,,,,,,,,,,,,,,,,,,,,,,,,,,,,,,,,,,,,,,,,,,,,,,,,,,,,,,,,,,,,,,,,,,,,,,,,,,,,,,,,,,,,,,,,,,,,,,,,,,,,,,,,,,,,,,,,,,,,,,,,,,,,,,,,,,,,,,,,,DEWALT_DW08302CG.jpg,,,,,,,,,DEWALT_DW08302CG_Specification_Sheet.pdf,,,,,,,,,,,,,,,,,,No
,,,,,,67186247,Tools & Industrial Hardware,Industrial Maintenance,General Supplies,5186247,GCL165-42GL,GCL165--42GL Cross Line Laser,-- Unbranded --,-- No Unilog Brand --,-- No DIB Brand --,Robt Bosch Tool Corp (6564),Robt Bosch Tool Corp,Robt Bosch Tool Corp,,GCL165-42GL,,Tools & Industrial Hardware>Industrial Maintenance>General Supplies,"Robt Bosch Tool Corp, General Supplie, GCL165-42GL",GENERAL SUPPLIE,Robt Bosch Tool Corp GCL165-42GL General Supplie,Robt Bosch Tool Corp General Supplie,General Supplie,,,,,,,,,,,,,,,,,,,,,,,,,,,General Supplie,Model,GCL165-42GL,,,,,,,,,,,,,,,,,,,,,,,,,,,,,,,,,,,,,,,,,,,,,,,,,,,,,,,,,,,,,,,,,,,,,,,,,,,,,,,,,,,,,,,,,,,,,,,,,,,,,,,,,,,,,,,,,,,,,,,,,,,,,,,,,,,,,,,,,,,,,,,,,,,,,,,,,,,,,,,,,,,,,,,,Robt_Bosch_Tool_Corp_GCL165-42GL.jpg,,,,,,,,,Robt_Bosch_Tool_Corp_GCL165-42GL_Specification_Sheet.pdf,,,,,,,,,,,,,,,,,,No
,,,,,,31845207,Building Materials,Decking & Building Products,Composite Decking & Trim,5845207,DW08802CG,DW08802CG Dewalt Laser Green - Self-Level Cross Line,-- Unbranded --,-- No Unilog Brand --,DEWALT,Black & Decker/dewlt (2585),Black & Decker/dewlt,DEWALT®,,DW08802CG,,Building Materials>Decking & Building Products>Composite Decking,"Black & Decker/dewlt, Composite Decking & Trim, DW08802CG",COMPOSITE DECKING & TRIM,DEWALT® DW08802CG Composite Decking & Trim,DEWALT® Composite Decking & Trim,Composite Decking & Trim,,,,,,,,,,,,,,,,,,,,,,,,,,,Composite Decking & Trim,Model,DW08802CG,,,,,,,,,,,,,,,,,,,,,,,,,,,,,,,,,,,,,,,,,,,,,,,,,,,,,,,,,,,,,,,,,,,,,,,,,,,,,,,,,,,,,,,,,,,,,,,,,,,,,,,,,,,,,,,,,,,,,,,,,,,,,,,,,,,,,,,,,,,,,,,,,,,,,,,,,,,,,,,,,,,,,,,,DEWALT_DW08802CG.jpg,,,,,,,,,DEWALT_DW08802CG_Specification_Sheet.pdf,,,,,,,,,,,,,,,,,,No
,,,,,,81661662,Building Materials,Decking & Building Products,Composite Decking & Trim,1661662,DW088CG,DW088CG Dewalt Laser - Green Cross Line,-- Unbranded --,-- No Unilog Brand --,DEWALT,Black & Decker/dewlt (2585),Black & Decker/dewlt,DEWALT®,,DW088CG,,Building Materials>Decking & Building Products>Composite Decking,"Black & Decker/dewlt, Composite Decking & Trim, DW088CG",COMPOSITE DECKING & TRIM,DEWALT® DW088CG Composite Decking & Trim,DEWALT® Composite Decking & Trim,Composite Decking & Trim,,,,,,,,,,,,,,,,,,,,,,,,,,,Composite Decking & Trim,Model,DW088CG,,,,,,,,,,,,,,,,,,,,,,,,,,,,,,,,,,,,,,,,,,,,,,,,,,,,,,,,,,,,,,,,,,,,,,,,,,,,,,,,,,,,,,,,,,,,,,,,,,,,,,,,,,,,,,,,,,,,,,,,,,,,,,,,,,,,,,,,,,,,,,,,,,,,,,,,,,,,,,,,,,,,,,,,DEWALT_DW088CG.jpg,,,,,,,,,DEWALT_DW088CG_Specification_Sheet.pdf,,,,,,,,,,,,,,,,,,No
,,,,,,38176094,Building Materials,Decking & Building Products,Composite Decking & Trim,3176094,DW089CG,DW089CG Dewalt Laser Level - 3 Line 30ft Range,-- Unbranded --,-- No Unilog Brand --,DEWALT,Black & Decker/dewlt (2585),Black & Decker/dewlt,DEWALT®,,DW089CG,,Building Materials>Decking & Building Products>Composite Decking,"Black & Decker/dewlt, Composite Decking & Trim, DW089CG",COMPOSITE DECKING & TRIM,DEWALT® DW089CG Composite Decking & Trim,DEWALT® Composite Decking & Trim,Composite Decking & Trim,,,,,,,,,,,,,,,,,,,,,,,,,,,Composite Decking & Trim,Model,DW089CG,,,,,,,,,,,,,,,,,,,,,,,,,,,,,,,,,,,,,,,,,,,,,,,,,,,,,,,,,,,,,,,,,,,,,,,,,,,,,,,,,,,,,,,,,,,,,,,,,,,,,,,,,,,,,,,,,,,,,,,,,,,,,,,,,,,,,,,,,,,,,,,,,,,,,,,,,,,,,,,,,,,,,,,,DEWALT_DW089CG.jpg,,,,,,,,,DEWALT_DW089CG_Specification_Sheet.pdf,,,,,,,,,,,,,,,,,,No
,,,,,,38463662,Building Materials,Decking & Building Products,Composite Decking & Trim,3463662,DCLE34520GB,DCLE34520GB Dewalt Laser 20V - Cross Line 5 Spot (Bare),-- Unbranded --,-- No Unilog Brand --,DEWALT,Black & Decker/dewlt (2585),Black & Decker/dewlt,DEWALT®,,DCLE34520GB,,Building Materials>Decking & Building Products>Composite Decking,"Black & Decker/dewlt, Composite Decking & Trim, DCLE34520GB",COMPOSITE DECKING & TRIM 20V,DEWALT® DCLE34520GB Composite Decking & Trim,"DEWALT® Composite Decking & Trim, 20 V",Composite Decking & Trim,,,,,,,,,,,,,,,,,,,,,,,,,,,Composite Decking & Trim,Model,DCLE34520GB,,Voltage Rating,20,V,,,,,,,,,,,,,,,,,,,,,,,,,,,,,,,,,,,,,,,,,,,,,,,,,,,,,,,,,,,,,,,,,,,,,,,,,,,,,,,,,,,,,,,,,,,,,,,,,,,,,,,,,,,,,,,,,,,,,,,,,,,,,,,,,,,,,,,,,,,,,,,,,,,,,,,,,,,,,,,,,,,,DEWALT_DCLE34520GB.jpg,,,,,,,,,DEWALT_DCLE34520GB_Specification_Sheet.pdf,,,,,,,,,,,,,,,,,,No
,,,,,,35023914,Building Materials,Decking & Building Products,Composite Decking & Trim,9023914,DCLE34031B,DCLE34031B Dewalt Line Laser - 20V Self-Leveling (Bare),-- Unbranded --,-- No Unilog Brand --,DEWALT,Black & Decker/dewlt (2585),Black & Decker/dewlt,DEWALT®,,DCLE34031B,,Building Materials>Decking & Building Products>Composite Decking,"Black & Decker/dewlt, Composite Decking & Trim, DCLE34031B",COMPOSITE DECKING & TRIM 20V,DEWALT® DCLE34031B Composite Decking & Trim,"DEWALT® Composite Decking & Trim, 20 V",Composite Decking & Trim,,,,,,,,,,,,,,,,,,,,,,,,,,,Composite Decking & Trim,Model,DCLE34031B,,Voltage Rating,20,V,,,,,,,,,,,,,,,,,,,,,,,,,,,,,,,,,,,,,,,,,,,,,,,,,,,,,,,,,,,,,,,,,,,,,,,,,,,,,,,,,,,,,,,,,,,,,,,,,,,,,,,,,,,,,,,,,,,,,,,,,,,,,,,,,,,,,,,,,,,,,,,,,,,,,,,,,,,,,,,,,,,,DEWALT_DCLE34031B.jpg,,,,,,,,,DEWALT_DCLE34031B_Specification_Sheet.pdf,,,,,,,,,,,,,,,,,,No
,,,,,,66973604,Building Materials,Decking & Building Products,Composite Decking & Trim,4973604,DW0822CG,DW0822CG Dewalt Cross Line - Plumb Spots Laser-Green,-- Unbranded --,-- No Unilog Brand --,DEWALT,Black & Decker/dewlt (2585),Black & Decker/dewlt,DEWALT®,,DW0822CG,,Building Materials>Decking & Building Products>Composite Decking,"Black & Decker/dewlt, Composite Decking & Trim, DW0822CG",COMPOSITE DECKING & TRIM,DEWALT® DW0822CG Composite Decking & Trim,DEWALT® Composite Decking & Trim,Composite Decking & Trim,,,,,,,,,,,,,,,,,,,,,,,,,,,Composite Decking & Trim,Model,DW0822CG,,,,,,,,,,,,,,,,,,,,,,,,,,,,,,,,,,,,,,,,,,,,,,,,,,,,,,,,,,,,,,,,,,,,,,,,,,,,,,,,,,,,,,,,,,,,,,,,,,,,,,,,,,,,,,,,,,,,,,,,,,,,,,,,,,,,,,,,,,,,,,,,,,,,,,,,,,,,,,,,,,,,,,,,DEWALT_DW0822CG.jpg,,,,,,,,,DEWALT_DW0822CG_Specification_Sheet.pdf,,,,,,,,,,,,,,,,,,No
,,,,,,45022093,Adhesives & Tapes,Tapes & Adhesives,Industrial Tapes,1022093,25459,25459 Mason Line Brd Orange - 500',-- Unbranded --,-- No Unilog Brand --,-- No DIB Brand --,U S Tape Company (6694),U S Tape Company,U S Tape Company,,25459,,Adhesives & Tapes>Tapes & Adhesives>Industrial Tapes,"U S Tape Company, Industrial Tape, 25459",INDUSTRIAL TAPE,U S Tape Company 25459 Industrial Tape,U S Tape Company Industrial Tape,Industrial Tape,,,,,,,,,,,,,,,,,,,,,,,,,,,Industrial Tape,Model,25459,,,,,,,,,,,,,,,,,,,,,,,,,,,,,,,,,,,,,,,,,,,,,,,,,,,,,,,,,,,,,,,,,,,,,,,,,,,,,,,,,,,,,,,,,,,,,,,,,,,,,,,,,,,,,,,,,,,,,,,,,,,,,,,,,,,,,,,,,,,,,,,,,,,,,,,,,,,,,,,,,,,,,,,,U_S_Tape_Company_25459.jpg,,,,,,,,,U_S_Tape_Company_25459_Specification_Sheet.pdf,,,,,,,,,,,,,,,,,,No
,,,,,,95359894,Adhesives & Tapes,Tapes & Adhesives,Industrial Tapes,6359894,35459,35459 Mason Line Brd Orange - 500' Replacement,-- Unbranded --,-- No Unilog Brand --,-- No DIB Brand --,U S Tape Company (6694),U S Tape Company,U S Tape Company,,35459,,Adhesives & Tapes>Tapes & Adhesives>Industrial Tapes,"U S Tape Company, Industrial Tape, 35459",INDUSTRIAL TAPE,U S Tape Company 35459 Industrial Tape,U S Tape Company Industrial Tape,Industrial Tape,,,,,,,,,,,,,,,,,,,,,,,,,,,Industrial Tape,Model,35459,,,,,,,,,,,,,,,,,,,,,,,,,,,,,,,,,,,,,,,,,,,,,,,,,,,,,,,,,,,,,,,,,,,,,,,,,,,,,,,,,,,,,,,,,,,,,,,,,,,,,,,,,,,,,,,,,,,,,,,,,,,,,,,,,,,,,,,,,,,,,,,,,,,,,,,,,,,,,,,,,,,,,,,,U_S_Tape_Company_35459.jpg,,,,,,,,,U_S_Tape_Company_35459_Specification_Sheet.pdf,,,,,,,,,,,,,,,,,,No
,,,,,,61401504,Adhesives & Tapes,Tapes & Adhesives,Industrial Tapes,8401504,25759,25759 Mason Line Brd Orange - 1000',-- Unbranded --,-- No Unilog Brand --,-- No DIB Brand --,U S Tape Company (6694),U S Tape Company,U S Tape Company,,25759,,Adhesives & Tapes>Tapes & Adhesives>Industrial Tapes,"U S Tape Company, Industrial Tape, 25759",INDUSTRIAL TAPE,U S Tape Company 25759 Industrial Tape,U S Tape Company Industrial Tape,Industrial Tape,,,,,,,,,,,,,,,,,,,,,,,,,,,Industrial Tape,Model,25759,,,,,,,,,,,,,,,,,,,,,,,,,,,,,,,,,,,,,,,,,,,,,,,,,,,,,,,,,,,,,,,,,,,,,,,,,,,,,,,,,,,,,,,,,,,,,,,,,,,,,,,,,,,,,,,,,,,,,,,,,,,,,,,,,,,,,,,,,,,,,,,,,,,,,,,,,,,,,,,,,,,,,,,,U_S_Tape_Company_25759.jpg,,,,,,,,,U_S_Tape_Company_25759_Specification_Sheet.pdf,,,,,,,,,,,,,,,,,,No
,,,,,,65724447,Adhesives & Tapes,Tapes & Adhesives,Industrial Tapes,3724447,35112,35112 Mason Line Twist Yellow - 270',-- Unbranded --,-- No Unilog Brand --,-- No DIB Brand --,U S Tape Company (6694),U S Tape Company,U S Tape Company,,35112,,Adhesives & Tapes>Tapes & Adhesives>Industrial Tapes,"U S Tape Company, Industrial Tape, 35112",INDUSTRIAL TAPE,U S Tape Company 35112 Industrial Tape,U S Tape Company Industrial Tape,Industrial Tape,,,,,,,,,,,,,,,,,,,,,,,,,,,Industrial Tape,Model,35112,,,,,,,,,,,,,,,,,,,,,,,,,,,,,,,,,,,,,,,,,,,,,,,,,,,,,,,,,,,,,,,,,,,,,,,,,,,,,,,,,,,,,,,,,,,,,,,,,,,,,,,,,,,,,,,,,,,,,,,,,,,,,,,,,,,,,,,,,,,,,,,,,,,,,,,,,,,,,,,,,,,,,,,,U_S_Tape_Company_35112.jpg,,,,,,,,,U_S_Tape_Company_35112_Specification_Sheet.pdf,,,,,,,,,,,,,,,,,,No
,,,,,,81855681,Adhesives & Tapes,Tapes & Adhesives,Industrial Tapes,1855681,35115,35115 Mason Line Twist Green - 270',-- Unbranded --,-- No Unilog Brand --,-- No DIB Brand --,U S Tape Company (6694),U S Tape Company,U S Tape Company,,35115,,Adhesives & Tapes>Tapes & Adhesives>Industrial Tapes,"U S Tape Company, Industrial Tape, 35115",INDUSTRIAL TAPE,U S Tape Company 35115 Industrial Tape,U S Tape Company Industrial Tape,Industrial Tape,,,,,,,,,,,,,,,,,,,,,,,,,,,Industrial Tape,Model,35115,,,,,,,,,,,,,,,,,,,,,,,,,,,,,,,,,,,,,,,,,,,,,,,,,,,,,,,,,,,,,,,,,,,,,,,,,,,,,,,,,,,,,,,,,,,,,,,,,,,,,,,,,,,,,,,,,,,,,,,,,,,,,,,,,,,,,,,,,,,,,,,,,,,,,,,,,,,,,,,,,,,,,,,,U_S_Tape_Company_35115.jpg,,,,,,,,,U_S_Tape_Company_35115_Specification_Sheet.pdf,,,,,,,,,,,,,,,,,,No
,,,,,,45202113,Adhesives & Tapes,Tapes & Adhesives,Industrial Tapes,1202113,25168,25168 Mason Line Brd Green - 250',CENTURY COMPONENTS,-- No Unilog Brand --,-- No DIB Brand --,U S Tape Company (6694),U S Tape Company,CENTURY COMPONENTS,,25168,,Adhesives & Tapes>Tapes & Adhesives>Industrial Tapes,"U S Tape Company, Industrial Tape, 25168",INDUSTRIAL TAPE,CENTURY COMPONENTS 25168 Industrial Tape,CENTURY COMPONENTS Industrial Tape,Industrial Tape,,,,,,,,,,,,,,,,,,,,,,,,,,,Industrial Tape,Model,25168,,,,,,,,,,,,,,,,,,,,,,,,,,,,,,,,,,,,,,,,,,,,,,,,,,,,,,,,,,,,,,,,,,,,,,,,,,,,,,,,,,,,,,,,,,,,,,,,,,,,,,,,,,,,,,,,,,,,,,,,,,,,,,,,,,,,,,,,,,,,,,,,,,,,,,,,,,,,,,,,,,,,,,,,CENTURY_COMPONENTS_25168.jpg,,,,,,,,,CENTURY_COMPONENTS_25168_Specification_Sheet.pdf,,,,,,,,,,,,,,,,,,No
,,,,,,67531057,Adhesives & Tapes,Tapes & Adhesives,Industrial Tapes,5531057,35468,35468 Mason Line Brd Green - 500' Replacement,-- Unbranded --,-- No Unilog Brand --,-- No DIB Brand --,U S Tape Company (6694),U S Tape Company,U S Tape Company,,35468,,Adhesives & Tapes>Tapes & Adhesives>Industrial Tapes,"U S Tape Company, Industrial Tape, 35468",INDUSTRIAL TAPE,U S Tape Company 35468 Industrial Tape,U S Tape Company Industrial Tape,Industrial Tape,,,,,,,,,,,,,,,,,,,,,,,,,,,Industrial Tape,Model,35468,,,,,,,,,,,,,,,,,,,,,,,,,,,,,,,,,,,,,,,,,,,,,,,,,,,,,,,,,,,,,,,,,,,,,,,,,,,,,,,,,,,,,,,,,,,,,,,,,,,,,,,,,,,,,,,,,,,,,,,,,,,,,,,,,,,,,,,,,,,,,,,,,,,,,,,,,,,,,,,,,,,,,,,,U_S_Tape_Company_35468.jpg,,,,,,,,,U_S_Tape_Company_35468_Specification_Sheet.pdf,,,,,,,,,,,,,,,,,,No
,,,,,,42348005,Adhesives & Tapes,Tapes & Adhesives,Industrial Tapes,7348005,35494,35494 Mason Line Brd Blk/Yellw - 500' Replacement,-- Unbranded --,-- No Unilog Brand --,-- No DIB Brand --,U S Tape Company (6694),U S Tape Company,U S Tape Company,,35494,,Adhesives & Tapes>Tapes & Adhesives>Industrial Tapes,"U S Tape Company, Industrial Tape, 35494",INDUSTRIAL TAPE,U S Tape Company 35494 Industrial Tape,U S Tape Company Industrial Tape,Industrial Tape,,,,,,,,,,,,,,,,,,,,,,,,,,,Industrial Tape,Model,35494,,,,,,,,,,,,,,,,,,,,,,,,,,,,,,,,,,,,,,,,,,,,,,,,,,,,,,,,,,,,,,,,,,,,,,,,,,,,,,,,,,,,,,,,,,,,,,,,,,,,,,,,,,,,,,,,,,,,,,,,,,,,,,,,,,,,,,,,,,,,,,,,,,,,,,,,,,,,,,,,,,,,,,,,U_S_Tape_Company_35494.jpg,,,,,,,,,U_S_Tape_Company_35494_Specification_Sheet.pdf,,,,,,,,,,,,,,,,,,No
,,,,,,34484376,Tools & Industrial Hardware,Industrial Maintenance,General Supplies,8484376,MLSQ0120,"MLSQ0120 Milw 12"" RafterSquare",-- Unbranded --,-- No Unilog Brand --,-- No DIB Brand --,Milwaukee Accessory (4031),Milwaukee Accessory,Milwaukee Accessory,,MLSQ0120,,Tools & Industrial Hardware>Industrial Maintenance>General Supplies,"Milwaukee Accessory, General Supplie, MLSQ0120",GENERAL SUPPLIE,Milwaukee Accessory MLSQ0120 General Supplie,Milwaukee Accessory General Supplie,General Supplie,,,,,,,,,,,,,,,,,,,,,,,,,,,General Supplie,Model,MLSQ0120,,,,,,,,,,,,,,,,,,,,,,,,,,,,,,,,,,,,,,,,,,,,,,,,,,,,,,,,,,,,,,,,,,,,,,,,,,,,,,,,,,,,,,,,,,,,,,,,,,,,,,,,,,,,,,,,,,,,,,,,,,,,,,,,,,,,,,,,,,,,,,,,,,,,,,,,,,,,,,,,,,,,,,,,Milwaukee_Accessory_MLSQ0120.jpg,,,,,,,,,Milwaukee_Accessory_MLSQ0120_Specification_Sheet.pdf,,,,,,,,,,,,,,,,,,No
,,,,,,29846098,Tools & Industrial Hardware,Industrial Maintenance,General Supplies,3846098,MLSQ1120,MLSQ1120 Milw 300mm Rafter - Square (Metric),-- Unbranded --,-- No Unilog Brand --,-- No DIB Brand --,Milwaukee Accessory (4031),Milwaukee Accessory,Milwaukee Accessory,,MLSQ1120,,Tools & Industrial Hardware>Industrial Maintenance>General Supplies,"Milwaukee Accessory, General Supplie, MLSQ1120",GENERAL SUPPLIE,Milwaukee Accessory MLSQ1120 General Supplie,Milwaukee Accessory General Supplie,General Supplie,,,,,,,,,,,,,,,,,,,,,,,,,,,General Supplie,Model,MLSQ1120,,,,,,,,,,,,,,,,,,,,,,,,,,,,,,,,,,,,,,,,,,,,,,,,,,,,,,,,,,,,,,,,,,,,,,,,,,,,,,,,,,,,,,,,,,,,,,,,,,,,,,,,,,,,,,,,,,,,,,,,,,,,,,,,,,,,,,,,,,,,,,,,,,,,,,,,,,,,,,,,,,,,,,,,Milwaukee_Accessory_MLSQ1120.jpg,,,,,,,,,Milwaukee_Accessory_MLSQ1120_Specification_Sheet.pdf,,,,,,,,,,,,,,,,,,No
,,,,,,70783045,Tools & Hardware,Power Tools,Cutting & Drilling Tools,8783045,55227,"55227 Amana Countersink/Stop 1/8"" Drill TB",-- Unbranded --,-- No Unilog Brand --,-- No DIB Brand --,Amana Tool Corp (AMATO),Amana Tool Corp,Amana Tool Corp,,55227,,Tools & Hardware>Power Tools>Cutting & Drilling Tools,"Amana Tool Corp, Cutting & Drilling Tool, 55227",CUTTING & DRILLING TOOL,Amana Tool Corp 55227 Cutting & Drilling Tool,Amana Tool Corp Cutting & Drilling Tool,Cutting & Drilling Tool,,,,,,,,,,,,,,,,,,,,,,,,,,,Cutting & Drilling Tool,Model,55227,,,,,,,,,,,,,,,,,,,,,,,,,,,,,,,,,,,,,,,,,,,,,,,,,,,,,,,,,,,,,,,,,,,,,,,,,,,,,,,,,,,,,,,,,,,,,,,,,,,,,,,,,,,,,,,,,,,,,,,,,,,,,,,,,,,,,,,,,,,,,,,,,,,,,,,,,,,,,,,,,,,,,,,,Amana_Tool_Corp_55227.jpg,,,,,,,,,Amana_Tool_Corp_55227_Specification_Sheet.pdf,,,,,,,,,,,,,,,,,,No
,,,,,,14522243,Tools & Industrial Hardware,Industrial Maintenance,General Supplies,6522243,37300952,"095842 Fisch Plug Cutter 3/8""",-- Unbranded --,-- No Unilog Brand --,-- No DIB Brand --,-,,,,37300952,,Tools & Industrial Hardware>Industrial Maintenance>General Supplies,", General Supplie, 37300952",GENERAL SUPPLIE,37300952 General Supplie,General Supplie,General Supplie,,,,,,,,,,,,,,,,,,,,,,,,,,,General Supplie,Model,37300952,,,,,,,,,,,,,,,,,,,,,,,,,,,,,,,,,,,,,,,,,,,,,,,,,,,,,,,,,,,,,,,,,,,,,,,,,,,,,,,,,,,,,,,,,,,,,,,,,,,,,,,,,,,,,,,,,,,,,,,,,,,,,,,,,,,,,,,,,,,,,,,,,,,,,,,,,,,,,,,,,,,,,,,,PRODUCT_37300952.jpg,,,,,,,,,PRODUCT_37300952_Specification_Sheet.pdf,,,,,,,,,,,,,,,,,,No
,,,,,,45789756,Tools & Hardware,Power Tools,Cutting & Drilling Tools,1789756,6008,6008 Whiteside Router Bit,-- Unbranded --,-- No Unilog Brand --,-- No DIB Brand --,Whiteside Machine & Repair Co (WHIMA),Whiteside Machine & Repair Co,Whiteside Machine & Repair Co,,6008,,Tools & Hardware>Power Tools>Cutting & Drilling Tools,"Whiteside Machine & Repair Co, Cutting & Drilling Tool, 6008",CUTTING & DRILLING TOOL,Whiteside Machine & Repair Co 6008 Cutting & Drilling Tool,Whiteside Machine & Repair Co Cutting & Drilling Tool,Cutting & Drilling Tool,,,,,,,,,,,,,,,,,,,,,,,,,,,Cutting & Drilling Tool,Model,6008,,,,,,,,,,,,,,,,,,,,,,,,,,,,,,,,,,,,,,,,,,,,,,,,,,,,,,,,,,,,,,,,,,,,,,,,,,,,,,,,,,,,,,,,,,,,,,,,,,,,,,,,,,,,,,,,,,,,,,,,,,,,,,,,,,,,,,,,,,,,,,,,,,,,,,,,,,,,,,,,,,,,,,,,Whiteside_Machine_AND_Repair_Co_6008.jpg,,,,,,,,,Whiteside_Machine_AND_Repair_Co_6008_Specification_Sheet.pdf,,,,,,,,,,,,,,,,,,No
,,,,,,30254897,Tools & Hardware,Power Tools,Cutting & Drilling Tools,4254897,6009,6009 Whiteside Router Bit,-- Unbranded --,-- No Unilog Brand --,-- No DIB Brand --,Whiteside Machine & Repair Co (WHIMA),Whiteside Machine & Repair Co,Whiteside Machine & Repair Co,,6009,,Tools & Hardware>Power Tools>Cutting & Drilling Tools,"Whiteside Machine & Repair Co, Cutting & Drilling Tool, 6009",CUTTING & DRILLING TOOL,Whiteside Machine & Repair Co 6009 Cutting & Drilling Tool,Whiteside Machine & Repair Co Cutting & Drilling Tool,Cutting & Drilling Tool,,,,,,,,,,,,,,,,,,,,,,,,,,,Cutting & Drilling Tool,Model,6009,,,,,,,,,,,,,,,,,,,,,,,,,,,,,,,,,,,,,,,,,,,,,,,,,,,,,,,,,,,,,,,,,,,,,,,,,,,,,,,,,,,,,,,,,,,,,,,,,,,,,,,,,,,,,,,,,,,,,,,,,,,,,,,,,,,,,,,,,,,,,,,,,,,,,,,,,,,,,,,,,,,,,,,,Whiteside_Machine_AND_Repair_Co_6009.jpg,,,,,,,,,Whiteside_Machine_AND_Repair_Co_6009_Specification_Sheet.pdf,,,,,,,,,,,,,,,,,,No
,,,,,,39427177,Tools & Hardware,Power Tools,Cutting & Drilling Tools,4427177,3000A,3000A Whiteside Router Bit,-- Unbranded --,-- No Unilog Brand --,-- No DIB Brand --,Whiteside Machine & Repair Co (WHIMA),Whiteside Machine & Repair Co,Whiteside Machine & Repair Co,,3000A,,Tools & Hardware>Power Tools>Cutting & Drilling Tools,"Whiteside Machine & Repair Co, Cutting & Drilling Tool, 3000A",CUTTING & DRILLING TOOL 3000A,Whiteside Machine & Repair Co 3000A Cutting & Drilling Tool,"Whiteside Machine & Repair Co Cutting & Drilling Tool, 3000 A",Cutting & Drilling Tool,,,,,,,,,,,,,,,,,,,,,,,,,,,Cutting & Drilling Tool,Model,3000A,,Amperage Rating,3000,A,,,,,,,,,,,,,,,,,,,,,,,,,,,,,,,,,,,,,,,,,,,,,,,,,,,,,,,,,,,,,,,,,,,,,,,,,,,,,,,,,,,,,,,,,,,,,,,,,,,,,,,,,,,,,,,,,,,,,,,,,,,,,,,,,,,,,,,,,,,,,,,,,,,,,,,,,,,,,,,,,,,,Whiteside_Machine_AND_Repair_Co_3000A.jpg,,,,,,,,,Whiteside_Machine_AND_Repair_Co_3000A_Specification_Sheet.pdf,,,,,,,,,,,,,,,,,,No
,,,,,,67742835,Tools & Hardware,Power Tools,Cutting & Drilling Tools,5742835,MID6630201US,MID6630201US Deos663XCV Sander,-- Unbranded --,-- No Unilog Brand --,-- No DIB Brand --,Mirka Abrasives Inc (MIRUS),Mirka Abrasives Inc,Mirka Abrasives Inc,,MID6630201US,,Tools & Hardware>Power Tools>Cutting & Drilling Tools,"Mirka Abrasives Inc, Cutting & Drilling Tool, MID6630201US",CUTTING & DRILLING TOOL,Mirka Abrasives Inc MID6630201US Cutting & Drilling Tool,Mirka Abrasives Inc Cutting & Drilling Tool,Cutting & Drilling Tool,,,,,,,,,,,,,,,,,,,,,,,,,,,Cutting & Drilling Tool,Model,MID6630201US,,,,,,,,,,,,,,,,,,,,,,,,,,,,,,,,,,,,,,,,,,,,,,,,,,,,,,,,,,,,,,,,,,,,,,,,,,,,,,,,,,,,,,,,,,,,,,,,,,,,,,,,,,,,,,,,,,,,,,,,,,,,,,,,,,,,,,,,,,,,,,,,,,,,,,,,,,,,,,,,,,,,,,,,Mirka_Abrasives_Inc_MID6630201US.jpg,,,,,,,,,Mirka_Abrasives_Inc_MID6630201US_Specification_Sheet.pdf,,,,,,,,,,,,,,,,,,No
,,,,,,92431160,Building Materials,Decking & Building Products,Composite Decking & Trim,3431160,DCF6202,DCF6202 Dewalt Collated Attach,-- Unbranded --,-- No Unilog Brand --,DEWALT,Black & Decker/dewlt (2585),Black & Decker/dewlt,DEWALT®,,DCF6202,,Building Materials>Decking & Building Products>Composite Decking,"Black & Decker/dewlt, Composite Decking & Trim, DCF6202",COMPOSITE DECKING & TRIM,DEWALT® DCF6202 Composite Decking & Trim,DEWALT® Composite Decking & Trim,Composite Decking & Trim,,,,,,,,,,,,,,,,,,,,,,,,,,,Composite Decking & Trim,Model,DCF6202,,,,,,,,,,,,,,,,,,,,,,,,,,,,,,,,,,,,,,,,,,,,,,,,,,,,,,,,,,,,,,,,,,,,,,,,,,,,,,,,,,,,,,,,,,,,,,,,,,,,,,,,,,,,,,,,,,,,,,,,,,,,,,,,,,,,,,,,,,,,,,,,,,,,,,,,,,,,,,,,,,,,,,,,DEWALT_DCF6202.jpg,,,,,,,,,DEWALT_DCF6202_Specification_Sheet.pdf,,,,,,,,,,,,,,,,,,No
,,,,,,31957110,Adhesives & Tapes,Tapes & Adhesives,Industrial Tapes,5957110,25468,25468 Mason Line Brd Green - 500',-- Unbranded --,-- No Unilog Brand --,-- No DIB Brand --,U S Tape Company (6694),U S Tape Company,U S Tape Company,,25468,,Adhesives & Tapes>Tapes & Adhesives>Industrial Tapes,"U S Tape Company, Industrial Tape, 25468",INDUSTRIAL TAPE,U S Tape Company 25468 Industrial Tape,U S Tape Company Industrial Tape,Industrial Tape,,,,,,,,,,,,,,,,,,,,,,,,,,,Industrial Tape,Model,25468,,,,,,,,,,,,,,,,,,,,,,,,,,,,,,,,,,,,,,,,,,,,,,,,,,,,,,,,,,,,,,,,,,,,,,,,,,,,,,,,,,,,,,,,,,,,,,,,,,,,,,,,,,,,,,,,,,,,,,,,,,,,,,,,,,,,,,,,,,,,,,,,,,,,,,,,,,,,,,,,,,,,,,,,U_S_Tape_Company_25468.jpg,,,,,,,,,U_S_Tape_Company_25468_Specification_Sheet.pdf,,,,,,,,,,,,,,,,,,No
,,,,,,23682921,Adhesives & Tapes,Tapes & Adhesives,Industrial Tapes,6682921,25762,25762 Mason Line Brd Pink - 1000',-- Unbranded --,-- No Unilog Brand --,-- No DIB Brand --,U S Tape Company (6694),U S Tape Company,U S Tape Company,,25762,,Adhesives & Tapes>Tapes & Adhesives>Industrial Tapes,"U S Tape Company, Industrial Tape, 25762",INDUSTRIAL TAPE,U S Tape Company 25762 Industrial Tape,U S Tape Company Industrial Tape,Industrial Tape,,,,,,,,,,,,,,,,,,,,,,,,,,,Industrial Tape,Model,25762,,,,,,,,,,,,,,,,,,,,,,,,,,,,,,,,,,,,,,,,,,,,,,,,,,,,,,,,,,,,,,,,,,,,,,,,,,,,,,,,,,,,,,,,,,,,,,,,,,,,,,,,,,,,,,,,,,,,,,,,,,,,,,,,,,,,,,,,,,,,,,,,,,,,,,,,,,,,,,,,,,,,,,,,U_S_Tape_Company_25762.jpg,,,,,,,,,U_S_Tape_Company_25762_Specification_Sheet.pdf,,,,,,,,,,,,,,,,,,No
,,,,,,34095395,Tools & Industrial Hardware,Industrial Maintenance,General Supplies,8095395,21839NN,"21839NN File Bstd Mill 10""",-- Unbranded --,-- No Unilog Brand --,Nicholson,-,,Nicholson,,21839NN,,Tools & Industrial Hardware>Industrial Maintenance>General Supplies,"Nicholson, General Supplie, 21839NN",GENERAL SUPPLIE,Nicholson 21839NN General Supplie,Nicholson General Supplie,General Supplie,,,,,,,,,,,,,,,,,,,,,,,,,,,General Supplie,Model,21839NN,,,,,,,,,,,,,,,,,,,,,,,,,,,,,,,,,,,,,,,,,,,,,,,,,,,,,,,,,,,,,,,,,,,,,,,,,,,,,,,,,,,,,,,,,,,,,,,,,,,,,,,,,,,,,,,,,,,,,,,,,,,,,,,,,,,,,,,,,,,,,,,,,,,,,,,,,,,,,,,,,,,,,,,,Nicholson_21839NN.jpg,,,,,,,,,Nicholson_21839NN_Specification_Sheet.pdf,,,,,,,,,,,,,,,,,,No
,,,,,,19208657,Tools & Hardware,Power Tools,Cutting & Drilling Tools,2208657,VN56920,"VN56920 10 1/2"" Saw Blade",-- Unbranded --,-- No Unilog Brand --,-- No DIB Brand --,Marshalltown Trowel (5155),Marshalltown Trowel,Marshalltown Trowel,,VN56920,,Tools & Hardware>Power Tools>Cutting & Drilling Tools,"Marshalltown Trowel, Cutting & Drilling Tool, VN56920",CUTTING & DRILLING TOOL,Marshalltown Trowel VN56920 Cutting & Drilling Tool,Marshalltown Trowel Cutting & Drilling Tool,Cutting & Drilling Tool,,,,,,,,,,,,,,,,,,,,,,,,,,,Cutting & Drilling Tool,Model,VN56920,,,,,,,,,,,,,,,,,,,,,,,,,,,,,,,,,,,,,,,,,,,,,,,,,,,,,,,,,,,,,,,,,,,,,,,,,,,,,,,,,,,,,,,,,,,,,,,,,,,,,,,,,,,,,,,,,,,,,,,,,,,,,,,,,,,,,,,,,,,,,,,,,,,,,,,,,,,,,,,,,,,,,,,,Marshalltown_Trowel_VN56920.jpg,,,,,,,,,Marshalltown_Trowel_VN56920_Specification_Sheet.pdf,,,,,,,,,,,,,,,,,,No
,,,,,,53925702,Tools & Industrial Hardware,Industrial Maintenance,General Supplies,9925702,133164,133164 950/9 Hex Plus Spks - Multicolor,-- Unbranded --,-- No Unilog Brand --,-- No DIB Brand --,Wera Tools NA Inc (WERTO),Wera Tools NA Inc,Wera Tools NA Inc,,133164,,Tools & Industrial Hardware>Industrial Maintenance>General Supplies,"Wera Tools NA Inc, General Supplie, 133164",GENERAL SUPPLIE,Wera Tools NA Inc 133164 General Supplie,Wera Tools NA Inc General Supplie,General Supplie,,,,,,,,,,,,,,,,,,,,,,,,,,,General Supplie,Model,133164,,,,,,,,,,,,,,,,,,,,,,,,,,,,,,,,,,,,,,,,,,,,,,,,,,,,,,,,,,,,,,,,,,,,,,,,,,,,,,,,,,,,,,,,,,,,,,,,,,,,,,,,,,,,,,,,,,,,,,,,,,,,,,,,,,,,,,,,,,,,,,,,,,,,,,,,,,,,,,,,,,,,,,,,Wera_Tools_NA_Inc_133164.jpg,,,,,,,,,Wera_Tools_NA_Inc_133164_Specification_Sheet.pdf,,,,,,,,,,,,,,,,,,No
,,,,,,39380019,Building Materials,Decking & Building Products,Composite Decking & Trim,4380019,DWHT10993,DWHT10993 Folding Knife,-- Unbranded --,-- No Unilog Brand --,DEWALT,Black & Decker/dewlt (2585),Black & Decker/dewlt,DEWALT®,,DWHT10993,,Building Materials>Decking & Building Products>Composite Decking,"Black & Decker/dewlt, Composite Decking & Trim, DWHT10993",COMPOSITE DECKING & TRIM,DEWALT® DWHT10993 Composite Decking & Trim,DEWALT® Composite Decking & Trim,Composite Decking & Trim,,,,,,,,,,,,,,,,,,,,,,,,,,,Composite Decking & Trim,Model,DWHT10993,,,,,,,,,,,,,,,,,,,,,,,,,,,,,,,,,,,,,,,,,,,,,,,,,,,,,,,,,,,,,,,,,,,,,,,,,,,,,,,,,,,,,,,,,,,,,,,,,,,,,,,,,,,,,,,,,,,,,,,,,,,,,,,,,,,,,,,,,,,,,,,,,,,,,,,,,,,,,,,,,,,,,,,,DEWALT_DWHT10993.jpg,,,,,,,,,DEWALT_DWHT10993_Specification_Sheet.pdf,,,,,,,,,,,,,,,,,,No
,,,,,,65365264,Building Materials,Decking & Building Products,Composite Decking & Trim,3365264,DWHT10994,DWHT10994 Folding Knife,-- Unbranded --,-- No Unilog Brand --,DEWALT,Black & Decker/dewlt (2585),Black & Decker/dewlt,DEWALT®,,DWHT10994,,Building Materials>Decking & Building Products>Composite Decking,"Black & Decker/dewlt, Composite Decking & Trim, DWHT10994",COMPOSITE DECKING & TRIM,DEWALT® DWHT10994 Composite Decking & Trim,DEWALT® Composite Decking & Trim,Composite Decking & Trim,,,,,,,,,,,,,,,,,,,,,,,,,,,Composite Decking & Trim,Model,DWHT10994,,,,,,,,,,,,,,,,,,,,,,,,,,,,,,,,,,,,,,,,,,,,,,,,,,,,,,,,,,,,,,,,,,,,,,,,,,,,,,,,,,,,,,,,,,,,,,,,,,,,,,,,,,,,,,,,,,,,,,,,,,,,,,,,,,,,,,,,,,,,,,,,,,,,,,,,,,,,,,,,,,,,,,,,DEWALT_DWHT10994.jpg,,,,,,,,,DEWALT_DWHT10994_Specification_Sheet.pdf,,,,,,,,,,,,,,,,,,No
,,,,,,42993817,Tools & Hardware,Power Tools,Cutting & Drilling Tools,7993817,QB22RU,QB22RU Vessel Carrying Bit Holder (Red),-- Unbranded --,-- No Unilog Brand --,-- No DIB Brand --,Vessel Tools USA Inc (VESTO),Vessel Tools USA Inc,Vessel Tools USA Inc,,QB22RU,,Tools & Hardware>Power Tools>Cutting & Drilling Tools,"Vessel Tools USA Inc, Cutting & Drilling Tool, QB22RU",CUTTING & DRILLING TOOL,Vessel Tools USA Inc QB22RU Cutting & Drilling Tool,Vessel Tools USA Inc Cutting & Drilling Tool,Cutting & Drilling Tool,,,,,,,,,,,,,,,,,,,,,,,,,,,Cutting & Drilling Tool,Model,QB22RU,,,,,,,,,,,,,,,,,,,,,,,,,,,,,,,,,,,,,,,,,,,,,,,,,,,,,,,,,,,,,,,,,,,,,,,,,,,,,,,,,,,,,,,,,,,,,,,,,,,,,,,,,,,,,,,,,,,,,,,,,,,,,,,,,,,,,,,,,,,,,,,,,,,,,,,,,,,,,,,,,,,,,,,,Vessel_Tools_USA_Inc_QB22RU.jpg,,,,,,,,,Vessel_Tools_USA_Inc_QB22RU_Specification_Sheet.pdf,,,,,,,,,,,,,,,,,,No
,,,,,,47110005,Tools & Hardware,Power Tools,Cutting & Drilling Tools,3110005,QB22KU,QB22KU Vessel Carrying Bit Holder (Black),-- Unbranded --,-- No Unilog Brand --,-- No DIB Brand --,Vessel Tools USA Inc (VESTO),Vessel Tools USA Inc,Vessel Tools USA Inc,,QB22KU,,Tools & Hardware>Power Tools>Cutting & Drilling Tools,"Vessel Tools USA Inc, Cutting & Drilling Tool, QB22KU",CUTTING & DRILLING TOOL,Vessel Tools USA Inc QB22KU Cutting & Drilling Tool,Vessel Tools USA Inc Cutting & Drilling Tool,Cutting & Drilling Tool,,,,,,,,,,,,,,,,,,,,,,,,,,,Cutting & Drilling Tool,Model,QB22KU,,,,,,,,,,,,,,,,,,,,,,,,,,,,,,,,,,,,,,,,,,,,,,,,,,,,,,,,,,,,,,,,,,,,,,,,,,,,,,,,,,,,,,,,,,,,,,,,,,,,,,,,,,,,,,,,,,,,,,,,,,,,,,,,,,,,,,,,,,,,,,,,,,,,,,,,,,,,,,,,,,,,,,,,Vessel_Tools_USA_Inc_QB22KU.jpg,,,,,,,,,Vessel_Tools_USA_Inc_QB22KU_Specification_Sheet.pdf,,,,,,,,,,,,,,,,,,No
,,,,,,48108946,Tools & Industrial Hardware,Industrial Maintenance,General Supplies,4108946,AVM6EV,AVM6 EV Mini Snip Red,-- Unbranded --,-- No Unilog Brand --,-- No DIB Brand --,Malco Prod (2370),Malco Prod,Malco Prod,,AVM6EV,,Tools & Industrial Hardware>Industrial Maintenance>General Supplies,"Malco Prod, General Supplie, AVM6EV",GENERAL SUPPLIE,Malco Prod AVM6EV General Supplie,Malco Prod General Supplie,General Supplie,,,,,,,,,,,,,,,,,,,,,,,,,,,General Supplie,Model,AVM6EV,,,,,,,,,,,,,,,,,,,,,,,,,,,,,,,,,,,,,,,,,,,,,,,,,,,,,,,,,,,,,,,,,,,,,,,,,,,,,,,,,,,,,,,,,,,,,,,,,,,,,,,,,,,,,,,,,,,,,,,,,,,,,,,,,,,,,,,,,,,,,,,,,,,,,,,,,,,,,,,,,,,,,,,,Malco_Prod_AVM6EV.jpg,,,,,,,,,Malco_Prod_AVM6EV_Specification_Sheet.pdf,,,,,,,,,,,,,,,,,,No
,,,,,,48108946,Tools & Industrial Hardware,Industrial Maintenance,General Supplies,4108946,AVM6EV,AVM7 EV Mini Snip Green,-- Unbranded --,-- No Unilog Brand --,-- No DIB Brand --,Malco Prod (2370),Malco Prod,Malco Prod,,AVM6EV,,Tools & Industrial Hardware>Industrial Maintenance>General Supplies,"Malco Prod, General Supplie, AVM6EV",GENERAL SUPPLIE,Malco Prod AVM6EV General Supplie,Malco Prod General Supplie,General Supplie,,,,,,,,,,,,,,,,,,,,,,,,,,,General Supplie,Model,AVM6EV,,,,,,,,,,,,,,,,,,,,,,,,,,,,,,,,,,,,,,,,,,,,,,,,,,,,,,,,,,,,,,,,,,,,,,,,,,,,,,,,,,,,,,,,,,,,,,,,,,,,,,,,,,,,,,,,,,,,,,,,,,,,,,,,,,,,,,,,,,,,,,,,,,,,,,,,,,,,,,,,,,,,,,,,Malco_Prod_AVM6EV.jpg,,,,,,,,,Malco_Prod_AVM6EV_Specification_Sheet.pdf,,,,,,,,,,,,,,,,,,No
,,,,,,27273450,Tools & Industrial Hardware,Industrial Maintenance,General Supplies,1273450,DSA0250B,"DSA0250B 1/4"" Square x1/4"" Hex - Socket Adapter",-- Unbranded --,-- No Unilog Brand --,Diablo,Freud Inc (2435),Freud Inc,DIABLO®,,DSA0250B,,Tools & Industrial Hardware>Industrial Maintenance>General Supplies,"Freud Inc, General Supplie, DSA0250B",GENERAL SUPPLIE,DIABLO® DSA0250B General Supplie,DIABLO® General Supplie,General Supplie,,,,,,,,,,,,,,,,,,,,,,,,,,,General Supplie,Model,DSA0250B,,,,,,,,,,,,,,,,,,,,,,,,,,,,,,,,,,,,,,,,,,,,,,,,,,,,,,,,,,,,,,,,,,,,,,,,,,,,,,,,,,,,,,,,,,,,,,,,,,,,,,,,,,,,,,,,,,,,,,,,,,,,,,,,,,,,,,,,,,,,,,,,,,,,,,,,,,,,,,,,,,,,,,,,DIABLO_DSA0250B.jpg,,,,,,,,,DIABLO_DSA0250B_Specification_Sheet.pdf,,,,,,,,,,,,,,,,,,No
,,,,,,27238263,Tools & Industrial Hardware,Industrial Maintenance,General Supplies,1238263,DSA0375B,"DSA0375B 3/8"" Square x1/4"" Hex - Socket Adapter",-- Unbranded --,-- No Unilog Brand --,Diablo,Freud Inc (2435),Freud Inc,DIABLO®,,DSA0375B,,Tools & Industrial Hardware>Industrial Maintenance>General Supplies,"Freud Inc, General Supplie, DSA0375B",GENERAL SUPPLIE,DIABLO® DSA0375B General Supplie,DIABLO® General Supplie,General Supplie,,,,,,,,,,,,,,,,,,,,,,,,,,,General Supplie,Model,DSA0375B,,,,,,,,,,,,,,,,,,,,,,,,,,,,,,,,,,,,,,,,,,,,,,,,,,,,,,,,,,,,,,,,,,,,,,,,,,,,,,,,,,,,,,,,,,,,,,,,,,,,,,,,,,,,,,,,,,,,,,,,,,,,,,,,,,,,,,,,,,,,,,,,,,,,,,,,,,,,,,,,,,,,,,,,DIABLO_DSA0375B.jpg,,,,,,,,,DIABLO_DSA0375B_Specification_Sheet.pdf,,,,,,,,,,,,,,,,,,No
,,,,,,43173795,Tools & Industrial Hardware,Industrial Maintenance,General Supplies,8173795,DSA0500B,"DSA0500B 1/2"" Square x1/4"" Hex - Socket Adapter",-- Unbranded --,-- No Unilog Brand --,Diablo,Freud Inc (2435),Freud Inc,DIABLO®,,DSA0500B,,Tools & Industrial Hardware>Industrial Maintenance>General Supplies,"Freud Inc, General Supplie, DSA0500B",GENERAL SUPPLIE,DIABLO® DSA0500B General Supplie,DIABLO® General Supplie,General Supplie,,,,,,,,,,,,,,,,,,,,,,,,,,,General Supplie,Model,DSA0500B,,,,,,,,,,,,,,,,,,,,,,,,,,,,,,,,,,,,,,,,,,,,,,,,,,,,,,,,,,,,,,,,,,,,,,,,,,,,,,,,,,,,,,,,,,,,,,,,,,,,,,,,,,,,,,,,,,,,,,,,,,,,,,,,,,,,,,,,,,,,,,,,,,,,,,,,,,,,,,,,,,,,,,,,DIABLO_DSA0500B.jpg,,,,,,,,,DIABLO_DSA0500B_Specification_Sheet.pdf,,,,,,,,,,,,,,,,,,No
,,,,,,97452385,Tools & Industrial Hardware,Industrial Maintenance,General Supplies,8452385,42-04-9107,"42-04-9107 Milw 3/8"" Drive Universal Joint",-- Unbranded --,-- No Unilog Brand --,-- No DIB Brand --,Milwaukee Accessory (4031),Milwaukee Accessory,Milwaukee Accessory,,42-04-9107,,Tools & Industrial Hardware>Industrial Maintenance>General Supplies,"Milwaukee Accessory, General Supplie, 42-04-9107",GENERAL SUPPLIE,Milwaukee Accessory 42-04-9107 General Supplie,Milwaukee Accessory General Supplie,General Supplie,,,,,,,,,,,,,,,,,,,,,,,,,,,General Supplie,Model,42-04-9107,,,,,,,,,,,,,,,,,,,,,,,,,,,,,,,,,,,,,,,,,,,,,,,,,,,,,,,,,,,,,,,,,,,,,,,,,,,,,,,,,,,,,,,,,,,,,,,,,,,,,,,,,,,,,,,,,,,,,,,,,,,,,,,,,,,,,,,,,,,,,,,,,,,,,,,,,,,,,,,,,,,,,,,,Milwaukee_Accessory_42-04-9107.jpg,,,,,,,,,Milwaukee_Accessory_42-04-9107_Specification_Sheet.pdf,,,,,,,,,,,,,,,,,,No
,,,,,,78049249,Tools & Industrial Hardware,Industrial Maintenance,General Supplies,7049249,48-22-9491,48-22-9491 Milw 242pc Ratchet & Socket Set 4-Drawer Tool Box,-- Unbranded --,-- No Unilog Brand --,-- No DIB Brand --,Milwaukee Accessory (4031),Milwaukee Accessory,Milwaukee Accessory,,48-22-9491,,Tools & Industrial Hardware>Industrial Maintenance>General Supplies,"Milwaukee Accessory, General Supplie, 48-22-9491",GENERAL SUPPLIE,Milwaukee Accessory 48-22-9491 General Supplie,Milwaukee Accessory General Supplie,General Supplie,,,,,,,,,,,,,,,,,,,,,,,,,,,General Supplie,Model,48-22-9491,,,,,,,,,,,,,,,,,,,,,,,,,,,,,,,,,,,,,,,,,,,,,,,,,,,,,,,,,,,,,,,,,,,,,,,,,,,,,,,,,,,,,,,,,,,,,,,,,,,,,,,,,,,,,,,,,,,,,,,,,,,,,,,,,,,,,,,,,,,,,,,,,,,,,,,,,,,,,,,,,,,,,,,,Milwaukee_Accessory_48-22-9491.jpg,,,,,,,,,Milwaukee_Accessory_48-22-9491_Specification_Sheet.pdf,,,,,,,,,,,,,,,,,,No
,,,,,,74529718,Building Materials,Decking & Building Products,Composite Decking & Trim,3529718,DWMT45422,"DWMT45422 Dewalt 1/4"" Drive - 50pc Mechanics Set",-- Unbranded --,-- No Unilog Brand --,-- No DIB Brand --,Black & Decker/dewlt (2585),Black & Decker/dewlt,Black & Decker/dewlt,,DWMT45422,,Building Materials>Decking & Building Products>Composite Decking,"Black & Decker/dewlt, Composite Decking & Trim, DWMT45422",COMPOSITE DECKING & TRIM,Black & Decker/dewlt DWMT45422 Composite Decking & Trim,Black & Decker/dewlt Composite Decking & Trim,Composite Decking & Trim,,,,,,,,,,,,,,,,,,,,,,,,,,,Composite Decking & Trim,Model,DWMT45422,,,,,,,,,,,,,,,,,,,,,,,,,,,,,,,,,,,,,,,,,,,,,,,,,,,,,,,,,,,,,,,,,,,,,,,,,,,,,,,,,,,,,,,,,,,,,,,,,,,,,,,,,,,,,,,,,,,,,,,,,,,,,,,,,,,,,,,,,,,,,,,,,,,,,,,,,,,,,,,,,,,,,,,,Black_AND_Decker/dewlt_DWMT45422.jpg,,,,,,,,,Black_AND_Decker/dewlt_DWMT45422_Specification_Sheet.pdf,,,,,,,,,,,,,,,,,,No
,,,,,,46239063,Building Materials,Decking & Building Products,Composite Decking & Trim,2239063,DWMT45424,"DWMT45424 Dewalt 3/8"" Drive - 84pc Mechanics Set",-- Unbranded --,-- No Unilog Brand --,-- No DIB Brand --,Black & Decker/dewlt (2585),Black & Decker/dewlt,Black & Decker/dewlt,,DWMT45424,,Building Materials>Decking & Building Products>Composite Decking,"Black & Decker/dewlt, Composite Decking & Trim, DWMT45424",COMPOSITE DECKING & TRIM,Black & Decker/dewlt DWMT45424 Composite Decking & Trim,Black & Decker/dewlt Composite Decking & Trim,Composite Decking & Trim,,,,,,,,,,,,,,,,,,,,,,,,,,,Composite Decking & Trim,Model,DWMT45424,,,,,,,,,,,,,,,,,,,,,,,,,,,,,,,,,,,,,,,,,,,,,,,,,,,,,,,,,,,,,,,,,,,,,,,,,,,,,,,,,,,,,,,,,,,,,,,,,,,,,,,,,,,,,,,,,,,,,,,,,,,,,,,,,,,,,,,,,,,,,,,,,,,,,,,,,,,,,,,,,,,,,,,,Black_AND_Decker/dewlt_DWMT45424.jpg,,,,,,,,,Black_AND_Decker/dewlt_DWMT45424_Specification_Sheet.pdf,,,,,,,,,,,,,,,,,,No
,,,,,,90119129,Tools & Industrial Hardware,Industrial Maintenance,General Supplies,1119129,48-22-9483,48-22-9483 Milw Packout 15pc - Metric Wrench Set,-- Unbranded --,-- No Unilog Brand --,-- No DIB Brand --,Milwaukee Accessory (4031),Milwaukee Accessory,Milwaukee Accessory,,48-22-9483,"48-22-9484, 48-22-9485",Tools & Industrial Hardware>Industrial Maintenance>General Supplies,"Milwaukee Accessory, General Supplie, 48-22-9483",GENERAL SUPPLIE,Milwaukee Accessory 48-22-9483 General Supplie,Milwaukee Accessory General Supplie,General Supplie,,,,,,,,,,,,,,,,,,,,,,,,,,,General Supplie,Model,48-22-9483,,,,,,,,,,,,,,,,,,,,,,,,,,,,,,,,,,,,,,,,,,,,,,,,,,,,,,,,,,,,,,,,,,,,,,,,,,,,,,,,,,,,,,,,,,,,,,,,,,,,,,,,,,,,,,,,,,,,,,,,,,,,,,,,,,,,,,,,,,,,,,,,,,,,,,,,,,,,,,,,,,,,,,,,Milwaukee_Accessory_48-22-9483.jpg,,,,,,,,,Milwaukee_Accessory_48-22-9483_Specification_Sheet.pdf,,,,,,,,,,,,,,,,,,No
,,,,,,52889379,Tools & Industrial Hardware,Industrial Maintenance,General Supplies,8889379,48-22-9484,48-22-9484 Milw Packout 15pc - SAE Wrench Set,-- Unbranded --,-- No Unilog Brand --,-- No DIB Brand --,Milwaukee Accessory (4031),Milwaukee Accessory,Milwaukee Accessory,,48-22-9484,"48-22-9483, 48-22-9485",Tools & Industrial Hardware>Industrial Maintenance>General Supplies,"Milwaukee Accessory, General Supplie, 48-22-9484",GENERAL SUPPLIE,Milwaukee Accessory 48-22-9484 General Supplie,Milwaukee Accessory General Supplie,General Supplie,,,,,,,,,,,,,,,,,,,,,,,,,,,General Supplie,Model,48-22-9484,,,,,,,,,,,,,,,,,,,,,,,,,,,,,,,,,,,,,,,,,,,,,,,,,,,,,,,,,,,,,,,,,,,,,,,,,,,,,,,,,,,,,,,,,,,,,,,,,,,,,,,,,,,,,,,,,,,,,,,,,,,,,,,,,,,,,,,,,,,,,,,,,,,,,,,,,,,,,,,,,,,,,,,,Milwaukee_Accessory_48-22-9484.jpg,,,,,,,,,Milwaukee_Accessory_48-22-9484_Specification_Sheet.pdf,,,,,,,,,,,,,,,,,,No
,,,,,,30375872,Tools & Industrial Hardware,Industrial Maintenance,General Supplies,4375872,48-22-9485,48-22-9485 Milw Packout 30pc - Metric & SAE Wrench Set,-- Unbranded --,-- No Unilog Brand --,-- No DIB Brand --,Milwaukee Accessory (4031),Milwaukee Accessory,Milwaukee Accessory,,48-22-9485,"48-22-9483, 48-22-9484",Tools & Industrial Hardware>Industrial Maintenance>General Supplies,"Milwaukee Accessory, General Supplie, 48-22-9485",GENERAL SUPPLIE,Milwaukee Accessory 48-22-9485 General Supplie,Milwaukee Accessory General Supplie,General Supplie,,,,,,,,,,,,,,,,,,,,,,,,,,,General Supplie,Model,48-22-9485,,,,,,,,,,,,,,,,,,,,,,,,,,,,,,,,,,,,,,,,,,,,,,,,,,,,,,,,,,,,,,,,,,,,,,,,,,,,,,,,,,,,,,,,,,,,,,,,,,,,,,,,,,,,,,,,,,,,,,,,,,,,,,,,,,,,,,,,,,,,,,,,,,,,,,,,,,,,,,,,,,,,,,,,Milwaukee_Accessory_48-22-9485.jpg,,,,,,,,,Milwaukee_Accessory_48-22-9485_Specification_Sheet.pdf,,,,,,,,,,,,,,,,,,No
,,,,,,56479468,Tools & Hardware,Power Tools,Cutting & Drilling Tools,3479468,48-44-2770,48-44-2770 Milw Pole Pruning - Shears Replacement Blade,-- Unbranded --,-- No Unilog Brand --,-- No DIB Brand --,Milwaukee Accessory (4031),Milwaukee Accessory,Milwaukee Accessory,,48-44-2770,,Tools & Hardware>Power Tools>Cutting & Drilling Tools,"Milwaukee Accessory, Cutting & Drilling Tool, 48-44-2770",CUTTING & DRILLING TOOL,Milwaukee Accessory 48-44-2770 Cutting & Drilling Tool,Milwaukee Accessory Cutting & Drilling Tool,Cutting & Drilling Tool,,,,,,,,,,,,,,,,,,,,,,,,,,,Cutting & Drilling Tool,Model,48-44-2770,,,,,,,,,,,,,,,,,,,,,,,,,,,,,,,,,,,,,,,,,,,,,,,,,,,,,,,,,,,,,,,,,,,,,,,,,,,,,,,,,,,,,,,,,,,,,,,,,,,,,,,,,,,,,,,,,,,,,,,,,,,,,,,,,,,,,,,,,,,,,,,,,,,,,,,,,,,,,,,,,,,,,,,,Milwaukee_Accessory_48-44-2770.jpg,,,,,,,,,Milwaukee_Accessory_48-44-2770_Specification_Sheet.pdf,,,,,,,,,,,,,,,,,,No
,,,,,,89553029,Tools & Industrial Hardware,Industrial Maintenance,General Supplies,9553029,IWHT48441RC,IWHT48441RC Irwin 100ft - Red Chalk & Reel Set,-- Unbranded --,-- No Unilog Brand --,Irwin,Irwin Industrial Tools (5863),Irwin Industrial Tools,Irwin,,IWHT48441RC,,Tools & Industrial Hardware>Industrial Maintenance>General Supplies,"Irwin Industrial Tools, General Supplie, IWHT48441RC",GENERAL SUPPLIE,Irwin IWHT48441RC General Supplie,Irwin General Supplie,General Supplie,,,,,,,,,,,,,,,,,,,,,,,,,,,General Supplie,Model,IWHT48441RC,,,,,,,,,,,,,,,,,,,,,,,,,,,,,,,,,,,,,,,,,,,,,,,,,,,,,,,,,,,,,,,,,,,,,,,,,,,,,,,,,,,,,,,,,,,,,,,,,,,,,,,,,,,,,,,,,,,,,,,,,,,,,,,,,,,,,,,,,,,,,,,,,,,,,,,,,,,,,,,,,,,,,,,,Irwin_IWHT48441RC.jpg,,,,,,,,,Irwin_IWHT48441RC_Specification_Sheet.pdf,,,,,,,,,,,,,,,,,,No
,,,,,,54644303,Building Materials,Decking & Building Products,Composite Decking & Trim,1644303,XRU23SM1,"XRU23SM1 Makita 18V 13"" - String Trimmer Kit",-- Unbranded --,-- No Unilog Brand --,-- No DIB Brand --,Makita Usa Inc (5142),Makita Usa Inc,Makita Usa Inc,,XRU23SM1,,Building Materials>Decking & Building Products>Composite Decking,"Makita Usa Inc, Composite Decking & Trim, XRU23SM1",COMPOSITE DECKING & TRIM 18V,Makita Usa Inc XRU23SM1 Composite Decking & Trim,"Makita Usa Inc Composite Decking & Trim, 18 V",Composite Decking & Trim,,,,,,,,,,,,,,,,,,,,,,,,,,,Composite Decking & Trim,Model,XRU23SM1,,Voltage Rating,18,V,,,,,,,,,,,,,,,,,,,,,,,,,,,,,,,,,,,,,,,,,,,,,,,,,,,,,,,,,,,,,,,,,,,,,,,,,,,,,,,,,,,,,,,,,,,,,,,,,,,,,,,,,,,,,,,,,,,,,,,,,,,,,,,,,,,,,,,,,,,,,,,,,,,,,,,,,,,,,,,,,,,,Makita_Usa_Inc_XRU23SM1.jpg,,,,,,,,,Makita_Usa_Inc_XRU23SM1_Specification_Sheet.pdf,,,,,,,,,,,,,,,,,,No
,,,,,,64213075,Building Materials,Decking & Building Products,Composite Decking & Trim,2213075,XRU15PT1,XRU15PT1 Makita String Trimmer,-- Unbranded --,-- No Unilog Brand --,-- No DIB Brand --,Makita Usa Inc (5142),Makita Usa Inc,Makita Usa Inc,,XRU15PT1,,Building Materials>Decking & Building Products>Composite Decking,"Makita Usa Inc, Composite Decking & Trim, XRU15PT1",COMPOSITE DECKING & TRIM,Makita Usa Inc XRU15PT1 Composite Decking & Trim,Makita Usa Inc Composite Decking & Trim,Composite Decking & Trim,,,,,,,,,,,,,,,,,,,,,,,,,,,Composite Decking & Trim,Model,XRU15PT1,,,,,,,,,,,,,,,,,,,,,,,,,,,,,,,,,,,,,,,,,,,,,,,,,,,,,,,,,,,,,,,,,,,,,,,,,,,,,,,,,,,,,,,,,,,,,,,,,,,,,,,,,,,,,,,,,,,,,,,,,,,,,,,,,,,,,,,,,,,,,,,,,,,,,,,,,,,,,,,,,,,,,,,,Makita_Usa_Inc_XRU15PT1.jpg,,,,,,,,,Makita_Usa_Inc_XRU15PT1_Specification_Sheet.pdf,,,,,,,,,,,,,,,,,,No
,,,,,,57087718,Building Materials,Decking & Building Products,Composite Decking & Trim,4087718,XRU23Z,XRU23Z Makita 18V Trimmer Tool - Only,-- Unbranded --,-- No Unilog Brand --,-- No DIB Brand --,Makita Usa Inc (5142),Makita Usa Inc,Makita Usa Inc,,XRU23Z,,Building Materials>Decking & Building Products>Composite Decking,"Makita Usa Inc, Composite Decking & Trim, XRU23Z",COMPOSITE DECKING & TRIM 18V,Makita Usa Inc XRU23Z Composite Decking & Trim,"Makita Usa Inc Composite Decking & Trim, 18 V",Composite Decking & Trim,,,,,,,,,,,,,,,,,,,,,,,,,,,Composite Decking & Trim,Model,XRU23Z,,Voltage Rating,18,V,,,,,,,,,,,,,,,,,,,,,,,,,,,,,,,,,,,,,,,,,,,,,,,,,,,,,,,,,,,,,,,,,,,,,,,,,,,,,,,,,,,,,,,,,,,,,,,,,,,,,,,,,,,,,,,,,,,,,,,,,,,,,,,,,,,,,,,,,,,,,,,,,,,,,,,,,,,,,,,,,,,,Makita_Usa_Inc_XRU23Z.jpg,,,,,,,,,Makita_Usa_Inc_XRU23Z_Specification_Sheet.pdf,,,,,,,,,,,,,,,,,,No
,,,,,,74031336,Tools & Industrial Hardware,Industrial Maintenance,General Supplies,3031336,0887-20,0887-20 Milw M18 Brushless Precision Blower,-- Unbranded --,-- No Unilog Brand --,-- No DIB Brand --,Milwaukee Accessory (4031),Milwaukee Accessory,Milwaukee Accessory,,0887-20,,Tools & Industrial Hardware>Industrial Maintenance>General Supplies,"Milwaukee Accessory, General Supplie, 0887-20",GENERAL SUPPLIE,Milwaukee Accessory 0887-20 General Supplie,Milwaukee Accessory General Supplie,General Supplie,,,,,,,,,,,,,,,,,,,,,,,,,,,General Supplie,Model,0887-20,,,,,,,,,,,,,,,,,,,,,,,,,,,,,,,,,,,,,,,,,,,,,,,,,,,,,,,,,,,,,,,,,,,,,,,,,,,,,,,,,,,,,,,,,,,,,,,,,,,,,,,,,,,,,,,,,,,,,,,,,,,,,,,,,,,,,,,,,,,,,,,,,,,,,,,,,,,,,,,,,,,,,,,,Milwaukee_Accessory_0887-20.jpg,,,,,,,,,Milwaukee_Accessory_0887-20_Specification_Sheet.pdf,,,,,,,,,,,,,,,,,,No
,,,,,,81416696,Building Materials,Decking & Building Products,Composite Decking & Trim,1416696,DCBL724B,DCBL724B Dewalt 20V Max XR Blower (Bare),-- Unbranded --,-- No Unilog Brand --,-- No DIB Brand --,Black & Decker/dewlt (2585),Black & Decker/dewlt,Black & Decker/dewlt,,DCBL724B,,Building Materials>Decking & Building Products>Composite Decking,"Black & Decker/dewlt, Composite Decking & Trim, DCBL724B",COMPOSITE DECKING & TRIM 20V,Black & Decker/dewlt DCBL724B Composite Decking & Trim,"Black & Decker/dewlt Composite Decking & Trim, 20 V",Composite Decking & Trim,,,,,,,,,,,,,,,,,,,,,,,,,,,Composite Decking & Trim,Model,DCBL724B,,Voltage Rating,20,V,,,,,,,,,,,,,,,,,,,,,,,,,,,,,,,,,,,,,,,,,,,,,,,,,,,,,,,,,,,,,,,,,,,,,,,,,,,,,,,,,,,,,,,,,,,,,,,,,,,,,,,,,,,,,,,,,,,,,,,,,,,,,,,,,,,,,,,,,,,,,,,,,,,,,,,,,,,,,,,,,,,,Black_AND_Decker/dewlt_DCBL724B.jpg,,,,,,,,,Black_AND_Decker/dewlt_DCBL724B_Specification_Sheet.pdf,,,,,,,,,,,,,,,,,,No
,,,,,,30988386,Tools & Industrial Hardware,Industrial Maintenance,General Supplies,4988386,2954-20,2954-20 Milw M18 Bluetooth Jobsite Speaker,-- Unbranded --,-- No Unilog Brand --,-- No DIB Brand --,Milwaukee Accessory (4031),Milwaukee Accessory,Milwaukee Accessory,,2954-20,,Tools & Industrial Hardware>Industrial Maintenance>General Supplies,"Milwaukee Accessory, General Supplie, 2954-20",GENERAL SUPPLIE,Milwaukee Accessory 2954-20 General Supplie,Milwaukee Accessory General Supplie,General Supplie,,,,,,,,,,,,,,,,,,,,,,,,,,,General Supplie,Model,2954-20,,,,,,,,,,,,,,,,,,,,,,,,,,,,,,,,,,,,,,,,,,,,,,,,,,,,,,,,,,,,,,,,,,,,,,,,,,,,,,,,,,,,,,,,,,,,,,,,,,,,,,,,,,,,,,,,,,,,,,,,,,,,,,,,,,,,,,,,,,,,,,,,,,,,,,,,,,,,,,,,,,,,,,,,Milwaukee_Accessory_2954-20.jpg,,,,,,,,,Milwaukee_Accessory_2954-20_Specification_Sheet.pdf,,,,,,,,,,,,,,,,,,No
,,,,,,48577856,Tools & Industrial Hardware,Industrial Maintenance,General Supplies,4577856,2955-20,2955-20 Milw M12 Bluetooth - Jobsite Speaker w/Packout,-- Unbranded --,-- No Unilog Brand --,-- No DIB Brand --,Milwaukee Accessory (4031),Milwaukee Accessory,Milwaukee Accessory,,2955-20,,Tools & Industrial Hardware>Industrial Maintenance>General Supplies,"Milwaukee Accessory, General Supplie, 2955-20",GENERAL SUPPLIE,Milwaukee Accessory 2955-20 General Supplie,Milwaukee Accessory General Supplie,General Supplie,,,,,,,,,,,,,,,,,,,,,,,,,,,General Supplie,Model,2955-20,,,,,,,,,,,,,,,,,,,,,,,,,,,,,,,,,,,,,,,,,,,,,,,,,,,,,,,,,,,,,,,,,,,,,,,,,,,,,,,,,,,,,,,,,,,,,,,,,,,,,,,,,,,,,,,,,,,,,,,,,,,,,,,,,,,,,,,,,,,,,,,,,,,,,,,,,,,,,,,,,,,,,,,,Milwaukee_Accessory_2955-20.jpg,,,,,,,,,Milwaukee_Accessory_2955-20_Specification_Sheet.pdf,,,,,,,,,,,,,,,,,,No
,,,,,,72933265,Abrasives & Industrial,Abrasive Products,Sanding & Grinding Discs,1933265,9A-219-180,9A-219-180 Abranet 4x6x6,-- Unbranded --,-- No Unilog Brand --,-- No DIB Brand --,Mirka Abrasives Inc (MIRUS),Mirka Abrasives Inc,Mirka Abrasives Inc,,9A-219-180,,Abrasives & Industrial>Abrasive Products>Discs & Sheets,"Mirka Abrasives Inc, Sanding & Grinding Disc, 9A-219-180",SANDING & GRINDING DISC 9A,Mirka Abrasives Inc 9A-219-180 Sanding & Grinding Disc,"Mirka Abrasives Inc Sanding & Grinding Disc, 9 A",Sanding & Grinding Disc,,,,,,,,,,,,,,,,,,,,,,,,,,,Sanding & Grinding Disc,Model,9A-219-180,,Amperage Rating,9,A,,,,,,,,,,,,,,,,,,,,,,,,,,,,,,,,,,,,,,,,,,,,,,,,,,,,,,,,,,,,,,,,,,,,,,,,,,,,,,,,,,,,,,,,,,,,,,,,,,,,,,,,,,,,,,,,,,,,,,,,,,,,,,,,,,,,,,,,,,,,,,,,,,,,,,,,,,,,,,,,,,,,Mirka_Abrasives_Inc_9A-219-180.jpg,,,,,,,,,Mirka_Abrasives_Inc_9A-219-180_Specification_Sheet.pdf,,,,,,,,,,,,,,,,,,No
,,,,,,19563840,Abrasives & Industrial,Abrasive Products,Sanding & Grinding Discs,2563840,9A-219-120RP,9A-219-120RP Abranet 4x6x6,-- Unbranded --,-- No Unilog Brand --,-- No DIB Brand --,Mirka Abrasives Inc (MIRUS),Mirka Abrasives Inc,Mirka Abrasives Inc,,9A-219-120RP,,Abrasives & Industrial>Abrasive Products>Discs & Sheets,"Mirka Abrasives Inc, Sanding & Grinding Disc, 9A-219-120RP",SANDING & GRINDING DISC 9A,Mirka Abrasives Inc 9A-219-120RP Sanding & Grinding Disc,"Mirka Abrasives Inc Sanding & Grinding Disc, 9 A",Sanding & Grinding Disc,,,,,,,,,,,,,,,,,,,,,,,,,,,Sanding & Grinding Disc,Model,9A-219-120RP,,Amperage Rating,9,A,,,,,,,,,,,,,,,,,,,,,,,,,,,,,,,,,,,,,,,,,,,,,,,,,,,,,,,,,,,,,,,,,,,,,,,,,,,,,,,,,,,,,,,,,,,,,,,,,,,,,,,,,,,,,,,,,,,,,,,,,,,,,,,,,,,,,,,,,,,,,,,,,,,,,,,,,,,,,,,,,,,,Mirka_Abrasives_Inc_9A-219-120RP.jpg,,,,,,,,,Mirka_Abrasives_Inc_9A-219-120RP_Specification_Sheet.pdf,,,,,,,,,,,,,,,,,,No
,,,,,,86325884,Building Materials,Decking & Building Products,Composite Decking & Trim,6325884,3033-20,"3033-20 Milw M18 24"" - Hedge Trimmer",-- Unbranded --,-- No Unilog Brand --,Milwaukee,Milwaukee Accessory (4031),Milwaukee Accessory,MILWAUKEE®,,3033-20,,Building Materials>Decking & Building Products>Composite Decking,"Milwaukee Accessory, Composite Decking & Trim, 3033-20",COMPOSITE DECKING & TRIM,MILWAUKEE® 3033-20 Composite Decking & Trim,MILWAUKEE® Composite Decking & Trim,Composite Decking & Trim,,,,,,,,,,,,,,,,,,,,,,,,,,,Composite Decking & Trim,Model,3033-20,,,,,,,,,,,,,,,,,,,,,,,,,,,,,,,,,,,,,,,,,,,,,,,,,,,,,,,,,,,,,,,,,,,,,,,,,,,,,,,,,,,,,,,,,,,,,,,,,,,,,,,,,,,,,,,,,,,,,,,,,,,,,,,,,,,,,,,,,,,,,,,,,,,,,,,,,,,,,,,,,,,,,,,,MILWAUKEE_3033-20.jpg,,,,,,,,,MILWAUKEE_3033-20_Specification_Sheet.pdf,,,,,,,,,,,,,,,,,,No
,,,,,,14430207,Building Materials,Decking & Building Products,Composite Decking & Trim,6430207,3033-21,"3033-21 Milw M18 24"" - Hedge Trimmer Kit",-- Unbranded --,-- No Unilog Brand --,-- No DIB Brand --,Milwaukee Accessory (4031),Milwaukee Accessory,Milwaukee Accessory,,3033-21,,Building Materials>Decking & Building Products>Composite Decking,"Milwaukee Accessory, Composite Decking & Trim, 3033-21",COMPOSITE DECKING & TRIM,Milwaukee Accessory 3033-21 Composite Decking & Trim,Milwaukee Accessory Composite Decking & Trim,Composite Decking & Trim,,,,,,,,,,,,,,,,,,,,,,,,,,,Composite Decking & Trim,Model,3033-21,,,,,,,,,,,,,,,,,,,,,,,,,,,,,,,,,,,,,,,,,,,,,,,,,,,,,,,,,,,,,,,,,,,,,,,,,,,,,,,,,,,,,,,,,,,,,,,,,,,,,,,,,,,,,,,,,,,,,,,,,,,,,,,,,,,,,,,,,,,,,,,,,,,,,,,,,,,,,,,,,,,,,,,,Milwaukee_Accessory_3033-21.jpg,,,,,,,,,Milwaukee_Accessory_3033-21_Specification_Sheet.pdf,,,,,,,,,,,,,,,,,,No
,,,,,,40451323,Building Materials,Decking & Building Products,Composite Decking & Trim,5451323,3034-20,"3034-20 Milw M18 30"" - Hedge Trimmer",-- Unbranded --,-- No Unilog Brand --,Milwaukee,Milwaukee Accessory (4031),Milwaukee Accessory,MILWAUKEE®,,3034-20,,Building Materials>Decking & Building Products>Composite Decking,"Milwaukee Accessory, Composite Decking & Trim, 3034-20",COMPOSITE DECKING & TRIM,MILWAUKEE® 3034-20 Composite Decking & Trim,MILWAUKEE® Composite Decking & Trim,Composite Decking & Trim,,,,,,,,,,,,,,,,,,,,,,,,,,,Composite Decking & Trim,Model,3034-20,,,,,,,,,,,,,,,,,,,,,,,,,,,,,,,,,,,,,,,,,,,,,,,,,,,,,,,,,,,,,,,,,,,,,,,,,,,,,,,,,,,,,,,,,,,,,,,,,,,,,,,,,,,,,,,,,,,,,,,,,,,,,,,,,,,,,,,,,,,,,,,,,,,,,,,,,,,,,,,,,,,,,,,,MILWAUKEE_3034-20.jpg,,,,,,,,,MILWAUKEE_3034-20_Specification_Sheet.pdf,,,,,,,,,,,,,,,,,,No
,,,,,,17088408,Tools & Hardware,Power Tools,Cutting & Drilling Tools,9088408,D25333K,D25333K Dewalt Hammer Drill,-- Unbranded --,-- No Unilog Brand --,-- No DIB Brand --,Black & Decker/dewlt (2585),Black & Decker/dewlt,Black & Decker/dewlt,,D25333K,,Tools & Hardware>Power Tools>Cutting & Drilling Tools,"Black & Decker/dewlt, Cutting & Drilling Tool, D25333K",CUTTING & DRILLING TOOL,Black & Decker/dewlt D25333K Cutting & Drilling Tool,Black & Decker/dewlt Cutting & Drilling Tool,Cutting & Drilling Tool,,,,,,,,,,,,,,,,,,,,,,,,,,,Cutting & Drilling Tool,Model,D25333K,,,,,,,,,,,,,,,,,,,,,,,,,,,,,,,,,,,,,,,,,,,,,,,,,,,,,,,,,,,,,,,,,,,,,,,,,,,,,,,,,,,,,,,,,,,,,,,,,,,,,,,,,,,,,,,,,,,,,,,,,,,,,,,,,,,,,,,,,,,,,,,,,,,,,,,,,,,,,,,,,,,,,,,,Black_AND_Decker/dewlt_D25333K.jpg,,,,,,,,,Black_AND_Decker/dewlt_D25333K_Specification_Sheet.pdf,,,,,,,,,,,,,,,,,,No
,,,,,,73090878,Tools & Hardware,Power Tools,Cutting & Drilling Tools,2090878,DCD803B,DCD803B Dewalt Multi-Head Drill Driver,-- Unbranded --,-- No Unilog Brand --,-- No DIB Brand --,Black & Decker/dewlt (2585),Black & Decker/dewlt,Black & Decker/dewlt,,DCD803B,,Tools & Hardware>Power Tools>Cutting & Drilling Tools,"Black & Decker/dewlt, Cutting & Drilling Tool, DCD803B",CUTTING & DRILLING TOOL,Black & Decker/dewlt DCD803B Cutting & Drilling Tool,Black & Decker/dewlt Cutting & Drilling Tool,Cutting & Drilling Tool,,,,,,,,,,,,,,,,,,,,,,,,,,,Cutting & Drilling Tool,Model,DCD803B,,,,,,,,,,,,,,,,,,,,,,,,,,,,,,,,,,,,,,,,,,,,,,,,,,,,,,,,,,,,,,,,,,,,,,,,,,,,,,,,,,,,,,,,,,,,,,,,,,,,,,,,,,,,,,,,,,,,,,,,,,,,,,,,,,,,,,,,,,,,,,,,,,,,,,,,,,,,,,,,,,,,,,,,Black_AND_Decker/dewlt_DCD803B.jpg,,,,,,,,,Black_AND_Decker/dewlt_DCD803B_Specification_Sheet.pdf,,,,,,,,,,,,,,,,,,No
,,,,,,74575765,Tools & Hardware,Power Tools,Cutting & Drilling Tools,3575765,DCF860B,DCF860B Dewalt 20V Impact - Driver Drill,-- Unbranded --,-- No Unilog Brand --,-- No DIB Brand --,Black & Decker/dewlt (2585),Black & Decker/dewlt,Black & Decker/dewlt,,DCF860B,,Tools & Hardware>Power Tools>Cutting & Drilling Tools,"Black & Decker/dewlt, Cutting & Drilling Tool, DCF860B",CUTTING & DRILLING TOOL 20V,Black & Decker/dewlt DCF860B Cutting & Drilling Tool,"Black & Decker/dewlt Cutting & Drilling Tool, 20 V",Cutting & Drilling Tool,,,,,,,,,,,,,,,,,,,,,,,,,,,Cutting & Drilling Tool,Model,DCF860B,,Voltage Rating,20,V,,,,,,,,,,,,,,,,,,,,,,,,,,,,,,,,,,,,,,,,,,,,,,,,,,,,,,,,,,,,,,,,,,,,,,,,,,,,,,,,,,,,,,,,,,,,,,,,,,,,,,,,,,,,,,,,,,,,,,,,,,,,,,,,,,,,,,,,,,,,,,,,,,,,,,,,,,,,,,,,,,,,Black_AND_Decker/dewlt_DCF860B.jpg,,,,,,,,,Black_AND_Decker/dewlt_DCF860B_Specification_Sheet.pdf,,,,,,,,,,,,,,,,,,No
,,,,,,59565665,Tools & Hardware,Power Tools,Cutting & Drilling Tools,6565665,3401-20,3401-20 Milw M12 Drill Driver - Brushless Compact (Bare),-- Unbranded --,-- No Unilog Brand --,-- No DIB Brand --,Milwaukee Accessory (4031),Milwaukee Accessory,Milwaukee Accessory,,3401-20,,Tools & Hardware>Power Tools>Cutting & Drilling Tools,"Milwaukee Accessory, Cutting & Drilling Tool, 3401-20",CUTTING & DRILLING TOOL,Milwaukee Accessory 3401-20 Cutting & Drilling Tool,Milwaukee Accessory Cutting & Drilling Tool,Cutting & Drilling Tool,,,,,,,,,,,,,,,,,,,,,,,,,,,Cutting & Drilling Tool,Model,3401-20,,,,,,,,,,,,,,,,,,,,,,,,,,,,,,,,,,,,,,,,,,,,,,,,,,,,,,,,,,,,,,,,,,,,,,,,,,,,,,,,,,,,,,,,,,,,,,,,,,,,,,,,,,,,,,,,,,,,,,,,,,,,,,,,,,,,,,,,,,,,,,,,,,,,,,,,,,,,,,,,,,,,,,,,Milwaukee_Accessory_3401-20.jpg,,,,,,,,,Milwaukee_Accessory_3401-20_Specification_Sheet.pdf,,,,,,,,,,,,,,,,,,No
,,,,,,49536106,Tools & Hardware,Power Tools,Cutting & Drilling Tools,5536106,KPTDR050A,KPTDR050A Kreg 20V Ionic Compact Drill,-- Unbranded --,-- No Unilog Brand --,-- No DIB Brand --,Kreg Tool Company (KRETO),Kreg Tool Company,Kreg Tool Company,,KPTDR050A,,Tools & Hardware>Power Tools>Cutting & Drilling Tools,"Kreg Tool Company, Cutting & Drilling Tool, KPTDR050A",CUTTING & DRILLING TOOL 20V 050A,Kreg Tool Company KPTDR050A Cutting & Drilling Tool,"Kreg Tool Company Cutting & Drilling Tool, 20 V, 050 A",Cutting & Drilling Tool,,,,,,,,,,,,,,,,,,,,,,,,,,,Cutting & Drilling Tool,Model,KPTDR050A,,Voltage Rating,20,V,Amperage Rating,050,A,,,,,,,,,,,,,,,,,,,,,,,,,,,,,,,,,,,,,,,,,,,,,,,,,,,,,,,,,,,,,,,,,,,,,,,,,,,,,,,,,,,,,,,,,,,,,,,,,,,,,,,,,,,,,,,,,,,,,,,,,,,,,,,,,,,,,,,,,,,,,,,,,,,,,,,,,,,,,,,,,Kreg_Tool_Company_KPTDR050A.jpg,,,,,,,,,Kreg_Tool_Company_KPTDR050A_Specification_Sheet.pdf,,,,,,,,,,,,,,,,,,No
,,,,,,26619442,Tools & Hardware,Power Tools,Cutting & Drilling Tools,9619442,DCD1007B,"DCD1007B Dewalt 20V Cordless - 1/2"" Hammer Drill (Bare)",-- Unbranded --,-- No Unilog Brand --,DEWALT,Black & Decker/dewlt (2585),Black & Decker/dewlt,DEWALT®,,DCD1007B,,Tools & Hardware>Power Tools>Cutting & Drilling Tools,"Black & Decker/dewlt, Cutting & Drilling Tool, DCD1007B",CUTTING & DRILLING TOOL 20V,DEWALT® DCD1007B Cutting & Drilling Tool,"DEWALT® Cutting & Drilling Tool, 20 V",Cutting & Drilling Tool,,,,,,,,,,,,,,,,,,,,,,,,,,,Cutting & Drilling Tool,Model,DCD1007B,,Voltage Rating,20,V,,,,,,,,,,,,,,,,,,,,,,,,,,,,,,,,,,,,,,,,,,,,,,,,,,,,,,,,,,,,,,,,,,,,,,,,,,,,,,,,,,,,,,,,,,,,,,,,,,,,,,,,,,,,,,,,,,,,,,,,,,,,,,,,,,,,,,,,,,,,,,,,,,,,,,,,,,,,,,,,,,,,DEWALT_DCD1007B.jpg,,,,,,,,,DEWALT_DCD1007B_Specification_Sheet.pdf,,,,,,,,,,,,,,,,,,No
,,,,,,69805459,Tools & Hardware,Power Tools,Cutting & Drilling Tools,7805459,DCD799B,DCD799B Dewalt Drill,-- Unbranded --,-- No Unilog Brand --,-- No DIB Brand --,Black & Decker/dewlt (2585),Black & Decker/dewlt,Black & Decker/dewlt,,DCD799B,,Tools & Hardware>Power Tools>Cutting & Drilling Tools,"Black & Decker/dewlt, Cutting & Drilling Tool, DCD799B",CUTTING & DRILLING TOOL,Black & Decker/dewlt DCD799B Cutting & Drilling Tool,Black & Decker/dewlt Cutting & Drilling Tool,Cutting & Drilling Tool,,,,,,,,,,,,,,,,,,,,,,,,,,,Cutting & Drilling Tool,Model,DCD799B,,,,,,,,,,,,,,,,,,,,,,,,,,,,,,,,,,,,,,,,,,,,,,,,,,,,,,,,,,,,,,,,,,,,,,,,,,,,,,,,,,,,,,,,,,,,,,,,,,,,,,,,,,,,,,,,,,,,,,,,,,,,,,,,,,,,,,,,,,,,,,,,,,,,,,,,,,,,,,,,,,,,,,,,Black_AND_Decker/dewlt_DCD799B.jpg,,,,,,,,,Black_AND_Decker/dewlt_DCD799B_Specification_Sheet.pdf,,,,,,,,,,,,,,,,,,No
,,,,,,72440274,Tools & Hardware,Power Tools,Cutting & Drilling Tools,1440274,58006,58006 Voyager Drill Press,-- Unbranded --,-- No Unilog Brand --,-- No DIB Brand --,King Canada Inc (KINCA),King Canada Inc,King Canada Inc,,58006,,Tools & Hardware>Power Tools>Cutting & Drilling Tools,"King Canada Inc, Cutting & Drilling Tool, 58006",CUTTING & DRILLING TOOL,King Canada Inc 58006 Cutting & Drilling Tool,King Canada Inc Cutting & Drilling Tool,Cutting & Drilling Tool,,,,,,,,,,,,,,,,,,,,,,,,,,,Cutting & Drilling Tool,Model,58006,,,,,,,,,,,,,,,,,,,,,,,,,,,,,,,,,,,,,,,,,,,,,,,,,,,,,,,,,,,,,,,,,,,,,,,,,,,,,,,,,,,,,,,,,,,,,,,,,,,,,,,,,,,,,,,,,,,,,,,,,,,,,,,,,,,,,,,,,,,,,,,,,,,,,,,,,,,,,,,,,,,,,,,,King_Canada_Inc_58006.jpg,,,,,,,,,King_Canada_Inc_58006_Specification_Sheet.pdf,,,,,,,,,,,,,,,,,,No
,,,,,,27219773,Tools & Hardware,Hardware,Fasteners,1219773,2909-20,2909-20 Milw Roofing Nailer - M18,-- Unbranded --,-- No Unilog Brand --,Milwaukee,Milwaukee Accessory (4031),Milwaukee Accessory,MILWAUKEE®,,2909-20,,Tools & Hardware>Hardware>Fasteners,"Milwaukee Accessory, Fastener, 2909-20",FASTENER,MILWAUKEE® 2909-20 Fastener,MILWAUKEE® Fastener,Fastener,,,,,,,,,,,,,,,,,,,,,,,,,,,Fastener,Model,2909-20,,,,,,,,,,,,,,,,,,,,,,,,,,,,,,,,,,,,,,,,,,,,,,,,,,,,,,,,,,,,,,,,,,,,,,,,,,,,,,,,,,,,,,,,,,,,,,,,,,,,,,,,,,,,,,,,,,,,,,,,,,,,,,,,,,,,,,,,,,,,,,,,,,,,,,,,,,,,,,,,,,,,,,,,MILWAUKEE_2909-20.jpg,,,,,,,,,MILWAUKEE_2909-20_Specification_Sheet.pdf,,,,,,,,,,,,,,,,,,No
,,,,,,23412162,Tools & Hardware,Hardware,Fasteners,6412162,2909-21,2909-21 Milw M18 Coil Roofing - Nailer Kit,-- Unbranded --,-- No Unilog Brand --,Milwaukee,Milwaukee Accessory (4031),Milwaukee Accessory,MILWAUKEE®,,2909-21,,Tools & Hardware>Hardware>Fasteners,"Milwaukee Accessory, Fastener, 2909-21",FASTENER,MILWAUKEE® 2909-21 Fastener,MILWAUKEE® Fastener,Fastener,,,,,,,,,,,,,,,,,,,,,,,,,,,Fastener,Model,2909-21,,,,,,,,,,,,,,,,,,,,,,,,,,,,,,,,,,,,,,,,,,,,,,,,,,,,,,,,,,,,,,,,,,,,,,,,,,,,,,,,,,,,,,,,,,,,,,,,,,,,,,,,,,,,,,,,,,,,,,,,,,,,,,,,,,,,,,,,,,,,,,,,,,,,,,,,,,,,,,,,,,,,,,,,MILWAUKEE_2909-21.jpg,,,,,,,,,MILWAUKEE_2909-21_Specification_Sheet.pdf,,,,,,,,,,,,,,,,,,No
,,,,,,85652354,Tools & Hardware,Hardware,Fasteners,5652354,918200,918200 Paslode CT200S24 18Ga ST Brad Nailer,-- Unbranded --,-- No Unilog Brand --,-- No DIB Brand --,National Nail Corp (7439),National Nail Corp,National Nail Corp,,918200,,Tools & Hardware>Hardware>Fasteners,"National Nail Corp, Fastener, 918200",FASTENER,National Nail Corp 918200 Fastener,National Nail Corp Fastener,Fastener,,,,,,,,,,,,,,,,,,,,,,,,,,,Fastener,Model,918200,,,,,,,,,,,,,,,,,,,,,,,,,,,,,,,,,,,,,,,,,,,,,,,,,,,,,,,,,,,,,,,,,,,,,,,,,,,,,,,,,,,,,,,,,,,,,,,,,,,,,,,,,,,,,,,,,,,,,,,,,,,,,,,,,,,,,,,,,,,,,,,,,,,,,,,,,,,,,,,,,,,,,,,,National_Nail_Corp_918200.jpg,,,,,,,,,National_Nail_Corp_918200_Specification_Sheet.pdf,,,,,,,,,,,,,,,,,,No
,,,,,,24832766,Tools & Hardware,Hardware,Fasteners,7832766,2541-20,2541-20 Milw M12 - Compact Brad Nailer (Bare),-- Unbranded --,-- No Unilog Brand --,-- No DIB Brand --,Milwaukee Accessory (4031),Milwaukee Accessory,Milwaukee Accessory,,2541-20,,Tools & Hardware>Hardware>Fasteners,"Milwaukee Accessory, Fastener, 2541-20",FASTENER,Milwaukee Accessory 2541-20 Fastener,Milwaukee Accessory Fastener,Fastener,,,,,,,,,,,,,,,,,,,,,,,,,,,Fastener,Model,2541-20,,,,,,,,,,,,,,,,,,,,,,,,,,,,,,,,,,,,,,,,,,,,,,,,,,,,,,,,,,,,,,,,,,,,,,,,,,,,,,,,,,,,,,,,,,,,,,,,,,,,,,,,,,,,,,,,,,,,,,,,,,,,,,,,,,,,,,,,,,,,,,,,,,,,,,,,,,,,,,,,,,,,,,,,Milwaukee_Accessory_2541-20.jpg,,,,,,,,,Milwaukee_Accessory_2541-20_Specification_Sheet.pdf,,,,,,,,,,,,,,,,,,No
,,,,,,27083372,Building Materials,Decking & Building Products,Composite Decking & Trim,1083372,DCN930B,DCN930B Dewalt 20V 30 Degree - Framing Nailer,-- Unbranded --,-- No Unilog Brand --,DEWALT,Black & Decker/dewlt (2585),Black & Decker/dewlt,DEWALT®,,DCN930B,,Building Materials>Decking & Building Products>Composite Decking,"Black & Decker/dewlt, Composite Decking & Trim, DCN930B",COMPOSITE DECKING & TRIM 20V,DEWALT® DCN930B Composite Decking & Trim,"DEWALT® Composite Decking & Trim, 20 V",Composite Decking & Trim,,,,,,,,,,,,,,,,,,,,,,,,,,,Composite Decking & Trim,Model,DCN930B,,Voltage Rating,20,V,,,,,,,,,,,,,,,,,,,,,,,,,,,,,,,,,,,,,,,,,,,,,,,,,,,,,,,,,,,,,,,,,,,,,,,,,,,,,,,,,,,,,,,,,,,,,,,,,,,,,,,,,,,,,,,,,,,,,,,,,,,,,,,,,,,,,,,,,,,,,,,,,,,,,,,,,,,,,,,,,,,,DEWALT_DCN930B.jpg,,,,,,,,,DEWALT_DCN930B_Specification_Sheet.pdf,,,,,,,,,,,,,,,,,,No
,,,,,,85901248,Building Materials,Decking & Building Products,Composite Decking & Trim,5901248,DCN930P1,DCN930P1 Dewalt 20V 30 Degree - Framing Nailer Kit,-- Unbranded --,-- No Unilog Brand --,DEWALT,Black & Decker/dewlt (2585),Black & Decker/dewlt,DEWALT®,,DCN930P1,,Building Materials>Decking & Building Products>Composite Decking,"Black & Decker/dewlt, Composite Decking & Trim, DCN930P1",COMPOSITE DECKING & TRIM 20V,DEWALT® DCN930P1 Composite Decking & Trim,"DEWALT® Composite Decking & Trim, 20 V",Composite Decking & Trim,,,,,,,,,,,,,,,,,,,,,,,,,,,Composite Decking & Trim,Model,DCN930P1,,Voltage Rating,20,V,,,,,,,,,,,,,,,,,,,,,,,,,,,,,,,,,,,,,,,,,,,,,,,,,,,,,,,,,,,,,,,,,,,,,,,,,,,,,,,,,,,,,,,,,,,,,,,,,,,,,,,,,,,,,,,,,,,,,,,,,,,,,,,,,,,,,,,,,,,,,,,,,,,,,,,,,,,,,,,,,,,,DEWALT_DCN930P1.jpg,,,,,,,,,DEWALT_DCN930P1_Specification_Sheet.pdf,,,,,,,,,,,,,,,,,,No
,,,,,,10039958,Tools & Hardware,Hardware,Fasteners,2039958,XNB04Z,"XNB04Z Makita 18V 2"" Brad Nailer 18GA (Bare)",-- Unbranded --,-- No Unilog Brand --,-- No DIB Brand --,Makita Usa Inc (5142),Makita Usa Inc,Makita Usa Inc,,XNB04Z,,Tools & Hardware>Hardware>Fasteners,"Makita Usa Inc, Fastener, XNB04Z",FASTENER 18V,Makita Usa Inc XNB04Z Fastener,"Makita Usa Inc Fastener, 18 V",Fastener,,,,,,,,,,,,,,,,,,,,,,,,,,,Fastener,Model,XNB04Z,,Voltage Rating,18,V,,,,,,,,,,,,,,,,,,,,,,,,,,,,,,,,,,,,,,,,,,,,,,,,,,,,,,,,,,,,,,,,,,,,,,,,,,,,,,,,,,,,,,,,,,,,,,,,,,,,,,,,,,,,,,,,,,,,,,,,,,,,,,,,,,,,,,,,,,,,,,,,,,,,,,,,,,,,,,,,,,,,Makita_Usa_Inc_XNB04Z.jpg,,,,,,,,,Makita_Usa_Inc_XNB04Z_Specification_Sheet.pdf,,,,,,,,,,,,,,,,,,No
,,,,,,92897280,Tools & Hardware,Hardware,Fasteners,3897280,XNB05Z,"XNB05Z Makita 18V 2-1/2"" Straight Finish Nailer 16GA",-- Unbranded --,-- No Unilog Brand --,-- No DIB Brand --,Makita Usa Inc (5142),Makita Usa Inc,Makita Usa Inc,,XNB05Z,,Tools & Hardware>Hardware>Fasteners,"Makita Usa Inc, Fastener, XNB05Z",FASTENER 18V,Makita Usa Inc XNB05Z Fastener,"Makita Usa Inc Fastener, 18 V",Fastener,,,,,,,,,,,,,,,,,,,,,,,,,,,Fastener,Model,XNB05Z,,Voltage Rating,18,V,,,,,,,,,,,,,,,,,,,,,,,,,,,,,,,,,,,,,,,,,,,,,,,,,,,,,,,,,,,,,,,,,,,,,,,,,,,,,,,,,,,,,,,,,,,,,,,,,,,,,,,,,,,,,,,,,,,,,,,,,,,,,,,,,,,,,,,,,,,,,,,,,,,,,,,,,,,,,,,,,,,,Makita_Usa_Inc_XNB05Z.jpg,,,,,,,,,Makita_Usa_Inc_XNB05Z_Specification_Sheet.pdf,,,,,,,,,,,,,,,,,,No
,,,,,,12292529,Lighting & Electrical,Lighting,Lamps & Bulbs,4292529,XNB06Z,"XNB06Z Makita 18V 2-1/2"" Angled Finish Nailer 16GA",-- Unbranded --,-- No Unilog Brand --,-- No DIB Brand --,Makita Usa Inc (5142),Makita Usa Inc,Makita Usa Inc,,XNB06Z,,Lighting & Electrical>Lighting>Lamps & Fixtures,"Makita Usa Inc, Lamps & Bulb, XNB06Z",LAMPS & BULB 18V,Makita Usa Inc XNB06Z Lamps & Bulb,"Makita Usa Inc Lamps & Bulb, 18 V",Lamps & Bulb,,,,,,,,,,,,,,,,,,,,,,,,,,,Lamps & Bulb,Model,XNB06Z,,Voltage Rating,18,V,,,,,,,,,,,,,,,,,,,,,,,,,,,,,,,,,,,,,,,,,,,,,,,,,,,,,,,,,,,,,,,,,,,,,,,,,,,,,,,,,,,,,,,,,,,,,,,,,,,,,,,,,,,,,,,,,,,,,,,,,,,,,,,,,,,,,,,,,,,,,,,,,,,,,,,,,,,,,,,,,,,,Makita_Usa_Inc_XNB06Z.jpg,,,,,,,,,Makita_Usa_Inc_XNB06Z_Specification_Sheet.pdf,,,,,,,,,,,,,,,,,,No
,,,,,,74201801,Tools & Hardware,Hardware,Fasteners,3201801,XNB07Z,XNB07Z Makita 18V LXT BL 30 Nailer (Bare),-- Unbranded --,-- No Unilog Brand --,-- No DIB Brand --,Makita Usa Inc (5142),Makita Usa Inc,Makita Usa Inc,,XNB07Z,,Tools & Hardware>Hardware>Fasteners,"Makita Usa Inc, Fastener, XNB07Z",FASTENER 18V,Makita Usa Inc XNB07Z Fastener,"Makita Usa Inc Fastener, 18 V",Fastener,,,,,,,,,,,,,,,,,,,,,,,,,,,Fastener,Model,XNB07Z,,Voltage Rating,18,V,,,,,,,,,,,,,,,,,,,,,,,,,,,,,,,,,,,,,,,,,,,,,,,,,,,,,,,,,,,,,,,,,,,,,,,,,,,,,,,,,,,,,,,,,,,,,,,,,,,,,,,,,,,,,,,,,,,,,,,,,,,,,,,,,,,,,,,,,,,,,,,,,,,,,,,,,,,,,,,,,,,,Makita_Usa_Inc_XNB07Z.jpg,,,,,,,,,Makita_Usa_Inc_XNB07Z_Specification_Sheet.pdf,,,,,,,,,,,,,,,,,,No
,,,,,,41334821,Building Materials,Decking & Building Products,Composite Decking & Trim,6334821,DZN930,DZN930 Dewalt 30 Degree - Framing Magazine,-- Unbranded --,-- No Unilog Brand --,-- No DIB Brand --,Black & Decker/dewlt (2585),Black & Decker/dewlt,Black & Decker/dewlt,,DZN930,,Building Materials>Decking & Building Products>Composite Decking,"Black & Decker/dewlt, Composite Decking & Trim, DZN930",COMPOSITE DECKING & TRIM,Black & Decker/dewlt DZN930 Composite Decking & Trim,Black & Decker/dewlt Composite Decking & Trim,Composite Decking & Trim,,,,,,,,,,,,,,,,,,,,,,,,,,,Composite Decking & Trim,Model,DZN930,,,,,,,,,,,,,,,,,,,,,,,,,,,,,,,,,,,,,,,,,,,,,,,,,,,,,,,,,,,,,,,,,,,,,,,,,,,,,,,,,,,,,,,,,,,,,,,,,,,,,,,,,,,,,,,,,,,,,,,,,,,,,,,,,,,,,,,,,,,,,,,,,,,,,,,,,,,,,,,,,,,,,,,,Black_AND_Decker/dewlt_DZN930.jpg,,,,,,,,,Black_AND_Decker/dewlt_DZN930_Specification_Sheet.pdf,,,,,,,,,,,,,,,,,,No
,,,,,,81216646,Tools & Hardware,Power Tools,Cutting & Drilling Tools,1216646,220USB25U,220USB25U Vessel Screwdriver w/25pc Bit Set,-- Unbranded --,-- No Unilog Brand --,-- No DIB Brand --,Vessel Tools USA Inc (VESTO),Vessel Tools USA Inc,Vessel Tools USA Inc,,220USB25U,,Tools & Hardware>Power Tools>Cutting & Drilling Tools,"Vessel Tools USA Inc, Cutting & Drilling Tool, 220USB25U",CUTTING & DRILLING TOOL,Vessel Tools USA Inc 220USB25U Cutting & Drilling Tool,Vessel Tools USA Inc Cutting & Drilling Tool,Cutting & Drilling Tool,,,,,,,,,,,,,,,,,,,,,,,,,,,Cutting & Drilling Tool,Model,220USB25U,,,,,,,,,,,,,,,,,,,,,,,,,,,,,,,,,,,,,,,,,,,,,,,,,,,,,,,,,,,,,,,,,,,,,,,,,,,,,,,,,,,,,,,,,,,,,,,,,,,,,,,,,,,,,,,,,,,,,,,,,,,,,,,,,,,,,,,,,,,,,,,,,,,,,,,,,,,,,,,,,,,,,,,,Vessel_Tools_USA_Inc_220USB25U.jpg,,,,,,,,,Vessel_Tools_USA_Inc_220USB25U_Specification_Sheet.pdf,,,,,,,,,,,,,,,,,,No
,,,,,,50200908,Tools & Hardware,Power Tools,Cutting & Drilling Tools,6200908,XRF03Z,XRF03Z Makita 18V Screwdriver - Autofeed,-- Unbranded --,-- No Unilog Brand --,-- No DIB Brand --,Makita Usa Inc (5142),Makita Usa Inc,Makita Usa Inc,,XRF03Z,,Tools & Hardware>Power Tools>Cutting & Drilling Tools,"Makita Usa Inc, Cutting & Drilling Tool, XRF03Z",CUTTING & DRILLING TOOL 18V,Makita Usa Inc XRF03Z Cutting & Drilling Tool,"Makita Usa Inc Cutting & Drilling Tool, 18 V",Cutting & Drilling Tool,,,,,,,,,,,,,,,,,,,,,,,,,,,Cutting & Drilling Tool,Model,XRF03Z,,Voltage Rating,18,V,,,,,,,,,,,,,,,,,,,,,,,,,,,,,,,,,,,,,,,,,,,,,,,,,,,,,,,,,,,,,,,,,,,,,,,,,,,,,,,,,,,,,,,,,,,,,,,,,,,,,,,,,,,,,,,,,,,,,,,,,,,,,,,,,,,,,,,,,,,,,,,,,,,,,,,,,,,,,,,,,,,,Makita_Usa_Inc_XRF03Z.jpg,,,,,,,,,Makita_Usa_Inc_XRF03Z_Specification_Sheet.pdf,,,,,,,,,,,,,,,,,,No
,,,,,,98383661,Tools & Hardware,Power Tools,Cutting & Drilling Tools,9383661,220USBP5U,220USBP5U Vessel Screwdriver Plus w/5pc Bit Set,-- Unbranded --,-- No Unilog Brand --,-- No DIB Brand --,Vessel Tools USA Inc (VESTO),Vessel Tools USA Inc,Vessel Tools USA Inc,,220USBP5U,,Tools & Hardware>Power Tools>Cutting & Drilling Tools,"Vessel Tools USA Inc, Cutting & Drilling Tool, 220USBP5U",CUTTING & DRILLING TOOL,Vessel Tools USA Inc 220USBP5U Cutting & Drilling Tool,Vessel Tools USA Inc Cutting & Drilling Tool,Cutting & Drilling Tool,,,,,,,,,,,,,,,,,,,,,,,,,,,Cutting & Drilling Tool,Model,220USBP5U,,,,,,,,,,,,,,,,,,,,,,,,,,,,,,,,,,,,,,,,,,,,,,,,,,,,,,,,,,,,,,,,,,,,,,,,,,,,,,,,,,,,,,,,,,,,,,,,,,,,,,,,,,,,,,,,,,,,,,,,,,,,,,,,,,,,,,,,,,,,,,,,,,,,,,,,,,,,,,,,,,,,,,,,Vessel_Tools_USA_Inc_220USBP5U.jpg,,,,,,,,,Vessel_Tools_USA_Inc_220USBP5U_Specification_Sheet.pdf,,,,,,,,,,,,,,,,,,No
,,,,,,62356591,Tools & Hardware,Power Tools,Cutting & Drilling Tools,9356591,49-66-4567,"49-66-4567 Milw 6"" Magnetic - Impact Driver Set 6pc",-- Unbranded --,-- No Unilog Brand --,-- No DIB Brand --,Milwaukee Accessory (4031),Milwaukee Accessory,Milwaukee Accessory,,49-66-4567,,Tools & Hardware>Power Tools>Cutting & Drilling Tools,"Milwaukee Accessory, Cutting & Drilling Tool, 49-66-4567",CUTTING & DRILLING TOOL,Milwaukee Accessory 49-66-4567 Cutting & Drilling Tool,Milwaukee Accessory Cutting & Drilling Tool,Cutting & Drilling Tool,,,,,,,,,,,,,,,,,,,,,,,,,,,Cutting & Drilling Tool,Model,49-66-4567,,,,,,,,,,,,,,,,,,,,,,,,,,,,,,,,,,,,,,,,,,,,,,,,,,,,,,,,,,,,,,,,,,,,,,,,,,,,,,,,,,,,,,,,,,,,,,,,,,,,,,,,,,,,,,,,,,,,,,,,,,,,,,,,,,,,,,,,,,,,,,,,,,,,,,,,,,,,,,,,,,,,,,,,Milwaukee_Accessory_49-66-4567.jpg,,,,,,,,,Milwaukee_Accessory_49-66-4567_Specification_Sheet.pdf,,,,,,,,,,,,,,,,,,No
,,,,,,88979321,Tools & Hardware,Power Tools,Cutting & Drilling Tools,8979321,IBMG90K003,"IBMG90K003 Vessel Impact Ball Torsion Bit Assort 5pc 3.5""",-- Unbranded --,-- No Unilog Brand --,-- No DIB Brand --,Vessel Tools USA Inc (VESTO),Vessel Tools USA Inc,Vessel Tools USA Inc,,IBMG90K003,,Tools & Hardware>Power Tools>Cutting & Drilling Tools,"Vessel Tools USA Inc, Cutting & Drilling Tool, IBMG90K003",CUTTING & DRILLING TOOL,Vessel Tools USA Inc IBMG90K003 Cutting & Drilling Tool,Vessel Tools USA Inc Cutting & Drilling Tool,Cutting & Drilling Tool,,,,,,,,,,,,,,,,,,,,,,,,,,,Cutting & Drilling Tool,Model,IBMG90K003,,,,,,,,,,,,,,,,,,,,,,,,,,,,,,,,,,,,,,,,,,,,,,,,,,,,,,,,,,,,,,,,,,,,,,,,,,,,,,,,,,,,,,,,,,,,,,,,,,,,,,,,,,,,,,,,,,,,,,,,,,,,,,,,,,,,,,,,,,,,,,,,,,,,,,,,,,,,,,,,,,,,,,,,Vessel_Tools_USA_Inc_IBMG90K003.jpg,,,,,,,,,Vessel_Tools_USA_Inc_IBMG90K003_Specification_Sheet.pdf,,,,,,,,,,,,,,,,,,No
,,,,,,57314630,Tools & Hardware,Power Tools,Cutting & Drilling Tools,4314630,IBPH250P15T,"IBPH250P15T Vessel Torsion Bit 2"" 15pc",-- Unbranded --,-- No Unilog Brand --,-- No DIB Brand --,Vessel Tools USA Inc (VESTO),Vessel Tools USA Inc,Vessel Tools USA Inc,,IBPH250P15T,,Tools & Hardware>Power Tools>Cutting & Drilling Tools,"Vessel Tools USA Inc, Cutting & Drilling Tool, IBPH250P15T",CUTTING & DRILLING TOOL,Vessel Tools USA Inc IBPH250P15T Cutting & Drilling Tool,Vessel Tools USA Inc Cutting & Drilling Tool,Cutting & Drilling Tool,,,,,,,,,,,,,,,,,,,,,,,,,,,Cutting & Drilling Tool,Model,IBPH250P15T,,,,,,,,,,,,,,,,,,,,,,,,,,,,,,,,,,,,,,,,,,,,,,,,,,,,,,,,,,,,,,,,,,,,,,,,,,,,,,,,,,,,,,,,,,,,,,,,,,,,,,,,,,,,,,,,,,,,,,,,,,,,,,,,,,,,,,,,,,,,,,,,,,,,,,,,,,,,,,,,,,,,,,,,Vessel_Tools_USA_Inc_IBPH250P15T.jpg,,,,,,,,,Vessel_Tools_USA_Inc_IBPH250P15T_Specification_Sheet.pdf,,,,,,,,,,,,,,,,,,No
,,,,,,66989008,Tools & Hardware,Power Tools,Cutting & Drilling Tools,4989008,DPH12B,"DPH12B 2"" #1 Phillips Drive - Bit",-- Unbranded --,-- No Unilog Brand --,Diablo,Freud Inc (2435),Freud Inc,DIABLO®,,DPH12B,,Tools & Hardware>Power Tools>Cutting & Drilling Tools,"Freud Inc, Cutting & Drilling Tool, DPH12B",CUTTING & DRILLING TOOL,DIABLO® DPH12B Cutting & Drilling Tool,DIABLO® Cutting & Drilling Tool,Cutting & Drilling Tool,,,,,,,,,,,,,,,,,,,,,,,,,,,Cutting & Drilling Tool,Model,DPH12B,,,,,,,,,,,,,,,,,,,,,,,,,,,,,,,,,,,,,,,,,,,,,,,,,,,,,,,,,,,,,,,,,,,,,,,,,,,,,,,,,,,,,,,,,,,,,,,,,,,,,,,,,,,,,,,,,,,,,,,,,,,,,,,,,,,,,,,,,,,,,,,,,,,,,,,,,,,,,,,,,,,,,,,,DIABLO_DPH12B.jpg,,,,,,,,,DIABLO_DPH12B_Specification_Sheet.pdf,,,,,,,,,,,,,,,,,,No
,,,,,,95214758,Tools & Hardware,Power Tools,Cutting & Drilling Tools,6214758,DPH135B,"DPH135B 3-1/2"" #1 Phillips - Drive Bit",-- Unbranded --,-- No Unilog Brand --,Diablo,Freud Inc (2435),Freud Inc,DIABLO®,,DPH135B,,Tools & Hardware>Power Tools>Cutting & Drilling Tools,"Freud Inc, Cutting & Drilling Tool, DPH135B",CUTTING & DRILLING TOOL,DIABLO® DPH135B Cutting & Drilling Tool,DIABLO® Cutting & Drilling Tool,Cutting & Drilling Tool,,,,,,,,,,,,,,,,,,,,,,,,,,,Cutting & Drilling Tool,Model,DPH135B,,,,,,,,,,,,,,,,,,,,,,,,,,,,,,,,,,,,,,,,,,,,,,,,,,,,,,,,,,,,,,,,,,,,,,,,,,,,,,,,,,,,,,,,,,,,,,,,,,,,,,,,,,,,,,,,,,,,,,,,,,,,,,,,,,,,,,,,,,,,,,,,,,,,,,,,,,,,,,,,,,,,,,,,DIABLO_DPH135B.jpg,,,,,,,,,DIABLO_DPH135B_Specification_Sheet.pdf,,,,,,,,,,,,,,,,,,No
,,,,,,78413458,Tools & Hardware,Power Tools,Cutting & Drilling Tools,7413458,DPH21B,"DPH21B 1"" #2 Phillips Drive - Bit",-- Unbranded --,-- No Unilog Brand --,Diablo,Freud Inc (2435),Freud Inc,DIABLO®,,DPH21B,DPH2R1B,Tools & Hardware>Power Tools>Cutting & Drilling Tools,"Freud Inc, Cutting & Drilling Tool, DPH21B",CUTTING & DRILLING TOOL,DIABLO® DPH21B Cutting & Drilling Tool,DIABLO® Cutting & Drilling Tool,Cutting & Drilling Tool,,,,,,,,,,,,,,,,,,,,,,,,,,,Cutting & Drilling Tool,Model,DPH21B,,,,,,,,,,,,,,,,,,,,,,,,,,,,,,,,,,,,,,,,,,,,,,,,,,,,,,,,,,,,,,,,,,,,,,,,,,,,,,,,,,,,,,,,,,,,,,,,,,,,,,,,,,,,,,,,,,,,,,,,,,,,,,,,,,,,,,,,,,,,,,,,,,,,,,,,,,,,,,,,,,,,,,,,DIABLO_DPH21B.jpg,,,,,,,,,DIABLO_DPH21B_Specification_Sheet.pdf,,,,,,,,,,,,,,,,,,No
,,,,,,76449965,Tools & Hardware,Power Tools,Cutting & Drilling Tools,5449965,DPH22B,"DPH22B 2"" #2 Phillips Drive - Bit",-- Unbranded --,-- No Unilog Brand --,Diablo,Freud Inc (2435),Freud Inc,DIABLO®,,DPH22B,,Tools & Hardware>Power Tools>Cutting & Drilling Tools,"Freud Inc, Cutting & Drilling Tool, DPH22B",CUTTING & DRILLING TOOL,DIABLO® DPH22B Cutting & Drilling Tool,DIABLO® Cutting & Drilling Tool,Cutting & Drilling Tool,,,,,,,,,,,,,,,,,,,,,,,,,,,Cutting & Drilling Tool,Model,DPH22B,,,,,,,,,,,,,,,,,,,,,,,,,,,,,,,,,,,,,,,,,,,,,,,,,,,,,,,,,,,,,,,,,,,,,,,,,,,,,,,,,,,,,,,,,,,,,,,,,,,,,,,,,,,,,,,,,,,,,,,,,,,,,,,,,,,,,,,,,,,,,,,,,,,,,,,,,,,,,,,,,,,,,,,,DIABLO_DPH22B.jpg,,,,,,,,,DIABLO_DPH22B_Specification_Sheet.pdf,,,,,,,,,,,,,,,,,,No
,,,,,,89650314,Tools & Hardware,Power Tools,Cutting & Drilling Tools,9650314,DPH235B,"DPH235B 3-1/2"" #2 Phillips - Drive Bit",-- Unbranded --,-- No Unilog Brand --,Diablo,Freud Inc (2435),Freud Inc,DIABLO®,,DPH235B,,Tools & Hardware>Power Tools>Cutting & Drilling Tools,"Freud Inc, Cutting & Drilling Tool, DPH235B",CUTTING & DRILLING TOOL,DIABLO® DPH235B Cutting & Drilling Tool,DIABLO® Cutting & Drilling Tool,Cutting & Drilling Tool,,,,,,,,,,,,,,,,,,,,,,,,,,,Cutting & Drilling Tool,Model,DPH235B,,,,,,,,,,,,,,,,,,,,,,,,,,,,,,,,,,,,,,,,,,,,,,,,,,,,,,,,,,,,,,,,,,,,,,,,,,,,,,,,,,,,,,,,,,,,,,,,,,,,,,,,,,,,,,,,,,,,,,,,,,,,,,,,,,,,,,,,,,,,,,,,,,,,,,,,,,,,,,,,,,,,,,,,DIABLO_DPH235B.jpg,,,,,,,,,DIABLO_DPH235B_Specification_Sheet.pdf,,,,,,,,,,,,,,,,,,No
,,,,,,65772903,Tools & Hardware,Power Tools,Cutting & Drilling Tools,3772903,DPH26B,"DPH26B 6"" #2 Phillips Drive - Bit",-- Unbranded --,-- No Unilog Brand --,Diablo,Freud Inc (2435),Freud Inc,DIABLO®,,DPH26B,,Tools & Hardware>Power Tools>Cutting & Drilling Tools,"Freud Inc, Cutting & Drilling Tool, DPH26B",CUTTING & DRILLING TOOL,DIABLO® DPH26B Cutting & Drilling Tool,DIABLO® Cutting & Drilling Tool,Cutting & Drilling Tool,,,,,,,,,,,,,,,,,,,,,,,,,,,Cutting & Drilling Tool,Model,DPH26B,,,,,,,,,,,,,,,,,,,,,,,,,,,,,,,,,,,,,,,,,,,,,,,,,,,,,,,,,,,,,,,,,,,,,,,,,,,,,,,,,,,,,,,,,,,,,,,,,,,,,,,,,,,,,,,,,,,,,,,,,,,,,,,,,,,,,,,,,,,,,,,,,,,,,,,,,,,,,,,,,,,,,,,,DIABLO_DPH26B.jpg,,,,,,,,,DIABLO_DPH26B_Specification_Sheet.pdf,,,,,,,,,,,,,,,,,,No
,,,,,,59404506,Tools & Hardware,Power Tools,Cutting & Drilling Tools,6404506,DPH2R1B,"DPH2R1B 1"" #2 Phillips Drywall - Screws Drive Bit",-- Unbranded --,-- No Unilog Brand --,Diablo,Freud Inc (2435),Freud Inc,DIABLO®,,DPH2R1B,DPH21B,Tools & Hardware>Power Tools>Cutting & Drilling Tools,"Freud Inc, Cutting & Drilling Tool, DPH2R1B",CUTTING & DRILLING TOOL,DIABLO® DPH2R1B Cutting & Drilling Tool,DIABLO® Cutting & Drilling Tool,Cutting & Drilling Tool,,,,,,,,,,,,,,,,,,,,,,,,,,,Cutting & Drilling Tool,Model,DPH2R1B,,,,,,,,,,,,,,,,,,,,,,,,,,,,,,,,,,,,,,,,,,,,,,,,,,,,,,,,,,,,,,,,,,,,,,,,,,,,,,,,,,,,,,,,,,,,,,,,,,,,,,,,,,,,,,,,,,,,,,,,,,,,,,,,,,,,,,,,,,,,,,,,,,,,,,,,,,,,,,,,,,,,,,,,DIABLO_DPH2R1B.jpg,,,,,,,,,DIABLO_DPH2R1B_Specification_Sheet.pdf,,,,,,,,,,,,,,,,,,No
,,,,,,64916254,Tools & Hardware,Power Tools,Cutting & Drilling Tools,2916254,DPH31B,"DPH31B 1"" #3 Phillips Drive - Bit",-- Unbranded --,-- No Unilog Brand --,Diablo,Freud Inc (2435),Freud Inc,DIABLO®,,DPH31B,,Tools & Hardware>Power Tools>Cutting & Drilling Tools,"Freud Inc, Cutting & Drilling Tool, DPH31B",CUTTING & DRILLING TOOL,DIABLO® DPH31B Cutting & Drilling Tool,DIABLO® Cutting & Drilling Tool,Cutting & Drilling Tool,,,,,,,,,,,,,,,,,,,,,,,,,,,Cutting & Drilling Tool,Model,DPH31B,,,,,,,,,,,,,,,,,,,,,,,,,,,,,,,,,,,,,,,,,,,,,,,,,,,,,,,,,,,,,,,,,,,,,,,,,,,,,,,,,,,,,,,,,,,,,,,,,,,,,,,,,,,,,,,,,,,,,,,,,,,,,,,,,,,,,,,,,,,,,,,,,,,,,,,,,,,,,,,,,,,,,,,,DIABLO_DPH31B.jpg,,,,,,,,,DIABLO_DPH31B_Specification_Sheet.pdf,,,,,,,,,,,,,,,,,,No
,,,,,,63639892,Tools & Hardware,Power Tools,Cutting & Drilling Tools,1639892,DPH32B,"DPH32B 2"" #3 Phillips Drive - Bit",-- Unbranded --,-- No Unilog Brand --,Diablo,Freud Inc (2435),Freud Inc,DIABLO®,,DPH32B,,Tools & Hardware>Power Tools>Cutting & Drilling Tools,"Freud Inc, Cutting & Drilling Tool, DPH32B",CUTTING & DRILLING TOOL,DIABLO® DPH32B Cutting & Drilling Tool,DIABLO® Cutting & Drilling Tool,Cutting & Drilling Tool,,,,,,,,,,,,,,,,,,,,,,,,,,,Cutting & Drilling Tool,Model,DPH32B,,,,,,,,,,,,,,,,,,,,,,,,,,,,,,,,,,,,,,,,,,,,,,,,,,,,,,,,,,,,,,,,,,,,,,,,,,,,,,,,,,,,,,,,,,,,,,,,,,,,,,,,,,,,,,,,,,,,,,,,,,,,,,,,,,,,,,,,,,,,,,,,,,,,,,,,,,,,,,,,,,,,,,,,DIABLO_DPH32B.jpg,,,,,,,,,DIABLO_DPH32B_Specification_Sheet.pdf,,,,,,,,,,,,,,,,,,No
,,,,,,62063318,Tools & Hardware,Power Tools,Cutting & Drilling Tools,9063318,DPH335B,"DPH335B 3-1/2"" #3 Phillips - Drive Bit",-- Unbranded --,-- No Unilog Brand --,Diablo,Freud Inc (2435),Freud Inc,DIABLO®,,DPH335B,,Tools & Hardware>Power Tools>Cutting & Drilling Tools,"Freud Inc, Cutting & Drilling Tool, DPH335B",CUTTING & DRILLING TOOL,DIABLO® DPH335B Cutting & Drilling Tool,DIABLO® Cutting & Drilling Tool,Cutting & Drilling Tool,,,,,,,,,,,,,,,,,,,,,,,,,,,Cutting & Drilling Tool,Model,DPH335B,,,,,,,,,,,,,,,,,,,,,,,,,,,,,,,,,,,,,,,,,,,,,,,,,,,,,,,,,,,,,,,,,,,,,,,,,,,,,,,,,,,,,,,,,,,,,,,,,,,,,,,,,,,,,,,,,,,,,,,,,,,,,,,,,,,,,,,,,,,,,,,,,,,,,,,,,,,,,,,,,,,,,,,,DIABLO_DPH335B.jpg,,,,,,,,,DIABLO_DPH335B_Specification_Sheet.pdf,,,,,,,,,,,,,,,,,,No
,,,,,,91655623,Tools & Hardware,Power Tools,Cutting & Drilling Tools,2655623,DSQ12B,"DSQ12B 2"" #1 Square Drive Bit",-- Unbranded --,-- No Unilog Brand --,Diablo,Freud Inc (2435),Freud Inc,DIABLO®,,DSQ12B,,Tools & Hardware>Power Tools>Cutting & Drilling Tools,"Freud Inc, Cutting & Drilling Tool, DSQ12B",CUTTING & DRILLING TOOL,DIABLO® DSQ12B Cutting & Drilling Tool,DIABLO® Cutting & Drilling Tool,Cutting & Drilling Tool,,,,,,,,,,,,,,,,,,,,,,,,,,,Cutting & Drilling Tool,Model,DSQ12B,,,,,,,,,,,,,,,,,,,,,,,,,,,,,,,,,,,,,,,,,,,,,,,,,,,,,,,,,,,,,,,,,,,,,,,,,,,,,,,,,,,,,,,,,,,,,,,,,,,,,,,,,,,,,,,,,,,,,,,,,,,,,,,,,,,,,,,,,,,,,,,,,,,,,,,,,,,,,,,,,,,,,,,,DIABLO_DSQ12B.jpg,,,,,,,,,DIABLO_DSQ12B_Specification_Sheet.pdf,,,,,,,,,,,,,,,,,,No
,,,,,,28854430,Tools & Hardware,Power Tools,Cutting & Drilling Tools,2854430,DSQ22B,"DSQ22B 2"" #2 Square Drive Bit",-- Unbranded --,-- No Unilog Brand --,Diablo,Freud Inc (2435),Freud Inc,DIABLO®,,DSQ22B,,Tools & Hardware>Power Tools>Cutting & Drilling Tools,"Freud Inc, Cutting & Drilling Tool, DSQ22B",CUTTING & DRILLING TOOL,DIABLO® DSQ22B Cutting & Drilling Tool,DIABLO® Cutting & Drilling Tool,Cutting & Drilling Tool,,,,,,,,,,,,,,,,,,,,,,,,,,,Cutting & Drilling Tool,Model,DSQ22B,,,,,,,,,,,,,,,,,,,,,,,,,,,,,,,,,,,,,,,,,,,,,,,,,,,,,,,,,,,,,,,,,,,,,,,,,,,,,,,,,,,,,,,,,,,,,,,,,,,,,,,,,,,,,,,,,,,,,,,,,,,,,,,,,,,,,,,,,,,,,,,,,,,,,,,,,,,,,,,,,,,,,,,,DIABLO_DSQ22B.jpg,,,,,,,,,DIABLO_DSQ22B_Specification_Sheet.pdf,,,,,,,,,,,,,,,,,,No
,,,,,,71799596,Tools & Hardware,Power Tools,Cutting & Drilling Tools,9799596,DSQ26B,"DSQ26B 6"" #2 Square Drive Bit",-- Unbranded --,-- No Unilog Brand --,Diablo,Freud Inc (2435),Freud Inc,DIABLO®,,DSQ26B,,Tools & Hardware>Power Tools>Cutting & Drilling Tools,"Freud Inc, Cutting & Drilling Tool, DSQ26B",CUTTING & DRILLING TOOL,DIABLO® DSQ26B Cutting & Drilling Tool,DIABLO® Cutting & Drilling Tool,Cutting & Drilling Tool,,,,,,,,,,,,,,,,,,,,,,,,,,,Cutting & Drilling Tool,Model,DSQ26B,,,,,,,,,,,,,,,,,,,,,,,,,,,,,,,,,,,,,,,,,,,,,,,,,,,,,,,,,,,,,,,,,,,,,,,,,,,,,,,,,,,,,,,,,,,,,,,,,,,,,,,,,,,,,,,,,,,,,,,,,,,,,,,,,,,,,,,,,,,,,,,,,,,,,,,,,,,,,,,,,,,,,,,,DIABLO_DSQ26B.jpg,,,,,,,,,DIABLO_DSQ26B_Specification_Sheet.pdf,,,,,,,,,,,,,,,,,,No
,,,,,,94018461,Tools & Hardware,Power Tools,Cutting & Drilling Tools,5018461,DSQ32B,"DSQ32B 2"" #3 Square Drive Bit",-- Unbranded --,-- No Unilog Brand --,Diablo,Freud Inc (2435),Freud Inc,DIABLO®,,DSQ32B,,Tools & Hardware>Power Tools>Cutting & Drilling Tools,"Freud Inc, Cutting & Drilling Tool, DSQ32B",CUTTING & DRILLING TOOL,DIABLO® DSQ32B Cutting & Drilling Tool,DIABLO® Cutting & Drilling Tool,Cutting & Drilling Tool,,,,,,,,,,,,,,,,,,,,,,,,,,,Cutting & Drilling Tool,Model,DSQ32B,,,,,,,,,,,,,,,,,,,,,,,,,,,,,,,,,,,,,,,,,,,,,,,,,,,,,,,,,,,,,,,,,,,,,,,,,,,,,,,,,,,,,,,,,,,,,,,,,,,,,,,,,,,,,,,,,,,,,,,,,,,,,,,,,,,,,,,,,,,,,,,,,,,,,,,,,,,,,,,,,,,,,,,,DIABLO_DSQ32B.jpg,,,,,,,,,DIABLO_DSQ32B_Specification_Sheet.pdf,,,,,,,,,,,,,,,,,,No
,,,,,,71101433,Tools & Hardware,Power Tools,Cutting & Drilling Tools,9101433,DT102B,"DT102B 2"" #10 Torx Drive Bit",-- Unbranded --,-- No Unilog Brand --,Diablo,Freud Inc (2435),Freud Inc,DIABLO®,,DT102B,,Tools & Hardware>Power Tools>Cutting & Drilling Tools,"Freud Inc, Cutting & Drilling Tool, DT102B",CUTTING & DRILLING TOOL,DIABLO® DT102B Cutting & Drilling Tool,DIABLO® Cutting & Drilling Tool,Cutting & Drilling Tool,,,,,,,,,,,,,,,,,,,,,,,,,,,Cutting & Drilling Tool,Model,DT102B,,,,,,,,,,,,,,,,,,,,,,,,,,,,,,,,,,,,,,,,,,,,,,,,,,,,,,,,,,,,,,,,,,,,,,,,,,,,,,,,,,,,,,,,,,,,,,,,,,,,,,,,,,,,,,,,,,,,,,,,,,,,,,,,,,,,,,,,,,,,,,,,,,,,,,,,,,,,,,,,,,,,,,,,DIABLO_DT102B.jpg,,,,,,,,,DIABLO_DT102B_Specification_Sheet.pdf,,,,,,,,,,,,,,,,,,No
,,,,,,78676950,Tools & Hardware,Power Tools,Cutting & Drilling Tools,7676950,DT152B,"DT152B 2"" #15 Torx Drive Bit",-- Unbranded --,-- No Unilog Brand --,Diablo,Freud Inc (2435),Freud Inc,DIABLO®,,DT152B,,Tools & Hardware>Power Tools>Cutting & Drilling Tools,"Freud Inc, Cutting & Drilling Tool, DT152B",CUTTING & DRILLING TOOL,DIABLO® DT152B Cutting & Drilling Tool,DIABLO® Cutting & Drilling Tool,Cutting & Drilling Tool,,,,,,,,,,,,,,,,,,,,,,,,,,,Cutting & Drilling Tool,Model,DT152B,,,,,,,,,,,,,,,,,,,,,,,,,,,,,,,,,,,,,,,,,,,,,,,,,,,,,,,,,,,,,,,,,,,,,,,,,,,,,,,,,,,,,,,,,,,,,,,,,,,,,,,,,,,,,,,,,,,,,,,,,,,,,,,,,,,,,,,,,,,,,,,,,,,,,,,,,,,,,,,,,,,,,,,,DIABLO_DT152B.jpg,,,,,,,,,DIABLO_DT152B_Specification_Sheet.pdf,,,,,,,,,,,,,,,,,,No
,,,,,,65138040,Tools & Hardware,Power Tools,Cutting & Drilling Tools,3138040,DT1535B,"DT1535B 3-1/2"" #15 Torx Drive - Bit",-- Unbranded --,-- No Unilog Brand --,Diablo,Freud Inc (2435),Freud Inc,DIABLO®,,DT1535B,,Tools & Hardware>Power Tools>Cutting & Drilling Tools,"Freud Inc, Cutting & Drilling Tool, DT1535B",CUTTING & DRILLING TOOL,DIABLO® DT1535B Cutting & Drilling Tool,DIABLO® Cutting & Drilling Tool,Cutting & Drilling Tool,,,,,,,,,,,,,,,,,,,,,,,,,,,Cutting & Drilling Tool,Model,DT1535B,,,,,,,,,,,,,,,,,,,,,,,,,,,,,,,,,,,,,,,,,,,,,,,,,,,,,,,,,,,,,,,,,,,,,,,,,,,,,,,,,,,,,,,,,,,,,,,,,,,,,,,,,,,,,,,,,,,,,,,,,,,,,,,,,,,,,,,,,,,,,,,,,,,,,,,,,,,,,,,,,,,,,,,,DIABLO_DT1535B.jpg,,,,,,,,,DIABLO_DT1535B_Specification_Sheet.pdf,,,,,,,,,,,,,,,,,,No
,,,,,,69945195,Tools & Hardware,Power Tools,Cutting & Drilling Tools,7945195,DT202B,"DT202B 2"" #20 Torx Drive Bit",-- Unbranded --,-- No Unilog Brand --,Diablo,Freud Inc (2435),Freud Inc,DIABLO®,,DT202B,,Tools & Hardware>Power Tools>Cutting & Drilling Tools,"Freud Inc, Cutting & Drilling Tool, DT202B",CUTTING & DRILLING TOOL,DIABLO® DT202B Cutting & Drilling Tool,DIABLO® Cutting & Drilling Tool,Cutting & Drilling Tool,,,,,,,,,,,,,,,,,,,,,,,,,,,Cutting & Drilling Tool,Model,DT202B,,,,,,,,,,,,,,,,,,,,,,,,,,,,,,,,,,,,,,,,,,,,,,,,,,,,,,,,,,,,,,,,,,,,,,,,,,,,,,,,,,,,,,,,,,,,,,,,,,,,,,,,,,,,,,,,,,,,,,,,,,,,,,,,,,,,,,,,,,,,,,,,,,,,,,,,,,,,,,,,,,,,,,,,DIABLO_DT202B.jpg,,,,,,,,,DIABLO_DT202B_Specification_Sheet.pdf,,,,,,,,,,,,,,,,,,No
,,,,,,53320841,Tools & Hardware,Power Tools,Cutting & Drilling Tools,9320841,DT2035B,"DT2035B 3-1/2"" #20 Torx Drive - Bit",-- Unbranded --,-- No Unilog Brand --,Diablo,Freud Inc (2435),Freud Inc,DIABLO®,,DT2035B,,Tools & Hardware>Power Tools>Cutting & Drilling Tools,"Freud Inc, Cutting & Drilling Tool, DT2035B",CUTTING & DRILLING TOOL,DIABLO® DT2035B Cutting & Drilling Tool,DIABLO® Cutting & Drilling Tool,Cutting & Drilling Tool,,,,,,,,,,,,,,,,,,,,,,,,,,,Cutting & Drilling Tool,Model,DT2035B,,,,,,,,,,,,,,,,,,,,,,,,,,,,,,,,,,,,,,,,,,,,,,,,,,,,,,,,,,,,,,,,,,,,,,,,,,,,,,,,,,,,,,,,,,,,,,,,,,,,,,,,,,,,,,,,,,,,,,,,,,,,,,,,,,,,,,,,,,,,,,,,,,,,,,,,,,,,,,,,,,,,,,,,DIABLO_DT2035B.jpg,,,,,,,,,DIABLO_DT2035B_Specification_Sheet.pdf,,,,,,,,,,,,,,,,,,No
,,,,,,18951140,Tools & Hardware,Power Tools,Cutting & Drilling Tools,1951140,DT206B,"DT206B 6"" #20 Torx Drive Bit",-- Unbranded --,-- No Unilog Brand --,Diablo,Freud Inc (2435),Freud Inc,DIABLO®,,DT206B,,Tools & Hardware>Power Tools>Cutting & Drilling Tools,"Freud Inc, Cutting & Drilling Tool, DT206B",CUTTING & DRILLING TOOL,DIABLO® DT206B Cutting & Drilling Tool,DIABLO® Cutting & Drilling Tool,Cutting & Drilling Tool,,,,,,,,,,,,,,,,,,,,,,,,,,,Cutting & Drilling Tool,Model,DT206B,,,,,,,,,,,,,,,,,,,,,,,,,,,,,,,,,,,,,,,,,,,,,,,,,,,,,,,,,,,,,,,,,,,,,,,,,,,,,,,,,,,,,,,,,,,,,,,,,,,,,,,,,,,,,,,,,,,,,,,,,,,,,,,,,,,,,,,,,,,,,,,,,,,,,,,,,,,,,,,,,,,,,,,,DIABLO_DT206B.jpg,,,,,,,,,DIABLO_DT206B_Specification_Sheet.pdf,,,,,,,,,,,,,,,,,,No
,,,,,,29270012,Tools & Hardware,Power Tools,Cutting & Drilling Tools,3270012,DT252B,"DT252B 2"" #25 Trox Drive Bit",-- Unbranded --,-- No Unilog Brand --,Diablo,Freud Inc (2435),Freud Inc,DIABLO®,,DT252B,,Tools & Hardware>Power Tools>Cutting & Drilling Tools,"Freud Inc, Cutting & Drilling Tool, DT252B",CUTTING & DRILLING TOOL,DIABLO® DT252B Cutting & Drilling Tool,DIABLO® Cutting & Drilling Tool,Cutting & Drilling Tool,,,,,,,,,,,,,,,,,,,,,,,,,,,Cutting & Drilling Tool,Model,DT252B,,,,,,,,,,,,,,,,,,,,,,,,,,,,,,,,,,,,,,,,,,,,,,,,,,,,,,,,,,,,,,,,,,,,,,,,,,,,,,,,,,,,,,,,,,,,,,,,,,,,,,,,,,,,,,,,,,,,,,,,,,,,,,,,,,,,,,,,,,,,,,,,,,,,,,,,,,,,,,,,,,,,,,,,DIABLO_DT252B.jpg,,,,,,,,,DIABLO_DT252B_Specification_Sheet.pdf,,,,,,,,,,,,,,,,,,No
,,,,,,95119600,Tools & Hardware,Power Tools,Cutting & Drilling Tools,6119600,DT2535B,"DT2535B 3-1/4"" #25 Torx Drive - Bit",-- Unbranded --,-- No Unilog Brand --,Diablo,Freud Inc (2435),Freud Inc,DIABLO®,,DT2535B,,Tools & Hardware>Power Tools>Cutting & Drilling Tools,"Freud Inc, Cutting & Drilling Tool, DT2535B",CUTTING & DRILLING TOOL,DIABLO® DT2535B Cutting & Drilling Tool,DIABLO® Cutting & Drilling Tool,Cutting & Drilling Tool,,,,,,,,,,,,,,,,,,,,,,,,,,,Cutting & Drilling Tool,Model,DT2535B,,,,,,,,,,,,,,,,,,,,,,,,,,,,,,,,,,,,,,,,,,,,,,,,,,,,,,,,,,,,,,,,,,,,,,,,,,,,,,,,,,,,,,,,,,,,,,,,,,,,,,,,,,,,,,,,,,,,,,,,,,,,,,,,,,,,,,,,,,,,,,,,,,,,,,,,,,,,,,,,,,,,,,,,DIABLO_DT2535B.jpg,,,,,,,,,DIABLO_DT2535B_Specification_Sheet.pdf,,,,,,,,,,,,,,,,,,No
,,,,,,28860647,Tools & Hardware,Power Tools,Cutting & Drilling Tools,2860647,DT256B,"DT256B 6"" #25 Torx Drive Bit",-- Unbranded --,-- No Unilog Brand --,Diablo,Freud Inc (2435),Freud Inc,DIABLO®,,DT256B,,Tools & Hardware>Power Tools>Cutting & Drilling Tools,"Freud Inc, Cutting & Drilling Tool, DT256B",CUTTING & DRILLING TOOL,DIABLO® DT256B Cutting & Drilling Tool,DIABLO® Cutting & Drilling Tool,Cutting & Drilling Tool,,,,,,,,,,,,,,,,,,,,,,,,,,,Cutting & Drilling Tool,Model,DT256B,,,,,,,,,,,,,,,,,,,,,,,,,,,,,,,,,,,,,,,,,,,,,,,,,,,,,,,,,,,,,,,,,,,,,,,,,,,,,,,,,,,,,,,,,,,,,,,,,,,,,,,,,,,,,,,,,,,,,,,,,,,,,,,,,,,,,,,,,,,,,,,,,,,,,,,,,,,,,,,,,,,,,,,,DIABLO_DT256B.jpg,,,,,,,,,DIABLO_DT256B_Specification_Sheet.pdf,,,,,,,,,,,,,,,,,,No
,,,,,,18529306,Tools & Hardware,Power Tools,Cutting & Drilling Tools,1529306,DT302B,"DT302B 2"" #30 Torx Drive Bit",-- Unbranded --,-- No Unilog Brand --,Diablo,Freud Inc (2435),Freud Inc,DIABLO®,,DT302B,,Tools & Hardware>Power Tools>Cutting & Drilling Tools,"Freud Inc, Cutting & Drilling Tool, DT302B",CUTTING & DRILLING TOOL,DIABLO® DT302B Cutting & Drilling Tool,DIABLO® Cutting & Drilling Tool,Cutting & Drilling Tool,,,,,,,,,,,,,,,,,,,,,,,,,,,Cutting & Drilling Tool,Model,DT302B,,,,,,,,,,,,,,,,,,,,,,,,,,,,,,,,,,,,,,,,,,,,,,,,,,,,,,,,,,,,,,,,,,,,,,,,,,,,,,,,,,,,,,,,,,,,,,,,,,,,,,,,,,,,,,,,,,,,,,,,,,,,,,,,,,,,,,,,,,,,,,,,,,,,,,,,,,,,,,,,,,,,,,,,DIABLO_DT302B.jpg,,,,,,,,,DIABLO_DT302B_Specification_Sheet.pdf,,,,,,,,,,,,,,,,,,No
,,,,,,49473073,Tools & Hardware,Power Tools,Cutting & Drilling Tools,5473073,DT402B,"DT402B 2"" #40 Torx Drive Bit",-- Unbranded --,-- No Unilog Brand --,Diablo,Freud Inc (2435),Freud Inc,DIABLO®,,DT402B,,Tools & Hardware>Power Tools>Cutting & Drilling Tools,"Freud Inc, Cutting & Drilling Tool, DT402B",CUTTING & DRILLING TOOL,DIABLO® DT402B Cutting & Drilling Tool,DIABLO® Cutting & Drilling Tool,Cutting & Drilling Tool,,,,,,,,,,,,,,,,,,,,,,,,,,,Cutting & Drilling Tool,Model,DT402B,,,,,,,,,,,,,,,,,,,,,,,,,,,,,,,,,,,,,,,,,,,,,,,,,,,,,,,,,,,,,,,,,,,,,,,,,,,,,,,,,,,,,,,,,,,,,,,,,,,,,,,,,,,,,,,,,,,,,,,,,,,,,,,,,,,,,,,,,,,,,,,,,,,,,,,,,,,,,,,,,,,,,,,,DIABLO_DT402B.jpg,,,,,,,,,DIABLO_DT402B_Specification_Sheet.pdf,,,,,,,,,,,,,,,,,,No
,,,,,,46709726,Tools & Hardware,Hardware,Fasteners,2709726,DDWSSB,DDWSSB #2 Drywall Screw Setter,-- Unbranded --,-- No Unilog Brand --,Diablo,Freud Inc (2435),Freud Inc,DIABLO®,,DDWSSB,,Tools & Hardware>Hardware>Fasteners,"Freud Inc, Fastener, DDWSSB",FASTENER,DIABLO® DDWSSB Fastener,DIABLO® Fastener,Fastener,,,,,,,,,,,,,,,,,,,,,,,,,,,Fastener,Model,DDWSSB,,,,,,,,,,,,,,,,,,,,,,,,,,,,,,,,,,,,,,,,,,,,,,,,,,,,,,,,,,,,,,,,,,,,,,,,,,,,,,,,,,,,,,,,,,,,,,,,,,,,,,,,,,,,,,,,,,,,,,,,,,,,,,,,,,,,,,,,,,,,,,,,,,,,,,,,,,,,,,,,,,,,,,,,DIABLO_DDWSSB.jpg,,,,,,,,,DIABLO_DDWSSB_Specification_Sheet.pdf,,,,,,,,,,,,,,,,,,No
,,,,,,59711650,Tools & Hardware,Power Tools,Cutting & Drilling Tools,6711650,191V02-0,191V02-0 Makita #2 Phillips Bit 5pk,-- Unbranded --,-- No Unilog Brand --,-- No DIB Brand --,Makita Usa Inc (5142),Makita Usa Inc,Makita Usa Inc,,191V02-0,,Tools & Hardware>Power Tools>Cutting & Drilling Tools,"Makita Usa Inc, Cutting & Drilling Tool, 191V02-0",CUTTING & DRILLING TOOL,Makita Usa Inc 191V02-0 Cutting & Drilling Tool,Makita Usa Inc Cutting & Drilling Tool,Cutting & Drilling Tool,,,,,,,,,,,,,,,,,,,,,,,,,,,Cutting & Drilling Tool,Model,191V02-0,,,,,,,,,,,,,,,,,,,,,,,,,,,,,,,,,,,,,,,,,,,,,,,,,,,,,,,,,,,,,,,,,,,,,,,,,,,,,,,,,,,,,,,,,,,,,,,,,,,,,,,,,,,,,,,,,,,,,,,,,,,,,,,,,,,,,,,,,,,,,,,,,,,,,,,,,,,,,,,,,,,,,,,,Makita_Usa_Inc_191V02-0.jpg,,,,,,,,,Makita_Usa_Inc_191V02-0_Specification_Sheet.pdf,,,,,,,,,,,,,,,,,,No
,,,,,,87055183,Tools & Industrial Hardware,Industrial Maintenance,General Supplies,7055183,XTS02Z,"XTS02Z Makita 18V 1/4"" Narrow Crown Stapler 18GA",-- Unbranded --,-- No Unilog Brand --,-- No DIB Brand --,Makita Usa Inc (5142),Makita Usa Inc,Makita Usa Inc,,XTS02Z,,Tools & Industrial Hardware>Industrial Maintenance>General Supplies,"Makita Usa Inc, General Supplie, XTS02Z",GENERAL SUPPLIE 18V,Makita Usa Inc XTS02Z General Supplie,"Makita Usa Inc General Supplie, 18 V",General Supplie,,,,,,,,,,,,,,,,,,,,,,,,,,,General Supplie,Model,XTS02Z,,Voltage Rating,18,V,,,,,,,,,,,,,,,,,,,,,,,,,,,,,,,,,,,,,,,,,,,,,,,,,,,,,,,,,,,,,,,,,,,,,,,,,,,,,,,,,,,,,,,,,,,,,,,,,,,,,,,,,,,,,,,,,,,,,,,,,,,,,,,,,,,,,,,,,,,,,,,,,,,,,,,,,,,,,,,,,,,,Makita_Usa_Inc_XTS02Z.jpg,,,,,,,,,Makita_Usa_Inc_XTS02Z_Specification_Sheet.pdf,,,,,,,,,,,,,,,,,,No
,,,,,,18432582,Tools & Hardware,Power Tools,Cutting & Drilling Tools,1432582,DCF809D1,"DCF809D1 Dewalt Atomic 20V 1/4"" Impact Driver Kit",-- Unbranded --,-- No Unilog Brand --,DEWALT,Black & Decker/dewlt (2585),Black & Decker/dewlt,DEWALT®,,DCF809D1,,Tools & Hardware>Power Tools>Cutting & Drilling Tools,"Black & Decker/dewlt, Cutting & Drilling Tool, DCF809D1",CUTTING & DRILLING TOOL 20V,DEWALT® DCF809D1 Cutting & Drilling Tool,"DEWALT® Cutting & Drilling Tool, 20 V",Cutting & Drilling Tool,,,,,,,,,,,,,,,,,,,,,,,,,,,Cutting & Drilling Tool,Model,DCF809D1,,Voltage Rating,20,V,,,,,,,,,,,,,,,,,,,,,,,,,,,,,,,,,,,,,,,,,,,,,,,,,,,,,,,,,,,,,,,,,,,,,,,,,,,,,,,,,,,,,,,,,,,,,,,,,,,,,,,,,,,,,,,,,,,,,,,,,,,,,,,,,,,,,,,,,,,,,,,,,,,,,,,,,,,,,,,,,,,,DEWALT_DCF809D1.jpg,,,,,,,,,DEWALT_DCF809D1_Specification_Sheet.pdf,,,,,,,,,,,,,,,,,,No
,,,,,,21120687,Tools & Hardware,Power Tools,Cutting & Drilling Tools,4120687,2761-20,"2761-20 Milw M18 1/4"" Hex Hydraulic Driver",-- Unbranded --,-- No Unilog Brand --,-- No DIB Brand --,Milwaukee Accessory (4031),Milwaukee Accessory,Milwaukee Accessory,,2761-20,,Tools & Hardware>Power Tools>Cutting & Drilling Tools,"Milwaukee Accessory, Cutting & Drilling Tool, 2761-20",CUTTING & DRILLING TOOL,Milwaukee Accessory 2761-20 Cutting & Drilling Tool,Milwaukee Accessory Cutting & Drilling Tool,Cutting & Drilling Tool,,,,,,,,,,,,,,,,,,,,,,,,,,,Cutting & Drilling Tool,Model,2761-20,,,,,,,,,,,,,,,,,,,,,,,,,,,,,,,,,,,,,,,,,,,,,,,,,,,,,,,,,,,,,,,,,,,,,,,,,,,,,,,,,,,,,,,,,,,,,,,,,,,,,,,,,,,,,,,,,,,,,,,,,,,,,,,,,,,,,,,,,,,,,,,,,,,,,,,,,,,,,,,,,,,,,,,,Milwaukee_Accessory_2761-20.jpg,,,,,,,,,Milwaukee_Accessory_2761-20_Specification_Sheet.pdf,,,,,,,,,,,,,,,,,,No
,,,,,,21701395,Tools & Industrial Hardware,Industrial Maintenance,General Supplies,4701395,2761-22,2761-22 Milw M18 Surge Kit,-- Unbranded --,-- No Unilog Brand --,-- No DIB Brand --,Milwaukee Accessory (4031),Milwaukee Accessory,Milwaukee Accessory,,2761-22,,Tools & Industrial Hardware>Industrial Maintenance>General Supplies,"Milwaukee Accessory, General Supplie, 2761-22",GENERAL SUPPLIE,Milwaukee Accessory 2761-22 General Supplie,Milwaukee Accessory General Supplie,General Supplie,,,,,,,,,,,,,,,,,,,,,,,,,,,General Supplie,Model,2761-22,,,,,,,,,,,,,,,,,,,,,,,,,,,,,,,,,,,,,,,,,,,,,,,,,,,,,,,,,,,,,,,,,,,,,,,,,,,,,,,,,,,,,,,,,,,,,,,,,,,,,,,,,,,,,,,,,,,,,,,,,,,,,,,,,,,,,,,,,,,,,,,,,,,,,,,,,,,,,,,,,,,,,,,,Milwaukee_Accessory_2761-22.jpg,,,,,,,,,Milwaukee_Accessory_2761-22_Specification_Sheet.pdf,,,,,,,,,,,,,,,,,,No
,,,,,,72053877,Tools & Hardware,Power Tools,Cutting & Drilling Tools,1053877,3450-20,3450-20 Milw M12 Impact Driver - Brushless Compact (Bare),-- Unbranded --,-- No Unilog Brand --,-- No DIB Brand --,Milwaukee Accessory (4031),Milwaukee Accessory,Milwaukee Accessory,,3450-20,,Tools & Hardware>Power Tools>Cutting & Drilling Tools,"Milwaukee Accessory, Cutting & Drilling Tool, 3450-20",CUTTING & DRILLING TOOL,Milwaukee Accessory 3450-20 Cutting & Drilling Tool,Milwaukee Accessory Cutting & Drilling Tool,Cutting & Drilling Tool,,,,,,,,,,,,,,,,,,,,,,,,,,,Cutting & Drilling Tool,Model,3450-20,,,,,,,,,,,,,,,,,,,,,,,,,,,,,,,,,,,,,,,,,,,,,,,,,,,,,,,,,,,,,,,,,,,,,,,,,,,,,,,,,,,,,,,,,,,,,,,,,,,,,,,,,,,,,,,,,,,,,,,,,,,,,,,,,,,,,,,,,,,,,,,,,,,,,,,,,,,,,,,,,,,,,,,,Milwaukee_Accessory_3450-20.jpg,,,,,,,,,Milwaukee_Accessory_3450-20_Specification_Sheet.pdf,,,,,,,,,,,,,,,,,,No
,,,,,,20012061,Tools & Hardware,Power Tools,Cutting & Drilling Tools,3012061,KPTDV025A,KPTDV025A Kreg 20V Ionic Compact Impact Driver,-- Unbranded --,-- No Unilog Brand --,-- No DIB Brand --,Kreg Tool Company (KRETO),Kreg Tool Company,Kreg Tool Company,,KPTDV025A,,Tools & Hardware>Power Tools>Cutting & Drilling Tools,"Kreg Tool Company, Cutting & Drilling Tool, KPTDV025A",CUTTING & DRILLING TOOL 20V 025A,Kreg Tool Company KPTDV025A Cutting & Drilling Tool,"Kreg Tool Company Cutting & Drilling Tool, 20 V, 025 A",Cutting & Drilling Tool,,,,,,,,,,,,,,,,,,,,,,,,,,,Cutting & Drilling Tool,Model,KPTDV025A,,Voltage Rating,20,V,Amperage Rating,025,A,,,,,,,,,,,,,,,,,,,,,,,,,,,,,,,,,,,,,,,,,,,,,,,,,,,,,,,,,,,,,,,,,,,,,,,,,,,,,,,,,,,,,,,,,,,,,,,,,,,,,,,,,,,,,,,,,,,,,,,,,,,,,,,,,,,,,,,,,,,,,,,,,,,,,,,,,,,,,,,,,Kreg_Tool_Company_KPTDV025A.jpg,,,,,,,,,Kreg_Tool_Company_KPTDV025A_Specification_Sheet.pdf,,,,,,,,,,,,,,,,,,No
,,,,,,82322521,Tools & Hardware,Power Tools,Cutting & Drilling Tools,2322521,3048-20,"3048-20 Milw M12 1/4"" Impact Wrench w/Friction Ring",-- Unbranded --,-- No Unilog Brand --,-- No DIB Brand --,Milwaukee Accessory (4031),Milwaukee Accessory,Milwaukee Accessory,,3048-20,,Tools & Hardware>Power Tools>Cutting & Drilling Tools,"Milwaukee Accessory, Cutting & Drilling Tool, 3048-20",CUTTING & DRILLING TOOL,Milwaukee Accessory 3048-20 Cutting & Drilling Tool,Milwaukee Accessory Cutting & Drilling Tool,Cutting & Drilling Tool,,,,,,,,,,,,,,,,,,,,,,,,,,,Cutting & Drilling Tool,Model,3048-20,,,,,,,,,,,,,,,,,,,,,,,,,,,,,,,,,,,,,,,,,,,,,,,,,,,,,,,,,,,,,,,,,,,,,,,,,,,,,,,,,,,,,,,,,,,,,,,,,,,,,,,,,,,,,,,,,,,,,,,,,,,,,,,,,,,,,,,,,,,,,,,,,,,,,,,,,,,,,,,,,,,,,,,,Milwaukee_Accessory_3048-20.jpg,,,,,,,,,Milwaukee_Accessory_3048-20_Specification_Sheet.pdf,,,,,,,,,,,,,,,,,,No
,,,,,,93412285,Tools & Hardware,Power Tools,Cutting & Drilling Tools,4412285,3049-20,"3049-20 Milw M12 3/8"" Impact Wrench w/Friction Ring",-- Unbranded --,-- No Unilog Brand --,-- No DIB Brand --,Milwaukee Accessory (4031),Milwaukee Accessory,Milwaukee Accessory,,3049-20,,Tools & Hardware>Power Tools>Cutting & Drilling Tools,"Milwaukee Accessory, Cutting & Drilling Tool, 3049-20",CUTTING & DRILLING TOOL,Milwaukee Accessory 3049-20 Cutting & Drilling Tool,Milwaukee Accessory Cutting & Drilling Tool,Cutting & Drilling Tool,,,,,,,,,,,,,,,,,,,,,,,,,,,Cutting & Drilling Tool,Model,3049-20,,,,,,,,,,,,,,,,,,,,,,,,,,,,,,,,,,,,,,,,,,,,,,,,,,,,,,,,,,,,,,,,,,,,,,,,,,,,,,,,,,,,,,,,,,,,,,,,,,,,,,,,,,,,,,,,,,,,,,,,,,,,,,,,,,,,,,,,,,,,,,,,,,,,,,,,,,,,,,,,,,,,,,,,Milwaukee_Accessory_3049-20.jpg,,,,,,,,,Milwaukee_Accessory_3049-20_Specification_Sheet.pdf,,,,,,,,,,,,,,,,,,No
,,,,,,98211320,Tools & Hardware,Power Tools,Cutting & Drilling Tools,9211320,2563-20,"2563-20 Milw M12 Stubby 1/2"" Impact Wrench",-- Unbranded --,-- No Unilog Brand --,-- No DIB Brand --,Milwaukee Accessory (4031),Milwaukee Accessory,Milwaukee Accessory,,2563-20,2563P-20,Tools & Hardware>Power Tools>Cutting & Drilling Tools,"Milwaukee Accessory, Cutting & Drilling Tool, 2563-20",CUTTING & DRILLING TOOL,Milwaukee Accessory 2563-20 Cutting & Drilling Tool,Milwaukee Accessory Cutting & Drilling Tool,Cutting & Drilling Tool,,,,,,,,,,,,,,,,,,,,,,,,,,,Cutting & Drilling Tool,Model,2563-20,,,,,,,,,,,,,,,,,,,,,,,,,,,,,,,,,,,,,,,,,,,,,,,,,,,,,,,,,,,,,,,,,,,,,,,,,,,,,,,,,,,,,,,,,,,,,,,,,,,,,,,,,,,,,,,,,,,,,,,,,,,,,,,,,,,,,,,,,,,,,,,,,,,,,,,,,,,,,,,,,,,,,,,,Milwaukee_Accessory_2563-20.jpg,,,,,,,,,Milwaukee_Accessory_2563-20_Specification_Sheet.pdf,,,,,,,,,,,,,,,,,,No
,,,,,,19409446,Tools & Hardware,Power Tools,Cutting & Drilling Tools,2409446,DCF961B,"Dewalt DCF961B 20V 1/2"" Impact - Bare Tool",-- Unbranded --,-- No Unilog Brand --,DEWALT,Black & Decker/dewlt (2585),Black & Decker/dewlt,DEWALT®,,DCF961B,,Tools & Hardware>Power Tools>Cutting & Drilling Tools,"Black & Decker/dewlt, Cutting & Drilling Tool, DCF961B",CUTTING & DRILLING TOOL 20V,DEWALT® DCF961B Cutting & Drilling Tool,"DEWALT® Cutting & Drilling Tool, 20 V",Cutting & Drilling Tool,,,,,,,,,,,,,,,,,,,,,,,,,,,Cutting & Drilling Tool,Model,DCF961B,,Voltage Rating,20,V,,,,,,,,,,,,,,,,,,,,,,,,,,,,,,,,,,,,,,,,,,,,,,,,,,,,,,,,,,,,,,,,,,,,,,,,,,,,,,,,,,,,,,,,,,,,,,,,,,,,,,,,,,,,,,,,,,,,,,,,,,,,,,,,,,,,,,,,,,,,,,,,,,,,,,,,,,,,,,,,,,,,DEWALT_DCF961B.jpg,,,,,,,,,DEWALT_DCF961B_Specification_Sheet.pdf,,,,,,,,,,,,,,,,,,No
,,,,,,41314192,Tools & Hardware,Power Tools,Cutting & Drilling Tools,6314192,DCF964B,"DCF964B Dewalt 20V 3/4"" Impact - Wrench (Bare)",-- Unbranded --,-- No Unilog Brand --,DEWALT,Black & Decker/dewlt (2585),Black & Decker/dewlt,DEWALT®,,DCF964B,,Tools & Hardware>Power Tools>Cutting & Drilling Tools,"Black & Decker/dewlt, Cutting & Drilling Tool, DCF964B",CUTTING & DRILLING TOOL 20V,DEWALT® DCF964B Cutting & Drilling Tool,"DEWALT® Cutting & Drilling Tool, 20 V",Cutting & Drilling Tool,,,,,,,,,,,,,,,,,,,,,,,,,,,Cutting & Drilling Tool,Model,DCF964B,,Voltage Rating,20,V,,,,,,,,,,,,,,,,,,,,,,,,,,,,,,,,,,,,,,,,,,,,,,,,,,,,,,,,,,,,,,,,,,,,,,,,,,,,,,,,,,,,,,,,,,,,,,,,,,,,,,,,,,,,,,,,,,,,,,,,,,,,,,,,,,,,,,,,,,,,,,,,,,,,,,,,,,,,,,,,,,,,DEWALT_DCF964B.jpg,,,,,,,,,DEWALT_DCF964B_Specification_Sheet.pdf,,,,,,,,,,,,,,,,,,No
,,,,,,82560292,Tools & Hardware,Power Tools,Cutting & Drilling Tools,2560292,2563P-20,"2563P-20 Milw M12 1/2"" Stubby - Impact Wrench w/Pin Detent",-- Unbranded --,-- No Unilog Brand --,-- No DIB Brand --,Milwaukee Accessory (4031),Milwaukee Accessory,Milwaukee Accessory,,2563P-20,2563-20,Tools & Hardware>Power Tools>Cutting & Drilling Tools,"Milwaukee Accessory, Cutting & Drilling Tool, 2563P-20",CUTTING & DRILLING TOOL,Milwaukee Accessory 2563P-20 Cutting & Drilling Tool,Milwaukee Accessory Cutting & Drilling Tool,Cutting & Drilling Tool,,,,,,,,,,,,,,,,,,,,,,,,,,,Cutting & Drilling Tool,Model,2563P-20,,,,,,,,,,,,,,,,,,,,,,,,,,,,,,,,,,,,,,,,,,,,,,,,,,,,,,,,,,,,,,,,,,,,,,,,,,,,,,,,,,,,,,,,,,,,,,,,,,,,,,,,,,,,,,,,,,,,,,,,,,,,,,,,,,,,,,,,,,,,,,,,,,,,,,,,,,,,,,,,,,,,,,,,Milwaukee_Accessory_2563P-20.jpg,,,,,,,,,Milwaukee_Accessory_2563P-20_Specification_Sheet.pdf,,,,,,,,,,,,,,,,,,No
,,,,,,45429659,Tools & Hardware,Power Tools,Cutting & Drilling Tools,1429659,DCF921P2,DCF921P2 Dewalt 20V 1/2 Impact,-- Unbranded --,-- No Unilog Brand --,-- No DIB Brand --,Black & Decker/dewlt (2585),Black & Decker/dewlt,Black & Decker/dewlt,,DCF921P2,,Tools & Hardware>Power Tools>Cutting & Drilling Tools,"Black & Decker/dewlt, Cutting & Drilling Tool, DCF921P2",CUTTING & DRILLING TOOL 20V,Black & Decker/dewlt DCF921P2 Cutting & Drilling Tool,"Black & Decker/dewlt Cutting & Drilling Tool, 20 V",Cutting & Drilling Tool,,,,,,,,,,,,,,,,,,,,,,,,,,,Cutting & Drilling Tool,Model,DCF921P2,,Voltage Rating,20,V,,,,,,,,,,,,,,,,,,,,,,,,,,,,,,,,,,,,,,,,,,,,,,,,,,,,,,,,,,,,,,,,,,,,,,,,,,,,,,,,,,,,,,,,,,,,,,,,,,,,,,,,,,,,,,,,,,,,,,,,,,,,,,,,,,,,,,,,,,,,,,,,,,,,,,,,,,,,,,,,,,,,Black_AND_Decker/dewlt_DCF921P2.jpg,,,,,,,,,Black_AND_Decker/dewlt_DCF921P2_Specification_Sheet.pdf,,,,,,,,,,,,,,,,,,No
,,,,,,24034578,Tools & Hardware,Power Tools,Cutting & Drilling Tools,7034578,XLT03Z,"XLT03Z Makita 3/8"" 18V Angle Impact",-- Unbranded --,-- No Unilog Brand --,-- No DIB Brand --,Makita Usa Inc (5142),Makita Usa Inc,Makita Usa Inc,,XLT03Z,,Tools & Hardware>Power Tools>Cutting & Drilling Tools,"Makita Usa Inc, Cutting & Drilling Tool, XLT03Z",CUTTING & DRILLING TOOL 18V,Makita Usa Inc XLT03Z Cutting & Drilling Tool,"Makita Usa Inc Cutting & Drilling Tool, 18 V",Cutting & Drilling Tool,,,,,,,,,,,,,,,,,,,,,,,,,,,Cutting & Drilling Tool,Model,XLT03Z,,Voltage Rating,18,V,,,,,,,,,,,,,,,,,,,,,,,,,,,,,,,,,,,,,,,,,,,,,,,,,,,,,,,,,,,,,,,,,,,,,,,,,,,,,,,,,,,,,,,,,,,,,,,,,,,,,,,,,,,,,,,,,,,,,,,,,,,,,,,,,,,,,,,,,,,,,,,,,,,,,,,,,,,,,,,,,,,,Makita_Usa_Inc_XLT03Z.jpg,,,,,,,,,Makita_Usa_Inc_XLT03Z_Specification_Sheet.pdf,,,,,,,,,,,,,,,,,,No
,,,,,,23717861,Tools & Hardware,Power Tools,Cutting & Drilling Tools,6717861,XLT04Z,"XLT04Z Makita 1/4"" 18V Angle Impact",-- Unbranded --,-- No Unilog Brand --,-- No DIB Brand --,Makita Usa Inc (5142),Makita Usa Inc,Makita Usa Inc,,XLT04Z,,Tools & Hardware>Power Tools>Cutting & Drilling Tools,"Makita Usa Inc, Cutting & Drilling Tool, XLT04Z",CUTTING & DRILLING TOOL 18V,Makita Usa Inc XLT04Z Cutting & Drilling Tool,"Makita Usa Inc Cutting & Drilling Tool, 18 V",Cutting & Drilling Tool,,,,,,,,,,,,,,,,,,,,,,,,,,,Cutting & Drilling Tool,Model,XLT04Z,,Voltage Rating,18,V,,,,,,,,,,,,,,,,,,,,,,,,,,,,,,,,,,,,,,,,,,,,,,,,,,,,,,,,,,,,,,,,,,,,,,,,,,,,,,,,,,,,,,,,,,,,,,,,,,,,,,,,,,,,,,,,,,,,,,,,,,,,,,,,,,,,,,,,,,,,,,,,,,,,,,,,,,,,,,,,,,,,Makita_Usa_Inc_XLT04Z.jpg,,,,,,,,,Makita_Usa_Inc_XLT04Z_Specification_Sheet.pdf,,,,,,,,,,,,,,,,,,No
,,,,,,46095589,Tools & Hardware,Power Tools,Cutting & Drilling Tools,2095589,XLT05Z,"XLT05Z Makita 1/2"" 18V Angle Impact",-- Unbranded --,-- No Unilog Brand --,-- No DIB Brand --,Makita Usa Inc (5142),Makita Usa Inc,Makita Usa Inc,,XLT05Z,,Tools & Hardware>Power Tools>Cutting & Drilling Tools,"Makita Usa Inc, Cutting & Drilling Tool, XLT05Z",CUTTING & DRILLING TOOL 18V,Makita Usa Inc XLT05Z Cutting & Drilling Tool,"Makita Usa Inc Cutting & Drilling Tool, 18 V",Cutting & Drilling Tool,,,,,,,,,,,,,,,,,,,,,,,,,,,Cutting & Drilling Tool,Model,XLT05Z,,Voltage Rating,18,V,,,,,,,,,,,,,,,,,,,,,,,,,,,,,,,,,,,,,,,,,,,,,,,,,,,,,,,,,,,,,,,,,,,,,,,,,,,,,,,,,,,,,,,,,,,,,,,,,,,,,,,,,,,,,,,,,,,,,,,,,,,,,,,,,,,,,,,,,,,,,,,,,,,,,,,,,,,,,,,,,,,,Makita_Usa_Inc_XLT05Z.jpg,,,,,,,,,Makita_Usa_Inc_XLT05Z_Specification_Sheet.pdf,,,,,,,,,,,,,,,,,,No
,,,,,,61838881,Building Materials,Decking & Building Products,Composite Decking & Trim,8838881,DCF510B,Dewalt DCF510B 20V Rachet - Interchangeable Anvil,-- Unbranded --,-- No Unilog Brand --,DEWALT,Black & Decker/dewlt (2585),Black & Decker/dewlt,DEWALT®,,DCF510B,,Building Materials>Decking & Building Products>Composite Decking,"Black & Decker/dewlt, Composite Decking & Trim, DCF510B",COMPOSITE DECKING & TRIM 20V,DEWALT® DCF510B Composite Decking & Trim,"DEWALT® Composite Decking & Trim, 20 V",Composite Decking & Trim,,,,,,,,,,,,,,,,,,,,,,,,,,,Composite Decking & Trim,Model,DCF510B,,Voltage Rating,20,V,,,,,,,,,,,,,,,,,,,,,,,,,,,,,,,,,,,,,,,,,,,,,,,,,,,,,,,,,,,,,,,,,,,,,,,,,,,,,,,,,,,,,,,,,,,,,,,,,,,,,,,,,,,,,,,,,,,,,,,,,,,,,,,,,,,,,,,,,,,,,,,,,,,,,,,,,,,,,,,,,,,,DEWALT_DCF510B.jpg,,,,,,,,,DEWALT_DCF510B_Specification_Sheet.pdf,,,,,,,,,,,,,,,,,,No
,,,,,,99213836,Tools & Industrial Hardware,Industrial Maintenance,General Supplies,1213836,3052-20,"3052-20 Milw M12 Fuel 1/4"" Rachet",-- Unbranded --,-- No Unilog Brand --,-- No DIB Brand --,Milwaukee Accessory (4031),Milwaukee Accessory,Milwaukee Accessory,,3052-20,,Tools & Industrial Hardware>Industrial Maintenance>General Supplies,"Milwaukee Accessory, General Supplie, 3052-20",GENERAL SUPPLIE,Milwaukee Accessory 3052-20 General Supplie,Milwaukee Accessory General Supplie,General Supplie,,,,,,,,,,,,,,,,,,,,,,,,,,,General Supplie,Model,3052-20,,,,,,,,,,,,,,,,,,,,,,,,,,,,,,,,,,,,,,,,,,,,,,,,,,,,,,,,,,,,,,,,,,,,,,,,,,,,,,,,,,,,,,,,,,,,,,,,,,,,,,,,,,,,,,,,,,,,,,,,,,,,,,,,,,,,,,,,,,,,,,,,,,,,,,,,,,,,,,,,,,,,,,,,Milwaukee_Accessory_3052-20.jpg,,,,,,,,,Milwaukee_Accessory_3052-20_Specification_Sheet.pdf,,,,,,,,,,,,,,,,,,No
,,,,,,27981771,Tools & Industrial Hardware,Industrial Maintenance,General Supplies,1981771,3054-20,"3054-20 Milw M12 1/2"" Ratchet (Bare)",-- Unbranded --,-- No Unilog Brand --,-- No DIB Brand --,Milwaukee Accessory (4031),Milwaukee Accessory,Milwaukee Accessory,,3054-20,,Tools & Industrial Hardware>Industrial Maintenance>General Supplies,"Milwaukee Accessory, General Supplie, 3054-20",GENERAL SUPPLIE,Milwaukee Accessory 3054-20 General Supplie,Milwaukee Accessory General Supplie,General Supplie,,,,,,,,,,,,,,,,,,,,,,,,,,,General Supplie,Model,3054-20,,,,,,,,,,,,,,,,,,,,,,,,,,,,,,,,,,,,,,,,,,,,,,,,,,,,,,,,,,,,,,,,,,,,,,,,,,,,,,,,,,,,,,,,,,,,,,,,,,,,,,,,,,,,,,,,,,,,,,,,,,,,,,,,,,,,,,,,,,,,,,,,,,,,,,,,,,,,,,,,,,,,,,,,Milwaukee_Accessory_3054-20.jpg,,,,,,,,,Milwaukee_Accessory_3054-20_Specification_Sheet.pdf,,,,,,,,,,,,,,,,,,No
,,,,,,76426962,Building Materials,Decking & Building Products,Composite Decking & Trim,5426962,DCF513EB,"DCF513EB Dewalt 3/8"" Open Head Rachet",-- Unbranded --,-- No Unilog Brand --,-- No DIB Brand --,Black & Decker/dewlt (2585),Black & Decker/dewlt,Black & Decker/dewlt,,DCF513EB,,Building Materials>Decking & Building Products>Composite Decking,"Black & Decker/dewlt, Composite Decking & Trim, DCF513EB",COMPOSITE DECKING & TRIM,Black & Decker/dewlt DCF513EB Composite Decking & Trim,Black & Decker/dewlt Composite Decking & Trim,Composite Decking & Trim,,,,,,,,,,,,,,,,,,,,,,,,,,,Composite Decking & Trim,Model,DCF513EB,,,,,,,,,,,,,,,,,,,,,,,,,,,,,,,,,,,,,,,,,,,,,,,,,,,,,,,,,,,,,,,,,,,,,,,,,,,,,,,,,,,,,,,,,,,,,,,,,,,,,,,,,,,,,,,,,,,,,,,,,,,,,,,,,,,,,,,,,,,,,,,,,,,,,,,,,,,,,,,,,,,,,,,,Black_AND_Decker/dewlt_DCF513EB.jpg,,,,,,,,,Black_AND_Decker/dewlt_DCF513EB_Specification_Sheet.pdf,,,,,,,,,,,,,,,,,,No
,,,,,,67534077,Tools & Hardware,Power Tools,Cutting & Drilling Tools,5534077,XVP01Z,"XVP01Z Makita 18V 3"" Polisher/ 2"" Sander",-- Unbranded --,-- No Unilog Brand --,-- No DIB Brand --,Makita Usa Inc (5142),Makita Usa Inc,Makita Usa Inc,,XVP01Z,,Tools & Hardware>Power Tools>Cutting & Drilling Tools,"Makita Usa Inc, Cutting & Drilling Tool, XVP01Z",CUTTING & DRILLING TOOL 18V,Makita Usa Inc XVP01Z Cutting & Drilling Tool,"Makita Usa Inc Cutting & Drilling Tool, 18 V",Cutting & Drilling Tool,,,,,,,,,,,,,,,,,,,,,,,,,,,Cutting & Drilling Tool,Model,XVP01Z,,Voltage Rating,18,V,,,,,,,,,,,,,,,,,,,,,,,,,,,,,,,,,,,,,,,,,,,,,,,,,,,,,,,,,,,,,,,,,,,,,,,,,,,,,,,,,,,,,,,,,,,,,,,,,,,,,,,,,,,,,,,,,,,,,,,,,,,,,,,,,,,,,,,,,,,,,,,,,,,,,,,,,,,,,,,,,,,,Makita_Usa_Inc_XVP01Z.jpg,,,,,,,,,Makita_Usa_Inc_XVP01Z_Specification_Sheet.pdf,,,,,,,,,,,,,,,,,,No
,,,,,,76638793,Building Materials,Decking & Building Products,Composite Decking & Trim,5638793,DCM200B,DCM200B Dewalt 1/2in x 18in - Band File,-- Unbranded --,-- No Unilog Brand --,DEWALT,Black & Decker/dewlt (2585),Black & Decker/dewlt,DEWALT®,,DCM200B,,Building Materials>Decking & Building Products>Composite Decking,"Black & Decker/dewlt, Composite Decking & Trim, DCM200B",COMPOSITE DECKING & TRIM,DEWALT® DCM200B Composite Decking & Trim,DEWALT® Composite Decking & Trim,Composite Decking & Trim,,,,,,,,,,,,,,,,,,,,,,,,,,,Composite Decking & Trim,Model,DCM200B,,,,,,,,,,,,,,,,,,,,,,,,,,,,,,,,,,,,,,,,,,,,,,,,,,,,,,,,,,,,,,,,,,,,,,,,,,,,,,,,,,,,,,,,,,,,,,,,,,,,,,,,,,,,,,,,,,,,,,,,,,,,,,,,,,,,,,,,,,,,,,,,,,,,,,,,,,,,,,,,,,,,,,,,DEWALT_DCM200B.jpg,,,,,,,,,DEWALT_DCM200B_Specification_Sheet.pdf,,,,,,,,,,,,,,,,,,No
,,,,,,46727401,Tools & Hardware,Power Tools,Cutting & Drilling Tools,2727401,DCG410B,"DCG410B Dewalt 20V 4-1/2""-5"" - Angle Grinder (Bare)",-- Unbranded --,-- No Unilog Brand --,DEWALT,Black & Decker/dewlt (2585),Black & Decker/dewlt,DEWALT®,,DCG410B,,Tools & Hardware>Power Tools>Cutting & Drilling Tools,"Black & Decker/dewlt, Cutting & Drilling Tool, DCG410B",CUTTING & DRILLING TOOL 20V,DEWALT® DCG410B Cutting & Drilling Tool,"DEWALT® Cutting & Drilling Tool, 20 V",Cutting & Drilling Tool,,,,,,,,,,,,,,,,,,,,,,,,,,,Cutting & Drilling Tool,Model,DCG410B,,Voltage Rating,20,V,,,,,,,,,,,,,,,,,,,,,,,,,,,,,,,,,,,,,,,,,,,,,,,,,,,,,,,,,,,,,,,,,,,,,,,,,,,,,,,,,,,,,,,,,,,,,,,,,,,,,,,,,,,,,,,,,,,,,,,,,,,,,,,,,,,,,,,,,,,,,,,,,,,,,,,,,,,,,,,,,,,,DEWALT_DCG410B.jpg,,,,,,,,,DEWALT_DCG410B_Specification_Sheet.pdf,,,,,,,,,,,,,,,,,,No
,,,,,,89751366,Tools & Hardware,Power Tools,Cutting & Drilling Tools,9751366,DCG460B,"DCG460B Dewalt 60V Grinder - 7-9""",-- Unbranded --,-- No Unilog Brand --,DEWALT,Black & Decker/dewlt (2585),Black & Decker/dewlt,DEWALT®,,DCG460B,,Tools & Hardware>Power Tools>Cutting & Drilling Tools,"Black & Decker/dewlt, Cutting & Drilling Tool, DCG460B",CUTTING & DRILLING TOOL 60V,DEWALT® DCG460B Cutting & Drilling Tool,"DEWALT® Cutting & Drilling Tool, 60 V",Cutting & Drilling Tool,,,,,,,,,,,,,,,,,,,,,,,,,,,Cutting & Drilling Tool,Model,DCG460B,,Voltage Rating,60,V,,,,,,,,,,,,,,,,,,,,,,,,,,,,,,,,,,,,,,,,,,,,,,,,,,,,,,,,,,,,,,,,,,,,,,,,,,,,,,,,,,,,,,,,,,,,,,,,,,,,,,,,,,,,,,,,,,,,,,,,,,,,,,,,,,,,,,,,,,,,,,,,,,,,,,,,,,,,,,,,,,,,DEWALT_DCG460B.jpg,,,,,,,,,DEWALT_DCG460B_Specification_Sheet.pdf,,,,,,,,,,,,,,,,,,No
,,,,,,26403269,Tools & Hardware,Power Tools,Cutting & Drilling Tools,9403269,DCG402B,"DCG402B Dewalt 20V 4.5"" Angle Grinder (Bare)",-- Unbranded --,-- No Unilog Brand --,-- No DIB Brand --,Black & Decker/dewlt (2585),Black & Decker/dewlt,Black & Decker/dewlt,,DCG402B,,Tools & Hardware>Power Tools>Cutting & Drilling Tools,"Black & Decker/dewlt, Cutting & Drilling Tool, DCG402B",CUTTING & DRILLING TOOL 20V,Black & Decker/dewlt DCG402B Cutting & Drilling Tool,"Black & Decker/dewlt Cutting & Drilling Tool, 20 V",Cutting & Drilling Tool,,,,,,,,,,,,,,,,,,,,,,,,,,,Cutting & Drilling Tool,Model,DCG402B,,Voltage Rating,20,V,,,,,,,,,,,,,,,,,,,,,,,,,,,,,,,,,,,,,,,,,,,,,,,,,,,,,,,,,,,,,,,,,,,,,,,,,,,,,,,,,,,,,,,,,,,,,,,,,,,,,,,,,,,,,,,,,,,,,,,,,,,,,,,,,,,,,,,,,,,,,,,,,,,,,,,,,,,,,,,,,,,,Black_AND_Decker/dewlt_DCG402B.jpg,,,,,,,,,Black_AND_Decker/dewlt_DCG402B_Specification_Sheet.pdf,,,,,,,,,,,,,,,,,,No
,,,,,,32362859,Tools & Hardware,Power Tools,Cutting & Drilling Tools,6362859,3485-20,"3485-20 Milw M12 1/4"" Right Angle Die Grinder",-- Unbranded --,-- No Unilog Brand --,-- No DIB Brand --,Milwaukee Accessory (4031),Milwaukee Accessory,Milwaukee Accessory,,3485-20,,Tools & Hardware>Power Tools>Cutting & Drilling Tools,"Milwaukee Accessory, Cutting & Drilling Tool, 3485-20",CUTTING & DRILLING TOOL,Milwaukee Accessory 3485-20 Cutting & Drilling Tool,Milwaukee Accessory Cutting & Drilling Tool,Cutting & Drilling Tool,,,,,,,,,,,,,,,,,,,,,,,,,,,Cutting & Drilling Tool,Model,3485-20,,,,,,,,,,,,,,,,,,,,,,,,,,,,,,,,,,,,,,,,,,,,,,,,,,,,,,,,,,,,,,,,,,,,,,,,,,,,,,,,,,,,,,,,,,,,,,,,,,,,,,,,,,,,,,,,,,,,,,,,,,,,,,,,,,,,,,,,,,,,,,,,,,,,,,,,,,,,,,,,,,,,,,,,Milwaukee_Accessory_3485-20.jpg,,,,,,,,,Milwaukee_Accessory_3485-20_Specification_Sheet.pdf,,,,,,,,,,,,,,,,,,No
,,,,,,66224253,Tools & Hardware,Power Tools,Cutting & Drilling Tools,4224253,DCG420B,DCG420B Dewalt 20V Die Grinder (Bare),-- Unbranded --,-- No Unilog Brand --,-- No DIB Brand --,Black & Decker/dewlt (2585),Black & Decker/dewlt,Black & Decker/dewlt,,DCG420B,,Tools & Hardware>Power Tools>Cutting & Drilling Tools,"Black & Decker/dewlt, Cutting & Drilling Tool, DCG420B",CUTTING & DRILLING TOOL 20V,Black & Decker/dewlt DCG420B Cutting & Drilling Tool,"Black & Decker/dewlt Cutting & Drilling Tool, 20 V",Cutting & Drilling Tool,,,,,,,,,,,,,,,,,,,,,,,,,,,Cutting & Drilling Tool,Model,DCG420B,,Voltage Rating,20,V,,,,,,,,,,,,,,,,,,,,,,,,,,,,,,,,,,,,,,,,,,,,,,,,,,,,,,,,,,,,,,,,,,,,,,,,,,,,,,,,,,,,,,,,,,,,,,,,,,,,,,,,,,,,,,,,,,,,,,,,,,,,,,,,,,,,,,,,,,,,,,,,,,,,,,,,,,,,,,,,,,,,Black_AND_Decker/dewlt_DCG420B.jpg,,,,,,,,,Black_AND_Decker/dewlt_DCG420B_Specification_Sheet.pdf,,,,,,,,,,,,,,,,,,No
,,,,,,76201194,Tools & Hardware,Power Tools,Cutting & Drilling Tools,5201194,DCG422B,DCG422B Dewalt 20V Right Angle Die Grinder (Bare),-- Unbranded --,-- No Unilog Brand --,-- No DIB Brand --,Black & Decker/dewlt (2585),Black & Decker/dewlt,Black & Decker/dewlt,,DCG422B,,Tools & Hardware>Power Tools>Cutting & Drilling Tools,"Black & Decker/dewlt, Cutting & Drilling Tool, DCG422B",CUTTING & DRILLING TOOL 20V,Black & Decker/dewlt DCG422B Cutting & Drilling Tool,"Black & Decker/dewlt Cutting & Drilling Tool, 20 V",Cutting & Drilling Tool,,,,,,,,,,,,,,,,,,,,,,,,,,,Cutting & Drilling Tool,Model,DCG422B,,Voltage Rating,20,V,,,,,,,,,,,,,,,,,,,,,,,,,,,,,,,,,,,,,,,,,,,,,,,,,,,,,,,,,,,,,,,,,,,,,,,,,,,,,,,,,,,,,,,,,,,,,,,,,,,,,,,,,,,,,,,,,,,,,,,,,,,,,,,,,,,,,,,,,,,,,,,,,,,,,,,,,,,,,,,,,,,,Black_AND_Decker/dewlt_DCG422B.jpg,,,,,,,,,Black_AND_Decker/dewlt_DCG422B_Specification_Sheet.pdf,,,,,,,,,,,,,,,,,,No
,,,,,,61311045,Tools & Industrial Hardware,Industrial Maintenance,General Supplies,8311045,924422,924422 Mafell Carpentry - Planing Machine ZH 320 Ec 120V,-- Unbranded --,-- No Unilog Brand --,-- No DIB Brand --,-,,,,924422,,Tools & Industrial Hardware>Industrial Maintenance>General Supplies,", General Supplie, 924422",GENERAL SUPPLIE 120V,924422 General Supplie,"General Supplie, 120 V",General Supplie,,,,,,,,,,,,,,,,,,,,,,,,,,,General Supplie,Model,924422,,Voltage Rating,120,V,,,,,,,,,,,,,,,,,,,,,,,,,,,,,,,,,,,,,,,,,,,,,,,,,,,,,,,,,,,,,,,,,,,,,,,,,,,,,,,,,,,,,,,,,,,,,,,,,,,,,,,,,,,,,,,,,,,,,,,,,,,,,,,,,,,,,,,,,,,,,,,,,,,,,,,,,,,,,,,,,,,,PRODUCT_924422.jpg,,,,,,,,,PRODUCT_924422_Specification_Sheet.pdf,,,,,,,,,,,,,,,,,,No
,,,,,,33454709,Tools & Hardware,Power Tools,Cutting & Drilling Tools,7454709,DCW620B,DCW620B Dewalt 20V Plunge - Router,-- Unbranded --,-- No Unilog Brand --,-- No DIB Brand --,Black & Decker/dewlt (2585),Black & Decker/dewlt,Black & Decker/dewlt,,DCW620B,,Tools & Hardware>Power Tools>Cutting & Drilling Tools,"Black & Decker/dewlt, Cutting & Drilling Tool, DCW620B",CUTTING & DRILLING TOOL 20V,Black & Decker/dewlt DCW620B Cutting & Drilling Tool,"Black & Decker/dewlt Cutting & Drilling Tool, 20 V",Cutting & Drilling Tool,,,,,,,,,,,,,,,,,,,,,,,,,,,Cutting & Drilling Tool,Model,DCW620B,,Voltage Rating,20,V,,,,,,,,,,,,,,,,,,,,,,,,,,,,,,,,,,,,,,,,,,,,,,,,,,,,,,,,,,,,,,,,,,,,,,,,,,,,,,,,,,,,,,,,,,,,,,,,,,,,,,,,,,,,,,,,,,,,,,,,,,,,,,,,,,,,,,,,,,,,,,,,,,,,,,,,,,,,,,,,,,,,Black_AND_Decker/dewlt_DCW620B.jpg,,,,,,,,,Black_AND_Decker/dewlt_DCW620B_Specification_Sheet.pdf,,,,,,,,,,,,,,,,,,No
,,,,,,14298654,Tools & Hardware,Power Tools,Cutting & Drilling Tools,6298654,2535-20,"2535-20 Milw 3"" Orbit Sander - M12",-- Unbranded --,-- No Unilog Brand --,-- No DIB Brand --,Milwaukee Accessory (4031),Milwaukee Accessory,Milwaukee Accessory,,2535-20,,Tools & Hardware>Power Tools>Cutting & Drilling Tools,"Milwaukee Accessory, Cutting & Drilling Tool, 2535-20",CUTTING & DRILLING TOOL,Milwaukee Accessory 2535-20 Cutting & Drilling Tool,Milwaukee Accessory Cutting & Drilling Tool,Cutting & Drilling Tool,,,,,,,,,,,,,,,,,,,,,,,,,,,Cutting & Drilling Tool,Model,2535-20,,,,,,,,,,,,,,,,,,,,,,,,,,,,,,,,,,,,,,,,,,,,,,,,,,,,,,,,,,,,,,,,,,,,,,,,,,,,,,,,,,,,,,,,,,,,,,,,,,,,,,,,,,,,,,,,,,,,,,,,,,,,,,,,,,,,,,,,,,,,,,,,,,,,,,,,,,,,,,,,,,,,,,,,Milwaukee_Accessory_2535-20.jpg,,,,,,,,,Milwaukee_Accessory_2535-20_Specification_Sheet.pdf,,,,,,,,,,,,,,,,,,No
,,,,,,87898797,Tools & Hardware,Power Tools,Cutting & Drilling Tools,7898797,2837-20,"2837-20 Milw M18 5"" Sander - Orbital (Bare)",-- Unbranded --,-- No Unilog Brand --,Milwaukee,Milwaukee Accessory (4031),Milwaukee Accessory,MILWAUKEE®,,2837-20,,Tools & Hardware>Power Tools>Cutting & Drilling Tools,"Milwaukee Accessory, Cutting & Drilling Tool, 2837-20",CUTTING & DRILLING TOOL,MILWAUKEE® 2837-20 Cutting & Drilling Tool,MILWAUKEE® Cutting & Drilling Tool,Cutting & Drilling Tool,,,,,,,,,,,,,,,,,,,,,,,,,,,Cutting & Drilling Tool,Model,2837-20,,,,,,,,,,,,,,,,,,,,,,,,,,,,,,,,,,,,,,,,,,,,,,,,,,,,,,,,,,,,,,,,,,,,,,,,,,,,,,,,,,,,,,,,,,,,,,,,,,,,,,,,,,,,,,,,,,,,,,,,,,,,,,,,,,,,,,,,,,,,,,,,,,,,,,,,,,,,,,,,,,,,,,,,MILWAUKEE_2837-20.jpg,,,,,,,,,MILWAUKEE_2837-20_Specification_Sheet.pdf,,,,,,,,,,,,,,,,,,No
,,,,,,89280440,Tools & Hardware,Power Tools,Cutting & Drilling Tools,9280440,577728,577728 Festool Cordless Sander - ETSC 2 150 I-Plus,-- Unbranded --,-- No Unilog Brand --,-- No DIB Brand --,Festool USA (FESTO),Festool USA,Festool USA,,577728,,Tools & Hardware>Power Tools>Cutting & Drilling Tools,"Festool USA, Cutting & Drilling Tool, 577728",CUTTING & DRILLING TOOL,Festool USA 577728 Cutting & Drilling Tool,Festool USA Cutting & Drilling Tool,Cutting & Drilling Tool,,,,,,,,,,,,,,,,,,,,,,,,,,,Cutting & Drilling Tool,Model,577728,,,,,,,,,,,,,,,,,,,,,,,,,,,,,,,,,,,,,,,,,,,,,,,,,,,,,,,,,,,,,,,,,,,,,,,,,,,,,,,,,,,,,,,,,,,,,,,,,,,,,,,,,,,,,,,,,,,,,,,,,,,,,,,,,,,,,,,,,,,,,,,,,,,,,,,,,,,,,,,,,,,,,,,,Festool_USA_577728.jpg,,,,,,,,,Festool_USA_577728_Specification_Sheet.pdf,,,,,,,,,,,,,,,,,,No
,,,,,,50527777,Tools & Hardware,Power Tools,Cutting & Drilling Tools,6527777,577738,577738 Festool Cordless Sander - ETSC 2 125 I-Plus,-- Unbranded --,-- No Unilog Brand --,-- No DIB Brand --,Festool USA (FESTO),Festool USA,Festool USA,,577738,,Tools & Hardware>Power Tools>Cutting & Drilling Tools,"Festool USA, Cutting & Drilling Tool, 577738",CUTTING & DRILLING TOOL,Festool USA 577738 Cutting & Drilling Tool,Festool USA Cutting & Drilling Tool,Cutting & Drilling Tool,,,,,,,,,,,,,,,,,,,,,,,,,,,Cutting & Drilling Tool,Model,577738,,,,,,,,,,,,,,,,,,,,,,,,,,,,,,,,,,,,,,,,,,,,,,,,,,,,,,,,,,,,,,,,,,,,,,,,,,,,,,,,,,,,,,,,,,,,,,,,,,,,,,,,,,,,,,,,,,,,,,,,,,,,,,,,,,,,,,,,,,,,,,,,,,,,,,,,,,,,,,,,,,,,,,,,Festool_USA_577738.jpg,,,,,,,,,Festool_USA_577738_Specification_Sheet.pdf,,,,,,,,,,,,,,,,,,No
,,,,,,35511168,Tools & Hardware,Power Tools,Cutting & Drilling Tools,9511168,KPTRS500A,"KPTRS500A Kreg 20V Ionic 5"" Random Orbit Sander",-- Unbranded --,-- No Unilog Brand --,-- No DIB Brand --,Kreg Tool Company (KRETO),Kreg Tool Company,Kreg Tool Company,,KPTRS500A,,Tools & Hardware>Power Tools>Cutting & Drilling Tools,"Kreg Tool Company, Cutting & Drilling Tool, KPTRS500A",CUTTING & DRILLING TOOL 20V 500A,Kreg Tool Company KPTRS500A Cutting & Drilling Tool,"Kreg Tool Company Cutting & Drilling Tool, 20 V, 500 A",Cutting & Drilling Tool,,,,,,,,,,,,,,,,,,,,,,,,,,,Cutting & Drilling Tool,Model,KPTRS500A,,Voltage Rating,20,V,Amperage Rating,500,A,,,,,,,,,,,,,,,,,,,,,,,,,,,,,,,,,,,,,,,,,,,,,,,,,,,,,,,,,,,,,,,,,,,,,,,,,,,,,,,,,,,,,,,,,,,,,,,,,,,,,,,,,,,,,,,,,,,,,,,,,,,,,,,,,,,,,,,,,,,,,,,,,,,,,,,,,,,,,,,,,Kreg_Tool_Company_KPTRS500A.jpg,,,,,,,,,Kreg_Tool_Company_KPTRS500A_Specification_Sheet.pdf,,,,,,,,,,,,,,,,,,No
,,,,,,59373242,Abrasives & Industrial,Abrasive Products,Sanding & Grinding Discs,6373242,24-35M-320,"24-35M-320 Iridium Grip - 3.2"" x 5.2"" Grip",-- Unbranded --,-- No Unilog Brand --,-- No DIB Brand --,Mirka Abrasives Inc (MIRUS),Mirka Abrasives Inc,Mirka Abrasives Inc,,24-35M-320,,Abrasives & Industrial>Abrasive Products>Discs & Sheets,"Mirka Abrasives Inc, Sanding & Grinding Disc, 24-35M-320",SANDING & GRINDING DISC,Mirka Abrasives Inc 24-35M-320 Sanding & Grinding Disc,Mirka Abrasives Inc Sanding & Grinding Disc,Sanding & Grinding Disc,,,,,,,,,,,,,,,,,,,,,,,,,,,Sanding & Grinding Disc,Model,24-35M-320,,,,,,,,,,,,,,,,,,,,,,,,,,,,,,,,,,,,,,,,,,,,,,,,,,,,,,,,,,,,,,,,,,,,,,,,,,,,,,,,,,,,,,,,,,,,,,,,,,,,,,,,,,,,,,,,,,,,,,,,,,,,,,,,,,,,,,,,,,,,,,,,,,,,,,,,,,,,,,,,,,,,,,,,Mirka_Abrasives_Inc_24-35M-320.jpg,,,,,,,,,Mirka_Abrasives_Inc_24-35M-320_Specification_Sheet.pdf,,,,,,,,,,,,,,,,,,No
,,,,,,75124073,Abrasives & Industrial,Abrasive Products,Sanding & Grinding Discs,4124073,9A-129-120,9A-129-120 Abranet 3x4 - 50 Sheets/Box,-- Unbranded --,-- No Unilog Brand --,-- No DIB Brand --,Mirka Abrasives Inc (MIRUS),Mirka Abrasives Inc,Mirka Abrasives Inc,,9A-129-120,,Abrasives & Industrial>Abrasive Products>Discs & Sheets,"Mirka Abrasives Inc, Sanding & Grinding Disc, 9A-129-120",SANDING & GRINDING DISC 9A,Mirka Abrasives Inc 9A-129-120 Sanding & Grinding Disc,"Mirka Abrasives Inc Sanding & Grinding Disc, 9 A",Sanding & Grinding Disc,,,,,,,,,,,,,,,,,,,,,,,,,,,Sanding & Grinding Disc,Model,9A-129-120,,Amperage Rating,9,A,,,,,,,,,,,,,,,,,,,,,,,,,,,,,,,,,,,,,,,,,,,,,,,,,,,,,,,,,,,,,,,,,,,,,,,,,,,,,,,,,,,,,,,,,,,,,,,,,,,,,,,,,,,,,,,,,,,,,,,,,,,,,,,,,,,,,,,,,,,,,,,,,,,,,,,,,,,,,,,,,,,,Mirka_Abrasives_Inc_9A-129-120.jpg,,,,,,,,,Mirka_Abrasives_Inc_9A-129-120_Specification_Sheet.pdf,,,,,,,,,,,,,,,,,,No
,,,,,,22232097,Tools & Industrial Hardware,Industrial Maintenance,General Supplies,5232097,578800,578800 Festool 80x133 M GR PRO/10,-- Unbranded --,-- No Unilog Brand --,-- No DIB Brand --,Festool USA (FESTO),Festool USA,Festool USA,,578800,,Tools & Industrial Hardware>Industrial Maintenance>General Supplies,"Festool USA, General Supplie, 578800",GENERAL SUPPLIE,Festool USA 578800 General Supplie,Festool USA General Supplie,General Supplie,,,,,,,,,,,,,,,,,,,,,,,,,,,General Supplie,Model,578800,,,,,,,,,,,,,,,,,,,,,,,,,,,,,,,,,,,,,,,,,,,,,,,,,,,,,,,,,,,,,,,,,,,,,,,,,,,,,,,,,,,,,,,,,,,,,,,,,,,,,,,,,,,,,,,,,,,,,,,,,,,,,,,,,,,,,,,,,,,,,,,,,,,,,,,,,,,,,,,,,,,,,,,,Festool_USA_578800.jpg,,,,,,,,,Festool_USA_578800_Specification_Sheet.pdf,,,,,,,,,,,,,,,,,,No
,,,,,,17276820,Tools & Industrial Hardware,Industrial Maintenance,General Supplies,9276820,578801,578801 Festool 80x133 F GR PRO/10,-- Unbranded --,-- No Unilog Brand --,-- No DIB Brand --,Festool USA (FESTO),Festool USA,Festool USA,,578801,,Tools & Industrial Hardware>Industrial Maintenance>General Supplies,"Festool USA, General Supplie, 578801",GENERAL SUPPLIE,Festool USA 578801 General Supplie,Festool USA General Supplie,General Supplie,,,,,,,,,,,,,,,,,,,,,,,,,,,General Supplie,Model,578801,,,,,,,,,,,,,,,,,,,,,,,,,,,,,,,,,,,,,,,,,,,,,,,,,,,,,,,,,,,,,,,,,,,,,,,,,,,,,,,,,,,,,,,,,,,,,,,,,,,,,,,,,,,,,,,,,,,,,,,,,,,,,,,,,,,,,,,,,,,,,,,,,,,,,,,,,,,,,,,,,,,,,,,,Festool_USA_578801.jpg,,,,,,,,,Festool_USA_578801_Specification_Sheet.pdf,,,,,,,,,,,,,,,,,,No
,,,,,,27209289,Tools & Industrial Hardware,Industrial Maintenance,General Supplies,1209289,578802,578802 Festool 80x133 S GR PRO/10,-- Unbranded --,-- No Unilog Brand --,-- No DIB Brand --,Festool USA (FESTO),Festool USA,Festool USA,,578802,,Tools & Industrial Hardware>Industrial Maintenance>General Supplies,"Festool USA, General Supplie, 578802",GENERAL SUPPLIE,Festool USA 578802 General Supplie,Festool USA General Supplie,General Supplie,,,,,,,,,,,,,,,,,,,,,,,,,,,General Supplie,Model,578802,,,,,,,,,,,,,,,,,,,,,,,,,,,,,,,,,,,,,,,,,,,,,,,,,,,,,,,,,,,,,,,,,,,,,,,,,,,,,,,,,,,,,,,,,,,,,,,,,,,,,,,,,,,,,,,,,,,,,,,,,,,,,,,,,,,,,,,,,,,,,,,,,,,,,,,,,,,,,,,,,,,,,,,,Festool_USA_578802.jpg,,,,,,,,,Festool_USA_578802_Specification_Sheet.pdf,,,,,,,,,,,,,,,,,,No
,,,,,,19438192,Tools & Industrial Hardware,Industrial Maintenance,General Supplies,2438192,578808,578808 Festool 3x4 M GR PRO/10,-- Unbranded --,-- No Unilog Brand --,-- No DIB Brand --,Festool USA (FESTO),Festool USA,Festool USA,,578808,,Tools & Industrial Hardware>Industrial Maintenance>General Supplies,"Festool USA, General Supplie, 578808",GENERAL SUPPLIE,Festool USA 578808 General Supplie,Festool USA General Supplie,General Supplie,,,,,,,,,,,,,,,,,,,,,,,,,,,General Supplie,Model,578808,,,,,,,,,,,,,,,,,,,,,,,,,,,,,,,,,,,,,,,,,,,,,,,,,,,,,,,,,,,,,,,,,,,,,,,,,,,,,,,,,,,,,,,,,,,,,,,,,,,,,,,,,,,,,,,,,,,,,,,,,,,,,,,,,,,,,,,,,,,,,,,,,,,,,,,,,,,,,,,,,,,,,,,,Festool_USA_578808.jpg,,,,,,,,,Festool_USA_578808_Specification_Sheet.pdf,,,,,,,,,,,,,,,,,,No
,,,,,,97299619,Tools & Industrial Hardware,Industrial Maintenance,General Supplies,8299619,578809,578809 Festool 3x4 F GR PRO/10,-- Unbranded --,-- No Unilog Brand --,-- No DIB Brand --,Festool USA (FESTO),Festool USA,Festool USA,,578809,,Tools & Industrial Hardware>Industrial Maintenance>General Supplies,"Festool USA, General Supplie, 578809",GENERAL SUPPLIE,Festool USA 578809 General Supplie,Festool USA General Supplie,General Supplie,,,,,,,,,,,,,,,,,,,,,,,,,,,General Supplie,Model,578809,,,,,,,,,,,,,,,,,,,,,,,,,,,,,,,,,,,,,,,,,,,,,,,,,,,,,,,,,,,,,,,,,,,,,,,,,,,,,,,,,,,,,,,,,,,,,,,,,,,,,,,,,,,,,,,,,,,,,,,,,,,,,,,,,,,,,,,,,,,,,,,,,,,,,,,,,,,,,,,,,,,,,,,,Festool_USA_578809.jpg,,,,,,,,,Festool_USA_578809_Specification_Sheet.pdf,,,,,,,,,,,,,,,,,,No
,,,,,,54767937,Tools & Industrial Hardware,Industrial Maintenance,General Supplies,1767937,578810,578810 Festool 3x4 S GR PRO/10,-- Unbranded --,-- No Unilog Brand --,-- No DIB Brand --,Festool USA (FESTO),Festool USA,Festool USA,,578810,,Tools & Industrial Hardware>Industrial Maintenance>General Supplies,"Festool USA, General Supplie, 578810",GENERAL SUPPLIE,Festool USA 578810 General Supplie,Festool USA General Supplie,General Supplie,,,,,,,,,,,,,,,,,,,,,,,,,,,General Supplie,Model,578810,,,,,,,,,,,,,,,,,,,,,,,,,,,,,,,,,,,,,,,,,,,,,,,,,,,,,,,,,,,,,,,,,,,,,,,,,,,,,,,,,,,,,,,,,,,,,,,,,,,,,,,,,,,,,,,,,,,,,,,,,,,,,,,,,,,,,,,,,,,,,,,,,,,,,,,,,,,,,,,,,,,,,,,,Festool_USA_578810.jpg,,,,,,,,,Festool_USA_578810_Specification_Sheet.pdf,,,,,,,,,,,,,,,,,,No
,,,,,,10885573,Tools & Industrial Hardware,Industrial Maintenance,General Supplies,2885573,578811,578811 Festool 3x4 GR PRO/10-Set,-- Unbranded --,-- No Unilog Brand --,-- No DIB Brand --,Festool USA (FESTO),Festool USA,Festool USA,,578811,,Tools & Industrial Hardware>Industrial Maintenance>General Supplies,"Festool USA, General Supplie, 578811",GENERAL SUPPLIE,Festool USA 578811 General Supplie,Festool USA General Supplie,General Supplie,,,,,,,,,,,,,,,,,,,,,,,,,,,General Supplie,Model,578811,,,,,,,,,,,,,,,,,,,,,,,,,,,,,,,,,,,,,,,,,,,,,,,,,,,,,,,,,,,,,,,,,,,,,,,,,,,,,,,,,,,,,,,,,,,,,,,,,,,,,,,,,,,,,,,,,,,,,,,,,,,,,,,,,,,,,,,,,,,,,,,,,,,,,,,,,,,,,,,,,,,,,,,,Festool_USA_578811.jpg,,,,,,,,,Festool_USA_578811_Specification_Sheet.pdf,,,,,,,,,,,,,,,,,,No
,,,,,,86005473,Abrasives & Industrial,Abrasive Products,Sanding & Grinding Discs,6005473,578192,578192 Festool D 150 GR SYS - Systainer Abrasive Set,-- Unbranded --,-- No Unilog Brand --,-- No DIB Brand --,Festool USA (FESTO),Festool USA,Festool USA,,578192,,Abrasives & Industrial>Abrasive Products>Discs & Sheets,"Festool USA, Sanding & Grinding Disc, 578192",SANDING & GRINDING DISC,Festool USA 578192 Sanding & Grinding Disc,Festool USA Sanding & Grinding Disc,Sanding & Grinding Disc,,,,,,,,,,,,,,,,,,,,,,,,,,,Sanding & Grinding Disc,Model,578192,,,,,,,,,,,,,,,,,,,,,,,,,,,,,,,,,,,,,,,,,,,,,,,,,,,,,,,,,,,,,,,,,,,,,,,,,,,,,,,,,,,,,,,,,,,,,,,,,,,,,,,,,,,,,,,,,,,,,,,,,,,,,,,,,,,,,,,,,,,,,,,,,,,,,,,,,,,,,,,,,,,,,,,,Festool_USA_578192.jpg,,,,,,,,,Festool_USA_578192_Specification_Sheet.pdf,,,,,,,,,,,,,,,,,,No
,,,,,,56276476,Tools & Industrial Hardware,Industrial Maintenance,General Supplies,3276476,578806,578806 Festool Delta S GR PRO/10,-- Unbranded --,-- No Unilog Brand --,-- No DIB Brand --,Festool USA (FESTO),Festool USA,Festool USA,,578806,,Tools & Industrial Hardware>Industrial Maintenance>General Supplies,"Festool USA, General Supplie, 578806",GENERAL SUPPLIE,Festool USA 578806 General Supplie,Festool USA General Supplie,General Supplie,,,,,,,,,,,,,,,,,,,,,,,,,,,General Supplie,Model,578806,,,,,,,,,,,,,,,,,,,,,,,,,,,,,,,,,,,,,,,,,,,,,,,,,,,,,,,,,,,,,,,,,,,,,,,,,,,,,,,,,,,,,,,,,,,,,,,,,,,,,,,,,,,,,,,,,,,,,,,,,,,,,,,,,,,,,,,,,,,,,,,,,,,,,,,,,,,,,,,,,,,,,,,,Festool_USA_578806.jpg,,,,,,,,,Festool_USA_578806_Specification_Sheet.pdf,,,,,,,,,,,,,,,,,,No
,,,,,,22073859,Tools & Hardware,Power Tools,Cutting & Drilling Tools,5073859,D0860X,"D0860X Diablo 8-1/4"" 60 Tooth - Fine Finish Saw Blade",-- Unbranded --,-- No Unilog Brand --,-- No DIB Brand --,Freud Inc (2435),Freud Inc,Freud Inc,,D0860X,,Tools & Hardware>Power Tools>Cutting & Drilling Tools,"Freud Inc, Cutting & Drilling Tool, D0860X",CUTTING & DRILLING TOOL,Freud Inc D0860X Cutting & Drilling Tool,Freud Inc Cutting & Drilling Tool,Cutting & Drilling Tool,,,,,,,,,,,,,,,,,,,,,,,,,,,Cutting & Drilling Tool,Model,D0860X,,,,,,,,,,,,,,,,,,,,,,,,,,,,,,,,,,,,,,,,,,,,,,,,,,,,,,,,,,,,,,,,,,,,,,,,,,,,,,,,,,,,,,,,,,,,,,,,,,,,,,,,,,,,,,,,,,,,,,,,,,,,,,,,,,,,,,,,,,,,,,,,,,,,,,,,,,,,,,,,,,,,,,,,Freud_Inc_D0860X.jpg,,,,,,,,,Freud_Inc_D0860X_Specification_Sheet.pdf,,,,,,,,,,,,,,,,,,No
,,,,,,22442819,Tools & Hardware,Power Tools,Cutting & Drilling Tools,5442819,48-40-0740,48-40-0740 Milw 7-1/4in. 24T - Framing Circ Saw Blade,-- Unbranded --,-- No Unilog Brand --,Milwaukee,Milwaukee Accessory (4031),Milwaukee Accessory,MILWAUKEE®,,48-40-0740,48-41-0740,Tools & Hardware>Power Tools>Cutting & Drilling Tools,"Milwaukee Accessory, Cutting & Drilling Tool, 48-40-0740",CUTTING & DRILLING TOOL,MILWAUKEE® 48-40-0740 Cutting & Drilling Tool,MILWAUKEE® Cutting & Drilling Tool,Cutting & Drilling Tool,,,,,,,,,,,,,,,,,,,,,,,,,,,Cutting & Drilling Tool,Model,48-40-0740,,,,,,,,,,,,,,,,,,,,,,,,,,,,,,,,,,,,,,,,,,,,,,,,,,,,,,,,,,,,,,,,,,,,,,,,,,,,,,,,,,,,,,,,,,,,,,,,,,,,,,,,,,,,,,,,,,,,,,,,,,,,,,,,,,,,,,,,,,,,,,,,,,,,,,,,,,,,,,,,,,,,,,,,MILWAUKEE_48-40-0740.jpg,,,,,,,,,MILWAUKEE_48-40-0740_Specification_Sheet.pdf,,,,,,,,,,,,,,,,,,No
,,,,,,53777747,Tools & Hardware,Power Tools,Cutting & Drilling Tools,9777747,48-41-0740,48-41-0740 Milw7-1/4 24TFrming - Blade,-- Unbranded --,-- No Unilog Brand --,-- No DIB Brand --,Milwaukee Accessory (4031),Milwaukee Accessory,Milwaukee Accessory,,48-41-0740,48-40-0740,Tools & Hardware>Power Tools>Cutting & Drilling Tools,"Milwaukee Accessory, Cutting & Drilling Tool, 48-41-0740",CUTTING & DRILLING TOOL,Milwaukee Accessory 48-41-0740 Cutting & Drilling Tool,Milwaukee Accessory Cutting & Drilling Tool,Cutting & Drilling Tool,,,,,,,,,,,,,,,,,,,,,,,,,,,Cutting & Drilling Tool,Model,48-41-0740,,,,,,,,,,,,,,,,,,,,,,,,,,,,,,,,,,,,,,,,,,,,,,,,,,,,,,,,,,,,,,,,,,,,,,,,,,,,,,,,,,,,,,,,,,,,,,,,,,,,,,,,,,,,,,,,,,,,,,,,,,,,,,,,,,,,,,,,,,,,,,,,,,,,,,,,,,,,,,,,,,,,,,,,Milwaukee_Accessory_48-41-0740.jpg,,,,,,,,,Milwaukee_Accessory_48-41-0740_Specification_Sheet.pdf,,,,,,,,,,,,,,,,,,No
,,,,,,21066714,Tools & Hardware,Power Tools,Cutting & Drilling Tools,4066714,A-96095,"A-96095 Makita 5-7/8"" 32T Saw Blade",-- Unbranded --,-- No Unilog Brand --,-- No DIB Brand --,Makita Usa Inc (5142),Makita Usa Inc,Makita Usa Inc,,A-96095,,Tools & Hardware>Power Tools>Cutting & Drilling Tools,"Makita Usa Inc, Cutting & Drilling Tool, A-96095",CUTTING & DRILLING TOOL,Makita Usa Inc A-96095 Cutting & Drilling Tool,Makita Usa Inc Cutting & Drilling Tool,Cutting & Drilling Tool,,,,,,,,,,,,,,,,,,,,,,,,,,,Cutting & Drilling Tool,Model,A-96095,,,,,,,,,,,,,,,,,,,,,,,,,,,,,,,,,,,,,,,,,,,,,,,,,,,,,,,,,,,,,,,,,,,,,,,,,,,,,,,,,,,,,,,,,,,,,,,,,,,,,,,,,,,,,,,,,,,,,,,,,,,,,,,,,,,,,,,,,,,,,,,,,,,,,,,,,,,,,,,,,,,,,,,,Makita_Usa_Inc_A-96095.jpg,,,,,,,,,Makita_Usa_Inc_A-96095_Specification_Sheet.pdf,,,,,,,,,,,,,,,,,,No
,,,,,,38346271,Tools & Hardware,Power Tools,Cutting & Drilling Tools,3346271,D0760UX,"D0760UX Diablo 7-1/4"" 60T Circ - Saw Blade",-- Unbranded --,-- No Unilog Brand --,Diablo,Freud Inc (2435),Freud Inc,DIABLO®,,D0760UX,,Tools & Hardware>Power Tools>Cutting & Drilling Tools,"Freud Inc, Cutting & Drilling Tool, D0760UX",CUTTING & DRILLING TOOL,DIABLO® D0760UX Cutting & Drilling Tool,DIABLO® Cutting & Drilling Tool,Cutting & Drilling Tool,,,,,,,,,,,,,,,,,,,,,,,,,,,Cutting & Drilling Tool,Model,D0760UX,,,,,,,,,,,,,,,,,,,,,,,,,,,,,,,,,,,,,,,,,,,,,,,,,,,,,,,,,,,,,,,,,,,,,,,,,,,,,,,,,,,,,,,,,,,,,,,,,,,,,,,,,,,,,,,,,,,,,,,,,,,,,,,,,,,,,,,,,,,,,,,,,,,,,,,,,,,,,,,,,,,,,,,,DIABLO_D0760UX.jpg,,,,,,,,,DIABLO_D0760UX_Specification_Sheet.pdf,,,,,,,,,,,,,,,,,,No
,,,,,,87917517,Tools & Industrial Hardware,Industrial Maintenance,General Supplies,7917517,230.312.08,230.312.08 CMT Locked Dado Pro Set,-- Unbranded --,-- No Unilog Brand --,-- No DIB Brand --,CMT USA Inc (CMTUS),CMT USA Inc,CMT USA Inc,,230.312.08,,Tools & Industrial Hardware>Industrial Maintenance>General Supplies,"CMT USA Inc, General Supplie, 230.312.08",GENERAL SUPPLIE,CMT USA Inc 230.312.08 General Supplie,CMT USA Inc General Supplie,General Supplie,,,,,,,,,,,,,,,,,,,,,,,,,,,General Supplie,Model,230.312.08,,,,,,,,,,,,,,,,,,,,,,,,,,,,,,,,,,,,,,,,,,,,,,,,,,,,,,,,,,,,,,,,,,,,,,,,,,,,,,,,,,,,,,,,,,,,,,,,,,,,,,,,,,,,,,,,,,,,,,,,,,,,,,,,,,,,,,,,,,,,,,,,,,,,,,,,,,,,,,,,,,,,,,,,CMT_USA_Inc_230.312.08.jpg,,,,,,,,,CMT_USA_Inc_230.312.08_Specification_Sheet.pdf,,,,,,,,,,,,,,,,,,No
,,,,,,98488687,Tools & Hardware,Power Tools,Cutting & Drilling Tools,9488687,D0708LF,"D0708LF Saw Blade 7-1/4""x8 - Laminate & Wood Flooring",-- Unbranded --,-- No Unilog Brand --,-- No DIB Brand --,Freud Inc (2435),Freud Inc,Freud Inc,,D0708LF,,Tools & Hardware>Power Tools>Cutting & Drilling Tools,"Freud Inc, Cutting & Drilling Tool, D0708LF",CUTTING & DRILLING TOOL,Freud Inc D0708LF Cutting & Drilling Tool,Freud Inc Cutting & Drilling Tool,Cutting & Drilling Tool,,,,,,,,,,,,,,,,,,,,,,,,,,,Cutting & Drilling Tool,Model,D0708LF,,,,,,,,,,,,,,,,,,,,,,,,,,,,,,,,,,,,,,,,,,,,,,,,,,,,,,,,,,,,,,,,,,,,,,,,,,,,,,,,,,,,,,,,,,,,,,,,,,,,,,,,,,,,,,,,,,,,,,,,,,,,,,,,,,,,,,,,,,,,,,,,,,,,,,,,,,,,,,,,,,,,,,,,Freud_Inc_D0708LF.jpg,,,,,,,,,Freud_Inc_D0708LF_Specification_Sheet.pdf,,,,,,,,,,,,,,,,,,No
,,,,,,30220599,Tools & Hardware,Power Tools,Cutting & Drilling Tools,4220599,D1012LF,"D1012LF Saw Blade 10""x12Teeth - Laminate & Wood Flooring",-- Unbranded --,-- No Unilog Brand --,-- No DIB Brand --,Freud Inc (2435),Freud Inc,Freud Inc,,D1012LF,,Tools & Hardware>Power Tools>Cutting & Drilling Tools,"Freud Inc, Cutting & Drilling Tool, D1012LF",CUTTING & DRILLING TOOL,Freud Inc D1012LF Cutting & Drilling Tool,Freud Inc Cutting & Drilling Tool,Cutting & Drilling Tool,,,,,,,,,,,,,,,,,,,,,,,,,,,Cutting & Drilling Tool,Model,D1012LF,,,,,,,,,,,,,,,,,,,,,,,,,,,,,,,,,,,,,,,,,,,,,,,,,,,,,,,,,,,,,,,,,,,,,,,,,,,,,,,,,,,,,,,,,,,,,,,,,,,,,,,,,,,,,,,,,,,,,,,,,,,,,,,,,,,,,,,,,,,,,,,,,,,,,,,,,,,,,,,,,,,,,,,,Freud_Inc_D1012LF.jpg,,,,,,,,,Freud_Inc_D1012LF_Specification_Sheet.pdf,,,,,,,,,,,,,,,,,,No
,,,,,,79573595,Tools & Hardware,Power Tools,Cutting & Drilling Tools,8573595,D1216LF,"D1216LF Saw Blade 12""x16Teeth - Laminate & Wood Flooring",-- Unbranded --,-- No Unilog Brand --,-- No DIB Brand --,Freud Inc (2435),Freud Inc,Freud Inc,,D1216LF,,Tools & Hardware>Power Tools>Cutting & Drilling Tools,"Freud Inc, Cutting & Drilling Tool, D1216LF",CUTTING & DRILLING TOOL,Freud Inc D1216LF Cutting & Drilling Tool,Freud Inc Cutting & Drilling Tool,Cutting & Drilling Tool,,,,,,,,,,,,,,,,,,,,,,,,,,,Cutting & Drilling Tool,Model,D1216LF,,,,,,,,,,,,,,,,,,,,,,,,,,,,,,,,,,,,,,,,,,,,,,,,,,,,,,,,,,,,,,,,,,,,,,,,,,,,,,,,,,,,,,,,,,,,,,,,,,,,,,,,,,,,,,,,,,,,,,,,,,,,,,,,,,,,,,,,,,,,,,,,,,,,,,,,,,,,,,,,,,,,,,,,Freud_Inc_D1216LF.jpg,,,,,,,,,Freud_Inc_D1216LF_Specification_Sheet.pdf,,,,,,,,,,,,,,,,,,No
,,,,,,64070925,Tools & Hardware,Power Tools,Cutting & Drilling Tools,2070925,DWA47421,"DWA47421 Dewalt 14"" Segmented - Rim Diamond Blade",-- Unbranded --,-- No Unilog Brand --,DEWALT,Black & Decker/dewlt (2585),Black & Decker/dewlt,DEWALT®,,DWA47421,,Tools & Hardware>Power Tools>Cutting & Drilling Tools,"Black & Decker/dewlt, Cutting & Drilling Tool, DWA47421",CUTTING & DRILLING TOOL,DEWALT® DWA47421 Cutting & Drilling Tool,DEWALT® Cutting & Drilling Tool,Cutting & Drilling Tool,,,,,,,,,,,,,,,,,,,,,,,,,,,Cutting & Drilling Tool,Model,DWA47421,,,,,,,,,,,,,,,,,,,,,,,,,,,,,,,,,,,,,,,,,,,,,,,,,,,,,,,,,,,,,,,,,,,,,,,,,,,,,,,,,,,,,,,,,,,,,,,,,,,,,,,,,,,,,,,,,,,,,,,,,,,,,,,,,,,,,,,,,,,,,,,,,,,,,,,,,,,,,,,,,,,,,,,,DEWALT_DWA47421.jpg,,,,,,,,,DEWALT_DWA47421_Specification_Sheet.pdf,,,,,,,,,,,,,,,,,,No
,,,,,,32916530,Tools & Hardware,Power Tools,Cutting & Drilling Tools,6916530,DWA4769,"DWA4769 Dewalt Rim Glass Tile - Blade 10""",-- Unbranded --,-- No Unilog Brand --,-- No DIB Brand --,Black & Decker/dewlt (2585),Black & Decker/dewlt,Black & Decker/dewlt,,DWA4769,,Tools & Hardware>Power Tools>Cutting & Drilling Tools,"Black & Decker/dewlt, Cutting & Drilling Tool, DWA4769",CUTTING & DRILLING TOOL,Black & Decker/dewlt DWA4769 Cutting & Drilling Tool,Black & Decker/dewlt Cutting & Drilling Tool,Cutting & Drilling Tool,,,,,,,,,,,,,,,,,,,,,,,,,,,Cutting & Drilling Tool,Model,DWA4769,,,,,,,,,,,,,,,,,,,,,,,,,,,,,,,,,,,,,,,,,,,,,,,,,,,,,,,,,,,,,,,,,,,,,,,,,,,,,,,,,,,,,,,,,,,,,,,,,,,,,,,,,,,,,,,,,,,,,,,,,,,,,,,,,,,,,,,,,,,,,,,,,,,,,,,,,,,,,,,,,,,,,,,,Black_AND_Decker/dewlt_DWA4769.jpg,,,,,,,,,Black_AND_Decker/dewlt_DWA4769_Specification_Sheet.pdf,,,,,,,,,,,,,,,,,,No
,,,,,,99860587,Tools & Hardware,Power Tools,Cutting & Drilling Tools,1860587,49-93-9204,"49-93-9204 Milw 4-1/2"" Diamond - Tile Blade",-- Unbranded --,-- No Unilog Brand --,-- No DIB Brand --,Milwaukee Accessory (4031),Milwaukee Accessory,Milwaukee Accessory,,49-93-9204,"49-93-9202, 49-93-9205, 49-93-9207, 49-93-9210",Tools & Hardware>Power Tools>Cutting & Drilling Tools,"Milwaukee Accessory, Cutting & Drilling Tool, 49-93-9204",CUTTING & DRILLING TOOL,Milwaukee Accessory 49-93-9204 Cutting & Drilling Tool,Milwaukee Accessory Cutting & Drilling Tool,Cutting & Drilling Tool,,,,,,,,,,,,,,,,,,,,,,,,,,,Cutting & Drilling Tool,Model,49-93-9204,,,,,,,,,,,,,,,,,,,,,,,,,,,,,,,,,,,,,,,,,,,,,,,,,,,,,,,,,,,,,,,,,,,,,,,,,,,,,,,,,,,,,,,,,,,,,,,,,,,,,,,,,,,,,,,,,,,,,,,,,,,,,,,,,,,,,,,,,,,,,,,,,,,,,,,,,,,,,,,,,,,,,,,,Milwaukee_Accessory_49-93-9204.jpg,,,,,,,,,Milwaukee_Accessory_49-93-9204_Specification_Sheet.pdf,,,,,,,,,,,,,,,,,,No
,,,,,,26727310,Tools & Hardware,Power Tools,Cutting & Drilling Tools,9727310,49-93-9207,"49-93-9207 Milw 7"" Diamond - Tile Blade",-- Unbranded --,-- No Unilog Brand --,-- No DIB Brand --,Milwaukee Accessory (4031),Milwaukee Accessory,Milwaukee Accessory,,49-93-9207,"49-93-9202, 49-93-9204, 49-93-9205, 49-93-9210",Tools & Hardware>Power Tools>Cutting & Drilling Tools,"Milwaukee Accessory, Cutting & Drilling Tool, 49-93-9207",CUTTING & DRILLING TOOL,Milwaukee Accessory 49-93-9207 Cutting & Drilling Tool,Milwaukee Accessory Cutting & Drilling Tool,Cutting & Drilling Tool,,,,,,,,,,,,,,,,,,,,,,,,,,,Cutting & Drilling Tool,Model,49-93-9207,,,,,,,,,,,,,,,,,,,,,,,,,,,,,,,,,,,,,,,,,,,,,,,,,,,,,,,,,,,,,,,,,,,,,,,,,,,,,,,,,,,,,,,,,,,,,,,,,,,,,,,,,,,,,,,,,,,,,,,,,,,,,,,,,,,,,,,,,,,,,,,,,,,,,,,,,,,,,,,,,,,,,,,,Milwaukee_Accessory_49-93-9207.jpg,,,,,,,,,Milwaukee_Accessory_49-93-9207_Specification_Sheet.pdf,,,,,,,,,,,,,,,,,,No
,,,,,,46153723,Tools & Hardware,Power Tools,Cutting & Drilling Tools,2153723,49-93-9210,"49-93-9210 Milw 10"" Diamond - Tile Blade",-- Unbranded --,-- No Unilog Brand --,-- No DIB Brand --,Milwaukee Accessory (4031),Milwaukee Accessory,Milwaukee Accessory,,49-93-9210,"49-93-9202, 49-93-9204, 49-93-9205, 49-93-9207",Tools & Hardware>Power Tools>Cutting & Drilling Tools,"Milwaukee Accessory, Cutting & Drilling Tool, 49-93-9210",CUTTING & DRILLING TOOL,Milwaukee Accessory 49-93-9210 Cutting & Drilling Tool,Milwaukee Accessory Cutting & Drilling Tool,Cutting & Drilling Tool,,,,,,,,,,,,,,,,,,,,,,,,,,,Cutting & Drilling Tool,Model,49-93-9210,,,,,,,,,,,,,,,,,,,,,,,,,,,,,,,,,,,,,,,,,,,,,,,,,,,,,,,,,,,,,,,,,,,,,,,,,,,,,,,,,,,,,,,,,,,,,,,,,,,,,,,,,,,,,,,,,,,,,,,,,,,,,,,,,,,,,,,,,,,,,,,,,,,,,,,,,,,,,,,,,,,,,,,,Milwaukee_Accessory_49-93-9210.jpg,,,,,,,,,Milwaukee_Accessory_49-93-9210_Specification_Sheet.pdf,,,,,,,,,,,,,,,,,,No
,,,,,,75395397,Tools & Hardware,Power Tools,Cutting & Drilling Tools,4395397,49-93-9202,"49-93-9202 Milw 4"" Diamond - Tile Blade",-- Unbranded --,-- No Unilog Brand --,-- No DIB Brand --,Milwaukee Accessory (4031),Milwaukee Accessory,Milwaukee Accessory,,49-93-9202,"49-93-9204, 49-93-9205, 49-93-9207, 49-93-9210",Tools & Hardware>Power Tools>Cutting & Drilling Tools,"Milwaukee Accessory, Cutting & Drilling Tool, 49-93-9202",CUTTING & DRILLING TOOL,Milwaukee Accessory 49-93-9202 Cutting & Drilling Tool,Milwaukee Accessory Cutting & Drilling Tool,Cutting & Drilling Tool,,,,,,,,,,,,,,,,,,,,,,,,,,,Cutting & Drilling Tool,Model,49-93-9202,,,,,,,,,,,,,,,,,,,,,,,,,,,,,,,,,,,,,,,,,,,,,,,,,,,,,,,,,,,,,,,,,,,,,,,,,,,,,,,,,,,,,,,,,,,,,,,,,,,,,,,,,,,,,,,,,,,,,,,,,,,,,,,,,,,,,,,,,,,,,,,,,,,,,,,,,,,,,,,,,,,,,,,,Milwaukee_Accessory_49-93-9202.jpg,,,,,,,,,Milwaukee_Accessory_49-93-9202_Specification_Sheet.pdf,,,,,,,,,,,,,,,,,,No
,,,,,,44184520,Tools & Hardware,Power Tools,Cutting & Drilling Tools,9184520,49-93-9205,"49-93-9205 Milw 5"" Diamond - Tile Blade",-- Unbranded --,-- No Unilog Brand --,-- No DIB Brand --,Milwaukee Accessory (4031),Milwaukee Accessory,Milwaukee Accessory,,49-93-9205,"49-93-9202, 49-93-9204, 49-93-9207, 49-93-9210",Tools & Hardware>Power Tools>Cutting & Drilling Tools,"Milwaukee Accessory, Cutting & Drilling Tool, 49-93-9205",CUTTING & DRILLING TOOL,Milwaukee Accessory 49-93-9205 Cutting & Drilling Tool,Milwaukee Accessory Cutting & Drilling Tool,Cutting & Drilling Tool,,,,,,,,,,,,,,,,,,,,,,,,,,,Cutting & Drilling Tool,Model,49-93-9205,,,,,,,,,,,,,,,,,,,,,,,,,,,,,,,,,,,,,,,,,,,,,,,,,,,,,,,,,,,,,,,,,,,,,,,,,,,,,,,,,,,,,,,,,,,,,,,,,,,,,,,,,,,,,,,,,,,,,,,,,,,,,,,,,,,,,,,,,,,,,,,,,,,,,,,,,,,,,,,,,,,,,,,,Milwaukee_Accessory_49-93-9205.jpg,,,,,,,,,Milwaukee_Accessory_49-93-9205_Specification_Sheet.pdf,,,,,,,,,,,,,,,,,,No
,,,,,,30883103,Tools & Industrial Hardware,Industrial Maintenance,General Supplies,4883103,49-22-4702,49-22-4702 Milw 13pc Quik-Lock Hole Dozer Kit,-- Unbranded --,-- No Unilog Brand --,-- No DIB Brand --,Milwaukee Accessory (4031),Milwaukee Accessory,Milwaukee Accessory,,49-22-4702,,Tools & Industrial Hardware>Industrial Maintenance>General Supplies,"Milwaukee Accessory, General Supplie, 49-22-4702",GENERAL SUPPLIE,Milwaukee Accessory 49-22-4702 General Supplie,Milwaukee Accessory General Supplie,General Supplie,,,,,,,,,,,,,,,,,,,,,,,,,,,General Supplie,Model,49-22-4702,,,,,,,,,,,,,,,,,,,,,,,,,,,,,,,,,,,,,,,,,,,,,,,,,,,,,,,,,,,,,,,,,,,,,,,,,,,,,,,,,,,,,,,,,,,,,,,,,,,,,,,,,,,,,,,,,,,,,,,,,,,,,,,,,,,,,,,,,,,,,,,,,,,,,,,,,,,,,,,,,,,,,,,,Milwaukee_Accessory_49-22-4702.jpg,,,,,,,,,Milwaukee_Accessory_49-22-4702_Specification_Sheet.pdf,,,,,,,,,,,,,,,,,,No
,,,,,,56770325,Tools & Hardware,Power Tools,Cutting & Drilling Tools,3770325,DJT155HHM,"DJT155HHM Diablo 3-3/5"" 10 TPI - Jig Saw Blade",-- Unbranded --,-- No Unilog Brand --,-- No DIB Brand --,Freud Inc (2435),Freud Inc,Freud Inc,,DJT155HHM,,Tools & Hardware>Power Tools>Cutting & Drilling Tools,"Freud Inc, Cutting & Drilling Tool, DJT155HHM",CUTTING & DRILLING TOOL,Freud Inc DJT155HHM Cutting & Drilling Tool,Freud Inc Cutting & Drilling Tool,Cutting & Drilling Tool,,,,,,,,,,,,,,,,,,,,,,,,,,,Cutting & Drilling Tool,Model,DJT155HHM,,,,,,,,,,,,,,,,,,,,,,,,,,,,,,,,,,,,,,,,,,,,,,,,,,,,,,,,,,,,,,,,,,,,,,,,,,,,,,,,,,,,,,,,,,,,,,,,,,,,,,,,,,,,,,,,,,,,,,,,,,,,,,,,,,,,,,,,,,,,,,,,,,,,,,,,,,,,,,,,,,,,,,,,Freud_Inc_DJT155HHM.jpg,,,,,,,,,Freud_Inc_DJT155HHM_Specification_Sheet.pdf,,,,,,,,,,,,,,,,,,No
,,,,,,10813661,Tools & Hardware,Power Tools,Cutting & Drilling Tools,2813661,790.82,790.820 CMT Planer Blade 2pc,-- Unbranded --,-- No Unilog Brand --,-- No DIB Brand --,CMT USA Inc (CMTUS),CMT USA Inc,CMT USA Inc,,790.82,,Tools & Hardware>Power Tools>Cutting & Drilling Tools,"CMT USA Inc, Cutting & Drilling Tool, 790.82",CUTTING & DRILLING TOOL,CMT USA Inc 790.82 Cutting & Drilling Tool,CMT USA Inc Cutting & Drilling Tool,Cutting & Drilling Tool,,,,,,,,,,,,,,,,,,,,,,,,,,,Cutting & Drilling Tool,Model,790.82,,,,,,,,,,,,,,,,,,,,,,,,,,,,,,,,,,,,,,,,,,,,,,,,,,,,,,,,,,,,,,,,,,,,,,,,,,,,,,,,,,,,,,,,,,,,,,,,,,,,,,,,,,,,,,,,,,,,,,,,,,,,,,,,,,,,,,,,,,,,,,,,,,,,,,,,,,,,,,,,,,,,,,,,CMT_USA_Inc_790.82.jpg,,,,,,,,,CMT_USA_Inc_790.82_Specification_Sheet.pdf,,,,,,,,,,,,,,,,,,No
,,,,,,38686236,Tools & Industrial Hardware,Industrial Maintenance,General Supplies,3686236,794.321,794.321 HS Planer Knives 3pc,-- Unbranded --,-- No Unilog Brand --,-- No DIB Brand --,CMT USA Inc (CMTUS),CMT USA Inc,CMT USA Inc,,794.321,,Tools & Industrial Hardware>Industrial Maintenance>General Supplies,"CMT USA Inc, General Supplie, 794.321",GENERAL SUPPLIE,CMT USA Inc 794.321 General Supplie,CMT USA Inc General Supplie,General Supplie,,,,,,,,,,,,,,,,,,,,,,,,,,,General Supplie,Model,794.321,,,,,,,,,,,,,,,,,,,,,,,,,,,,,,,,,,,,,,,,,,,,,,,,,,,,,,,,,,,,,,,,,,,,,,,,,,,,,,,,,,,,,,,,,,,,,,,,,,,,,,,,,,,,,,,,,,,,,,,,,,,,,,,,,,,,,,,,,,,,,,,,,,,,,,,,,,,,,,,,,,,,,,,,CMT_USA_Inc_794.321.jpg,,,,,,,,,CMT_USA_Inc_794.321_Specification_Sheet.pdf,,,,,,,,,,,,,,,,,,No
,,,,,,39321734,Tools & Hardware,Power Tools,Cutting & Drilling Tools,4321734,49-22-5641,49-22-5641 Milw Packout 15pc - Sawzall Blade Kit,-- Unbranded --,-- No Unilog Brand --,-- No DIB Brand --,Milwaukee Accessory (4031),Milwaukee Accessory,Milwaukee Accessory,,49-22-5641,,Tools & Hardware>Power Tools>Cutting & Drilling Tools,"Milwaukee Accessory, Cutting & Drilling Tool, 49-22-5641",CUTTING & DRILLING TOOL,Milwaukee Accessory 49-22-5641 Cutting & Drilling Tool,Milwaukee Accessory Cutting & Drilling Tool,Cutting & Drilling Tool,,,,,,,,,,,,,,,,,,,,,,,,,,,Cutting & Drilling Tool,Model,49-22-5641,,,,,,,,,,,,,,,,,,,,,,,,,,,,,,,,,,,,,,,,,,,,,,,,,,,,,,,,,,,,,,,,,,,,,,,,,,,,,,,,,,,,,,,,,,,,,,,,,,,,,,,,,,,,,,,,,,,,,,,,,,,,,,,,,,,,,,,,,,,,,,,,,,,,,,,,,,,,,,,,,,,,,,,,Milwaukee_Accessory_49-22-5641.jpg,,,,,,,,,Milwaukee_Accessory_49-22-5641_Specification_Sheet.pdf,,,,,,,,,,,,,,,,,,No
,,,,,,79376127,Tools & Hardware,Power Tools,Cutting & Drilling Tools,8376127,D0604TSH,"D0604TSH Diablo 6-1/2"" 4-Tooth - Cement Track Saw Blade",-- Unbranded --,-- No Unilog Brand --,-- No DIB Brand --,Freud Inc (2435),Freud Inc,Freud Inc,,D0604TSH,,Tools & Hardware>Power Tools>Cutting & Drilling Tools,"Freud Inc, Cutting & Drilling Tool, D0604TSH",CUTTING & DRILLING TOOL,Freud Inc D0604TSH Cutting & Drilling Tool,Freud Inc Cutting & Drilling Tool,Cutting & Drilling Tool,,,,,,,,,,,,,,,,,,,,,,,,,,,Cutting & Drilling Tool,Model,D0604TSH,,,,,,,,,,,,,,,,,,,,,,,,,,,,,,,,,,,,,,,,,,,,,,,,,,,,,,,,,,,,,,,,,,,,,,,,,,,,,,,,,,,,,,,,,,,,,,,,,,,,,,,,,,,,,,,,,,,,,,,,,,,,,,,,,,,,,,,,,,,,,,,,,,,,,,,,,,,,,,,,,,,,,,,,Freud_Inc_D0604TSH.jpg,,,,,,,,,Freud_Inc_D0604TSH_Specification_Sheet.pdf,,,,,,,,,,,,,,,,,,No
,,,,,,30182021,Tools & Hardware,Power Tools,Cutting & Drilling Tools,4182021,D0620TSR,"D0620TSR Diablo 6-1/2""20 Tooth - Framing Saw Blade",-- Unbranded --,-- No Unilog Brand --,-- No DIB Brand --,Freud Inc (2435),Freud Inc,Freud Inc,,D0620TSR,,Tools & Hardware>Power Tools>Cutting & Drilling Tools,"Freud Inc, Cutting & Drilling Tool, D0620TSR",CUTTING & DRILLING TOOL,Freud Inc D0620TSR Cutting & Drilling Tool,Freud Inc Cutting & Drilling Tool,Cutting & Drilling Tool,,,,,,,,,,,,,,,,,,,,,,,,,,,Cutting & Drilling Tool,Model,D0620TSR,,,,,,,,,,,,,,,,,,,,,,,,,,,,,,,,,,,,,,,,,,,,,,,,,,,,,,,,,,,,,,,,,,,,,,,,,,,,,,,,,,,,,,,,,,,,,,,,,,,,,,,,,,,,,,,,,,,,,,,,,,,,,,,,,,,,,,,,,,,,,,,,,,,,,,,,,,,,,,,,,,,,,,,,Freud_Inc_D0620TSR.jpg,,,,,,,,,Freud_Inc_D0620TSR_Specification_Sheet.pdf,,,,,,,,,,,,,,,,,,No
,,,,,,64445100,Tools & Hardware,Power Tools,Cutting & Drilling Tools,2445100,D0648TSF,"D0648TSF Diablo 6-1/2""48 Tooth - Plywood Track Saw Blade",-- Unbranded --,-- No Unilog Brand --,-- No DIB Brand --,Freud Inc (2435),Freud Inc,Freud Inc,,D0648TSF,,Tools & Hardware>Power Tools>Cutting & Drilling Tools,"Freud Inc, Cutting & Drilling Tool, D0648TSF",CUTTING & DRILLING TOOL,Freud Inc D0648TSF Cutting & Drilling Tool,Freud Inc Cutting & Drilling Tool,Cutting & Drilling Tool,,,,,,,,,,,,,,,,,,,,,,,,,,,Cutting & Drilling Tool,Model,D0648TSF,,,,,,,,,,,,,,,,,,,,,,,,,,,,,,,,,,,,,,,,,,,,,,,,,,,,,,,,,,,,,,,,,,,,,,,,,,,,,,,,,,,,,,,,,,,,,,,,,,,,,,,,,,,,,,,,,,,,,,,,,,,,,,,,,,,,,,,,,,,,,,,,,,,,,,,,,,,,,,,,,,,,,,,,Freud_Inc_D0648TSF.jpg,,,,,,,,,Freud_Inc_D0648TSF_Specification_Sheet.pdf,,,,,,,,,,,,,,,,,,No
,,,,,,96158777,Tools & Hardware,Power Tools,Cutting & Drilling Tools,7158777,D0652TSL,"D0652TSL Diablo 6-1/2""52 Tooth - Laminate Track Saw Blade",-- Unbranded --,-- No Unilog Brand --,-- No DIB Brand --,Freud Inc (2435),Freud Inc,Freud Inc,,D0652TSL,,Tools & Hardware>Power Tools>Cutting & Drilling Tools,"Freud Inc, Cutting & Drilling Tool, D0652TSL",CUTTING & DRILLING TOOL,Freud Inc D0652TSL Cutting & Drilling Tool,Freud Inc Cutting & Drilling Tool,Cutting & Drilling Tool,,,,,,,,,,,,,,,,,,,,,,,,,,,Cutting & Drilling Tool,Model,D0652TSL,,,,,,,,,,,,,,,,,,,,,,,,,,,,,,,,,,,,,,,,,,,,,,,,,,,,,,,,,,,,,,,,,,,,,,,,,,,,,,,,,,,,,,,,,,,,,,,,,,,,,,,,,,,,,,,,,,,,,,,,,,,,,,,,,,,,,,,,,,,,,,,,,,,,,,,,,,,,,,,,,,,,,,,,Freud_Inc_D0652TSL.jpg,,,,,,,,,Freud_Inc_D0652TSL_Specification_Sheet.pdf,,,,,,,,,,,,,,,,,,No
,,,,,,26110784,Tools & Hardware,Power Tools,Cutting & Drilling Tools,9110784,JT1-549,"JT1-549 JWBS18SFX 18"" Bandsaw - 1.75HP 1PH 115V",-- Unbranded --,-- No Unilog Brand --,-- No DIB Brand --,JPW Industries (JPWIN),JPW Industries,JPW Industries,,JT1-549,,Tools & Hardware>Power Tools>Cutting & Drilling Tools,"JPW Industries, Cutting & Drilling Tool, JT1-549",CUTTING & DRILLING TOOL 115V,JPW Industries JT1-549 Cutting & Drilling Tool,"JPW Industries Cutting & Drilling Tool, 115 V",Cutting & Drilling Tool,,,,,,,,,,,,,,,,,,,,,,,,,,,Cutting & Drilling Tool,Model,JT1-549,,Voltage Rating,115,V,,,,,,,,,,,,,,,,,,,,,,,,,,,,,,,,,,,,,,,,,,,,,,,,,,,,,,,,,,,,,,,,,,,,,,,,,,,,,,,,,,,,,,,,,,,,,,,,,,,,,,,,,,,,,,,,,,,,,,,,,,,,,,,,,,,,,,,,,,,,,,,,,,,,,,,,,,,,,,,,,,,,JPW_Industries_JT1-549.jpg,,,,,,,,,JPW_Industries_JT1-549_Specification_Sheet.pdf,,,,,,,,,,,,,,,,,,No
,,,,,,97909070,Tools & Hardware,Power Tools,Cutting & Drilling Tools,8909070,JT1-1371,"JWBS14-SFX-BLK Jet 14"" Bandsaw - JT1-1371",-- Unbranded --,-- No Unilog Brand --,-- No DIB Brand --,JPW Industries (JPWIN),JPW Industries,JPW Industries,,JT1-1371,,Tools & Hardware>Power Tools>Cutting & Drilling Tools,"JPW Industries, Cutting & Drilling Tool, JT1-1371",CUTTING & DRILLING TOOL,JPW Industries JT1-1371 Cutting & Drilling Tool,JPW Industries Cutting & Drilling Tool,Cutting & Drilling Tool,,,,,,,,,,,,,,,,,,,,,,,,,,,Cutting & Drilling Tool,Model,JT1-1371,,,,,,,,,,,,,,,,,,,,,,,,,,,,,,,,,,,,,,,,,,,,,,,,,,,,,,,,,,,,,,,,,,,,,,,,,,,,,,,,,,,,,,,,,,,,,,,,,,,,,,,,,,,,,,,,,,,,,,,,,,,,,,,,,,,,,,,,,,,,,,,,,,,,,,,,,,,,,,,,,,,,,,,,JPW_Industries_JT1-1371.jpg,,,,,,,,,JPW_Industries_JT1-1371_Specification_Sheet.pdf,,,,,,,,,,,,,,,,,,No
,,,,,,20521973,Tools & Hardware,Power Tools,Cutting & Drilling Tools,3521973,JT9-714400K,"JWBS-14SFX 14"" Bandsaw JTP-714400K",-- Unbranded --,-- No Unilog Brand --,-- No DIB Brand --,JPW Industries (JPWIN),JPW Industries,JPW Industries,,JT9-714400K,,Tools & Hardware>Power Tools>Cutting & Drilling Tools,"JPW Industries, Cutting & Drilling Tool, JT9-714400K",CUTTING & DRILLING TOOL,JPW Industries JT9-714400K Cutting & Drilling Tool,JPW Industries Cutting & Drilling Tool,Cutting & Drilling Tool,,,,,,,,,,,,,,,,,,,,,,,,,,,Cutting & Drilling Tool,Model,JT9-714400K,,,,,,,,,,,,,,,,,,,,,,,,,,,,,,,,,,,,,,,,,,,,,,,,,,,,,,,,,,,,,,,,,,,,,,,,,,,,,,,,,,,,,,,,,,,,,,,,,,,,,,,,,,,,,,,,,,,,,,,,,,,,,,,,,,,,,,,,,,,,,,,,,,,,,,,,,,,,,,,,,,,,,,,,JPW_Industries_JT9-714400K.jpg,,,,,,,,,JPW_Industries_JT9-714400K_Specification_Sheet.pdf,,,,,,,,,,,,,,,,,,No
,,,,,,75162415,Tools & Hardware,Power Tools,Cutting & Drilling Tools,4162415,2834-21HD,"2834-21HD Milw M18 7-1/4"" Circ - Saw Kit",-- Unbranded --,-- No Unilog Brand --,Milwaukee,Milwaukee Accessory (4031),Milwaukee Accessory,MILWAUKEE®,,2834-21HD,,Tools & Hardware>Power Tools>Cutting & Drilling Tools,"Milwaukee Accessory, Cutting & Drilling Tool, 2834-21HD",CUTTING & DRILLING TOOL,MILWAUKEE® 2834-21HD Cutting & Drilling Tool,MILWAUKEE® Cutting & Drilling Tool,Cutting & Drilling Tool,,,,,,,,,,,,,,,,,,,,,,,,,,,Cutting & Drilling Tool,Model,2834-21HD,,,,,,,,,,,,,,,,,,,,,,,,,,,,,,,,,,,,,,,,,,,,,,,,,,,,,,,,,,,,,,,,,,,,,,,,,,,,,,,,,,,,,,,,,,,,,,,,,,,,,,,,,,,,,,,,,,,,,,,,,,,,,,,,,,,,,,,,,,,,,,,,,,,,,,,,,,,,,,,,,,,,,,,,MILWAUKEE_2834-21HD.jpg,,,,,,,,,MILWAUKEE_2834-21HD_Specification_Sheet.pdf,,,,,,,,,,,,,,,,,,No
,,,,,,18756809,Tools & Hardware,Power Tools,Cutting & Drilling Tools,1756809,DCS383B,"DCS383B Dewalt 20V 7-1/4"" - Metal Cutting Circ Saw",-- Unbranded --,-- No Unilog Brand --,-- No DIB Brand --,Black & Decker/dewlt (2585),Black & Decker/dewlt,Black & Decker/dewlt,,DCS383B,,Tools & Hardware>Power Tools>Cutting & Drilling Tools,"Black & Decker/dewlt, Cutting & Drilling Tool, DCS383B",CUTTING & DRILLING TOOL 20V,Black & Decker/dewlt DCS383B Cutting & Drilling Tool,"Black & Decker/dewlt Cutting & Drilling Tool, 20 V",Cutting & Drilling Tool,,,,,,,,,,,,,,,,,,,,,,,,,,,Cutting & Drilling Tool,Model,DCS383B,,Voltage Rating,20,V,,,,,,,,,,,,,,,,,,,,,,,,,,,,,,,,,,,,,,,,,,,,,,,,,,,,,,,,,,,,,,,,,,,,,,,,,,,,,,,,,,,,,,,,,,,,,,,,,,,,,,,,,,,,,,,,,,,,,,,,,,,,,,,,,,,,,,,,,,,,,,,,,,,,,,,,,,,,,,,,,,,,Black_AND_Decker/dewlt_DCS383B.jpg,,,,,,,,,Black_AND_Decker/dewlt_DCS383B_Specification_Sheet.pdf,,,,,,,,,,,,,,,,,,No
,,,,,,91798524,Tools & Hardware,Power Tools,Cutting & Drilling Tools,2798524,DCS590B,"DCS590B Dewalt 20V Cordless - 7-1/4"" Circular Saw (Bare)",-- Unbranded --,-- No Unilog Brand --,DEWALT,Black & Decker/dewlt (2585),Black & Decker/dewlt,DEWALT®,,DCS590B,,Tools & Hardware>Power Tools>Cutting & Drilling Tools,"Black & Decker/dewlt, Cutting & Drilling Tool, DCS590B",CUTTING & DRILLING TOOL 20V,DEWALT® DCS590B Cutting & Drilling Tool,"DEWALT® Cutting & Drilling Tool, 20 V",Cutting & Drilling Tool,,,,,,,,,,,,,,,,,,,,,,,,,,,Cutting & Drilling Tool,Model,DCS590B,,Voltage Rating,20,V,,,,,,,,,,,,,,,,,,,,,,,,,,,,,,,,,,,,,,,,,,,,,,,,,,,,,,,,,,,,,,,,,,,,,,,,,,,,,,,,,,,,,,,,,,,,,,,,,,,,,,,,,,,,,,,,,,,,,,,,,,,,,,,,,,,,,,,,,,,,,,,,,,,,,,,,,,,,,,,,,,,,DEWALT_DCS590B.jpg,,,,,,,,,DEWALT_DCS590B_Specification_Sheet.pdf,,,,,,,,,,,,,,,,,,No
,,,,,,43800522,Tools & Hardware,Power Tools,Cutting & Drilling Tools,8800522,KPTCS725A,"KPTCS725A Kreg 20V Ionic 7-1/4"" Circ Saw",-- Unbranded --,-- No Unilog Brand --,-- No DIB Brand --,Kreg Tool Company (KRETO),Kreg Tool Company,Kreg Tool Company,,KPTCS725A,,Tools & Hardware>Power Tools>Cutting & Drilling Tools,"Kreg Tool Company, Cutting & Drilling Tool, KPTCS725A",CUTTING & DRILLING TOOL 20V 725A,Kreg Tool Company KPTCS725A Cutting & Drilling Tool,"Kreg Tool Company Cutting & Drilling Tool, 20 V, 725 A",Cutting & Drilling Tool,,,,,,,,,,,,,,,,,,,,,,,,,,,Cutting & Drilling Tool,Model,KPTCS725A,,Voltage Rating,20,V,Amperage Rating,725,A,,,,,,,,,,,,,,,,,,,,,,,,,,,,,,,,,,,,,,,,,,,,,,,,,,,,,,,,,,,,,,,,,,,,,,,,,,,,,,,,,,,,,,,,,,,,,,,,,,,,,,,,,,,,,,,,,,,,,,,,,,,,,,,,,,,,,,,,,,,,,,,,,,,,,,,,,,,,,,,,,Kreg_Tool_Company_KPTCS725A.jpg,,,,,,,,,Kreg_Tool_Company_KPTCS725A_Specification_Sheet.pdf,,,,,,,,,,,,,,,,,,No
,,,,,,56883721,Tools & Hardware,Power Tools,Cutting & Drilling Tools,3883721,KPTCS450A,"KPTCS450A Kreg 20V Ionic 4-1/2"" Circ Saw",-- Unbranded --,-- No Unilog Brand --,-- No DIB Brand --,Kreg Tool Company (KRETO),Kreg Tool Company,Kreg Tool Company,,KPTCS450A,,Tools & Hardware>Power Tools>Cutting & Drilling Tools,"Kreg Tool Company, Cutting & Drilling Tool, KPTCS450A",CUTTING & DRILLING TOOL 20V 450A,Kreg Tool Company KPTCS450A Cutting & Drilling Tool,"Kreg Tool Company Cutting & Drilling Tool, 20 V, 450 A",Cutting & Drilling Tool,,,,,,,,,,,,,,,,,,,,,,,,,,,Cutting & Drilling Tool,Model,KPTCS450A,,Voltage Rating,20,V,Amperage Rating,450,A,,,,,,,,,,,,,,,,,,,,,,,,,,,,,,,,,,,,,,,,,,,,,,,,,,,,,,,,,,,,,,,,,,,,,,,,,,,,,,,,,,,,,,,,,,,,,,,,,,,,,,,,,,,,,,,,,,,,,,,,,,,,,,,,,,,,,,,,,,,,,,,,,,,,,,,,,,,,,,,,,Kreg_Tool_Company_KPTCS450A.jpg,,,,,,,,,Kreg_Tool_Company_KPTCS450A_Specification_Sheet.pdf,,,,,,,,,,,,,,,,,,No
,,,,,,64224334,Tools & Hardware,Power Tools,Cutting & Drilling Tools,2224334,2545-20,2545-20 Milw M12 Jig Saw,-- Unbranded --,-- No Unilog Brand --,Milwaukee,Milwaukee Accessory (4031),Milwaukee Accessory,MILWAUKEE®,,2545-20,,Tools & Hardware>Power Tools>Cutting & Drilling Tools,"Milwaukee Accessory, Cutting & Drilling Tool, 2545-20",CUTTING & DRILLING TOOL,MILWAUKEE® 2545-20 Cutting & Drilling Tool,MILWAUKEE® Cutting & Drilling Tool,Cutting & Drilling Tool,,,,,,,,,,,,,,,,,,,,,,,,,,,Cutting & Drilling Tool,Model,2545-20,,,,,,,,,,,,,,,,,,,,,,,,,,,,,,,,,,,,,,,,,,,,,,,,,,,,,,,,,,,,,,,,,,,,,,,,,,,,,,,,,,,,,,,,,,,,,,,,,,,,,,,,,,,,,,,,,,,,,,,,,,,,,,,,,,,,,,,,,,,,,,,,,,,,,,,,,,,,,,,,,,,,,,,,MILWAUKEE_2545-20.jpg,,,,,,,,,MILWAUKEE_2545-20_Specification_Sheet.pdf,,,,,,,,,,,,,,,,,,No
,,,,,,30713473,Tools & Hardware,Power Tools,Cutting & Drilling Tools,4713473,KPTJS100A,KPTJS100A Kreg 20V Ionic Barrel Grip Jigsaw,-- Unbranded --,-- No Unilog Brand --,-- No DIB Brand --,Kreg Tool Company (KRETO),Kreg Tool Company,Kreg Tool Company,,KPTJS100A,,Tools & Hardware>Power Tools>Cutting & Drilling Tools,"Kreg Tool Company, Cutting & Drilling Tool, KPTJS100A",CUTTING & DRILLING TOOL 20V 100A,Kreg Tool Company KPTJS100A Cutting & Drilling Tool,"Kreg Tool Company Cutting & Drilling Tool, 20 V, 100 A",Cutting & Drilling Tool,,,,,,,,,,,,,,,,,,,,,,,,,,,Cutting & Drilling Tool,Model,KPTJS100A,,Voltage Rating,20,V,Amperage Rating,100,A,,,,,,,,,,,,,,,,,,,,,,,,,,,,,,,,,,,,,,,,,,,,,,,,,,,,,,,,,,,,,,,,,,,,,,,,,,,,,,,,,,,,,,,,,,,,,,,,,,,,,,,,,,,,,,,,,,,,,,,,,,,,,,,,,,,,,,,,,,,,,,,,,,,,,,,,,,,,,,,,,Kreg_Tool_Company_KPTJS100A.jpg,,,,,,,,,Kreg_Tool_Company_KPTJS100A_Specification_Sheet.pdf,,,,,,,,,,,,,,,,,,No
,,,,,,52138525,Tools & Hardware,Power Tools,Cutting & Drilling Tools,8138525,DCS714B,"DCS714B Dewalt 20V Miter Saw - (Bare) 10"" Double Bevel Fixed",-- Unbranded --,-- No Unilog Brand --,-- No DIB Brand --,Black & Decker/dewlt (2585),Black & Decker/dewlt,Black & Decker/dewlt,,DCS714B,,Tools & Hardware>Power Tools>Cutting & Drilling Tools,"Black & Decker/dewlt, Cutting & Drilling Tool, DCS714B",CUTTING & DRILLING TOOL 20V,Black & Decker/dewlt DCS714B Cutting & Drilling Tool,"Black & Decker/dewlt Cutting & Drilling Tool, 20 V",Cutting & Drilling Tool,,,,,,,,,,,,,,,,,,,,,,,,,,,Cutting & Drilling Tool,Model,DCS714B,,Voltage Rating,20,V,,,,,,,,,,,,,,,,,,,,,,,,,,,,,,,,,,,,,,,,,,,,,,,,,,,,,,,,,,,,,,,,,,,,,,,,,,,,,,,,,,,,,,,,,,,,,,,,,,,,,,,,,,,,,,,,,,,,,,,,,,,,,,,,,,,,,,,,,,,,,,,,,,,,,,,,,,,,,,,,,,,,Black_AND_Decker/dewlt_DCS714B.jpg,,,,,,,,,Black_AND_Decker/dewlt_DCS714B_Specification_Sheet.pdf,,,,,,,,,,,,,,,,,,No
,,,,,,64517673,Tools & Hardware,Power Tools,Cutting & Drilling Tools,2517673,DCS785B,"DCS785B Dewalt 20V Miter Saw - Kit 12"" Double Bevel Sliding",-- Unbranded --,-- No Unilog Brand --,-- No DIB Brand --,Black & Decker/dewlt (2585),Black & Decker/dewlt,Black & Decker/dewlt,,DCS785B,,Tools & Hardware>Power Tools>Cutting & Drilling Tools,"Black & Decker/dewlt, Cutting & Drilling Tool, DCS785B",CUTTING & DRILLING TOOL 20V,Black & Decker/dewlt DCS785B Cutting & Drilling Tool,"Black & Decker/dewlt Cutting & Drilling Tool, 20 V",Cutting & Drilling Tool,,,,,,,,,,,,,,,,,,,,,,,,,,,Cutting & Drilling Tool,Model,DCS785B,,Voltage Rating,20,V,,,,,,,,,,,,,,,,,,,,,,,,,,,,,,,,,,,,,,,,,,,,,,,,,,,,,,,,,,,,,,,,,,,,,,,,,,,,,,,,,,,,,,,,,,,,,,,,,,,,,,,,,,,,,,,,,,,,,,,,,,,,,,,,,,,,,,,,,,,,,,,,,,,,,,,,,,,,,,,,,,,,Black_AND_Decker/dewlt_DCS785B.jpg,,,,,,,,,Black_AND_Decker/dewlt_DCS785B_Specification_Sheet.pdf,,,,,,,,,,,,,,,,,,No
,,,,,,65707954,Tools & Hardware,Power Tools,Cutting & Drilling Tools,3707954,GSL02M1,"GSL02M1 Makita Miter Saw - 40V 8-1/2""",-- Unbranded --,-- No Unilog Brand --,-- No DIB Brand --,Makita Usa Inc (5142),Makita Usa Inc,Makita Usa Inc,,GSL02M1,,Tools & Hardware>Power Tools>Cutting & Drilling Tools,"Makita Usa Inc, Cutting & Drilling Tool, GSL02M1",CUTTING & DRILLING TOOL 40V,Makita Usa Inc GSL02M1 Cutting & Drilling Tool,"Makita Usa Inc Cutting & Drilling Tool, 40 V",Cutting & Drilling Tool,,,,,,,,,,,,,,,,,,,,,,,,,,,Cutting & Drilling Tool,Model,GSL02M1,,Voltage Rating,40,V,,,,,,,,,,,,,,,,,,,,,,,,,,,,,,,,,,,,,,,,,,,,,,,,,,,,,,,,,,,,,,,,,,,,,,,,,,,,,,,,,,,,,,,,,,,,,,,,,,,,,,,,,,,,,,,,,,,,,,,,,,,,,,,,,,,,,,,,,,,,,,,,,,,,,,,,,,,,,,,,,,,,Makita_Usa_Inc_GSL02M1.jpg,,,,,,,,,Makita_Usa_Inc_GSL02M1_Specification_Sheet.pdf,,,,,,,,,,,,,,,,,,No
,,,,,,19921360,Tools & Hardware,Power Tools,Cutting & Drilling Tools,2921360,DW7029,DW7029 Dewalt Miter Saw - Stand Support/Stop,-- Unbranded --,-- No Unilog Brand --,-- No DIB Brand --,Black & Decker/dewlt (2585),Black & Decker/dewlt,Black & Decker/dewlt,,DW7029,,Tools & Hardware>Power Tools>Cutting & Drilling Tools,"Black & Decker/dewlt, Cutting & Drilling Tool, DW7029",CUTTING & DRILLING TOOL,Black & Decker/dewlt DW7029 Cutting & Drilling Tool,Black & Decker/dewlt Cutting & Drilling Tool,Cutting & Drilling Tool,,,,,,,,,,,,,,,,,,,,,,,,,,,Cutting & Drilling Tool,Model,DW7029,,,,,,,,,,,,,,,,,,,,,,,,,,,,,,,,,,,,,,,,,,,,,,,,,,,,,,,,,,,,,,,,,,,,,,,,,,,,,,,,,,,,,,,,,,,,,,,,,,,,,,,,,,,,,,,,,,,,,,,,,,,,,,,,,,,,,,,,,,,,,,,,,,,,,,,,,,,,,,,,,,,,,,,,Black_AND_Decker/dewlt_DW7029.jpg,,,,,,,,,Black_AND_Decker/dewlt_DW7029_Specification_Sheet.pdf,,,,,,,,,,,,,,,,,,No
,,,,,,92922555,Tools & Hardware,Power Tools,Cutting & Drilling Tools,3922555,DCS384B,DCS384B Dewalt 20V Brushless - Cordless Recip Saw (Bare),-- Unbranded --,-- No Unilog Brand --,DEWALT,Black & Decker/dewlt (2585),Black & Decker/dewlt,DEWALT®,,DCS384B,,Tools & Hardware>Power Tools>Cutting & Drilling Tools,"Black & Decker/dewlt, Cutting & Drilling Tool, DCS384B",CUTTING & DRILLING TOOL 20V,DEWALT® DCS384B Cutting & Drilling Tool,"DEWALT® Cutting & Drilling Tool, 20 V",Cutting & Drilling Tool,,,,,,,,,,,,,,,,,,,,,,,,,,,Cutting & Drilling Tool,Model,DCS384B,,Voltage Rating,20,V,,,,,,,,,,,,,,,,,,,,,,,,,,,,,,,,,,,,,,,,,,,,,,,,,,,,,,,,,,,,,,,,,,,,,,,,,,,,,,,,,,,,,,,,,,,,,,,,,,,,,,,,,,,,,,,,,,,,,,,,,,,,,,,,,,,,,,,,,,,,,,,,,,,,,,,,,,,,,,,,,,,,DEWALT_DCS384B.jpg,,,,,,,,,DEWALT_DCS384B_Specification_Sheet.pdf,,,,,,,,,,,,,,,,,,No
,,,,,,19811650,Tools & Hardware,Power Tools,Cutting & Drilling Tools,2811650,XRJ08Z,XRJ08Z Makita 18V Recip Saw - Bare Tool,-- Unbranded --,-- No Unilog Brand --,-- No DIB Brand --,Makita Usa Inc (5142),Makita Usa Inc,Makita Usa Inc,,XRJ08Z,,Tools & Hardware>Power Tools>Cutting & Drilling Tools,"Makita Usa Inc, Cutting & Drilling Tool, XRJ08Z",CUTTING & DRILLING TOOL 18V,Makita Usa Inc XRJ08Z Cutting & Drilling Tool,"Makita Usa Inc Cutting & Drilling Tool, 18 V",Cutting & Drilling Tool,,,,,,,,,,,,,,,,,,,,,,,,,,,Cutting & Drilling Tool,Model,XRJ08Z,,Voltage Rating,18,V,,,,,,,,,,,,,,,,,,,,,,,,,,,,,,,,,,,,,,,,,,,,,,,,,,,,,,,,,,,,,,,,,,,,,,,,,,,,,,,,,,,,,,,,,,,,,,,,,,,,,,,,,,,,,,,,,,,,,,,,,,,,,,,,,,,,,,,,,,,,,,,,,,,,,,,,,,,,,,,,,,,,Makita_Usa_Inc_XRJ08Z.jpg,,,,,,,,,Makita_Usa_Inc_XRJ08Z_Specification_Sheet.pdf,,,,,,,,,,,,,,,,,,No
,,,,,,67205047,Tools & Hardware,Power Tools,Cutting & Drilling Tools,5205047,G0771Z,"Grizzly G0771Z 30"" Table Saw",-- Unbranded --,-- No Unilog Brand --,-- No DIB Brand --,Woodstock Intl (3658),Woodstock Intl,Woodstock Intl,,G0771Z,,Tools & Hardware>Power Tools>Cutting & Drilling Tools,"Woodstock Intl, Cutting & Drilling Tool, G0771Z",CUTTING & DRILLING TOOL,Woodstock Intl G0771Z Cutting & Drilling Tool,Woodstock Intl Cutting & Drilling Tool,Cutting & Drilling Tool,,,,,,,,,,,,,,,,,,,,,,,,,,,Cutting & Drilling Tool,Model,G0771Z,,,,,,,,,,,,,,,,,,,,,,,,,,,,,,,,,,,,,,,,,,,,,,,,,,,,,,,,,,,,,,,,,,,,,,,,,,,,,,,,,,,,,,,,,,,,,,,,,,,,,,,,,,,,,,,,,,,,,,,,,,,,,,,,,,,,,,,,,,,,,,,,,,,,,,,,,,,,,,,,,,,,,,,,Woodstock_Intl_G0771Z.jpg,,,,,,,,,Woodstock_Intl_G0771Z_Specification_Sheet.pdf,,,,,,,,,,,,,,,,,,No
,,,,,,30195292,Tools & Hardware,Power Tools,Cutting & Drilling Tools,4195292,TS1017,TS1017 Table Saw Zero-Clearance Insert,-- Unbranded --,-- No Unilog Brand --,-- No DIB Brand --,Robt Bosch Tool Corp (6564),Robt Bosch Tool Corp,Robt Bosch Tool Corp,,TS1017,,Tools & Hardware>Power Tools>Cutting & Drilling Tools,"Robt Bosch Tool Corp, Cutting & Drilling Tool, TS1017",CUTTING & DRILLING TOOL,Robt Bosch Tool Corp TS1017 Cutting & Drilling Tool,Robt Bosch Tool Corp Cutting & Drilling Tool,Cutting & Drilling Tool,,,,,,,,,,,,,,,,,,,,,,,,,,,Cutting & Drilling Tool,Model,TS1017,,,,,,,,,,,,,,,,,,,,,,,,,,,,,,,,,,,,,,,,,,,,,,,,,,,,,,,,,,,,,,,,,,,,,,,,,,,,,,,,,,,,,,,,,,,,,,,,,,,,,,,,,,,,,,,,,,,,,,,,,,,,,,,,,,,,,,,,,,,,,,,,,,,,,,,,,,,,,,,,,,,,,,,,Robt_Bosch_Tool_Corp_TS1017.jpg,,,,,,,,,Robt_Bosch_Tool_Corp_TS1017_Specification_Sheet.pdf,,,,,,,,,,,,,,,,,,No
,,,,,,72296677,Tools & Industrial Hardware,Industrial Maintenance,General Supplies,1296677,XT524,"XT524 24"" XT XTENDER Fence",-- Unbranded --,-- No Unilog Brand --,-- No DIB Brand --,Bow Products (BOWPR),Bow Products,Bow Products,,XT524,,Tools & Industrial Hardware>Industrial Maintenance>General Supplies,"Bow Products, General Supplie, XT524",GENERAL SUPPLIE,Bow Products XT524 General Supplie,Bow Products General Supplie,General Supplie,,,,,,,,,,,,,,,,,,,,,,,,,,,General Supplie,Model,XT524,,,,,,,,,,,,,,,,,,,,,,,,,,,,,,,,,,,,,,,,,,,,,,,,,,,,,,,,,,,,,,,,,,,,,,,,,,,,,,,,,,,,,,,,,,,,,,,,,,,,,,,,,,,,,,,,,,,,,,,,,,,,,,,,,,,,,,,,,,,,,,,,,,,,,,,,,,,,,,,,,,,,,,,,Bow_Products_XT524.jpg,,,,,,,,,Bow_Products_XT524_Specification_Sheet.pdf,,,,,,,,,,,,,,,,,,No
,,,,,,26625143,Tools & Industrial Hardware,Industrial Maintenance,General Supplies,9625143,XT536,"XT536 36"" XT XTENDER Fence",-- Unbranded --,-- No Unilog Brand --,-- No DIB Brand --,Bow Products (BOWPR),Bow Products,Bow Products,,XT536,,Tools & Industrial Hardware>Industrial Maintenance>General Supplies,"Bow Products, General Supplie, XT536",GENERAL SUPPLIE,Bow Products XT536 General Supplie,Bow Products General Supplie,General Supplie,,,,,,,,,,,,,,,,,,,,,,,,,,,General Supplie,Model,XT536,,,,,,,,,,,,,,,,,,,,,,,,,,,,,,,,,,,,,,,,,,,,,,,,,,,,,,,,,,,,,,,,,,,,,,,,,,,,,,,,,,,,,,,,,,,,,,,,,,,,,,,,,,,,,,,,,,,,,,,,,,,,,,,,,,,,,,,,,,,,,,,,,,,,,,,,,,,,,,,,,,,,,,,,Bow_Products_XT536.jpg,,,,,,,,,Bow_Products_XT536_Specification_Sheet.pdf,,,,,,,,,,,,,,,,,,No
,,,,,,19577418,Tools & Industrial Hardware,Industrial Maintenance,General Supplies,2577418,XT546,"XT546 46"" XT XTENDER Fence",-- Unbranded --,-- No Unilog Brand --,-- No DIB Brand --,Bow Products (BOWPR),Bow Products,Bow Products,,XT546,,Tools & Industrial Hardware>Industrial Maintenance>General Supplies,"Bow Products, General Supplie, XT546",GENERAL SUPPLIE,Bow Products XT546 General Supplie,Bow Products General Supplie,General Supplie,,,,,,,,,,,,,,,,,,,,,,,,,,,General Supplie,Model,XT546,,,,,,,,,,,,,,,,,,,,,,,,,,,,,,,,,,,,,,,,,,,,,,,,,,,,,,,,,,,,,,,,,,,,,,,,,,,,,,,,,,,,,,,,,,,,,,,,,,,,,,,,,,,,,,,,,,,,,,,,,,,,,,,,,,,,,,,,,,,,,,,,,,,,,,,,,,,,,,,,,,,,,,,,Bow_Products_XT546.jpg,,,,,,,,,Bow_Products_XT546_Specification_Sheet.pdf,,,,,,,,,,,,,,,,,,No
,,,,,,28302351,Tools & Industrial Hardware,Industrial Maintenance,General Supplies,2302351,XTP235,"35"" XTP XTENDER PRO Fence - XTP235",-- Unbranded --,-- No Unilog Brand --,-- No DIB Brand --,Bow Products (BOWPR),Bow Products,Bow Products,,XTP235,,Tools & Industrial Hardware>Industrial Maintenance>General Supplies,"Bow Products, General Supplie, XTP235",GENERAL SUPPLIE,Bow Products XTP235 General Supplie,Bow Products General Supplie,General Supplie,,,,,,,,,,,,,,,,,,,,,,,,,,,General Supplie,Model,XTP235,,,,,,,,,,,,,,,,,,,,,,,,,,,,,,,,,,,,,,,,,,,,,,,,,,,,,,,,,,,,,,,,,,,,,,,,,,,,,,,,,,,,,,,,,,,,,,,,,,,,,,,,,,,,,,,,,,,,,,,,,,,,,,,,,,,,,,,,,,,,,,,,,,,,,,,,,,,,,,,,,,,,,,,,Bow_Products_XTP235.jpg,,,,,,,,,Bow_Products_XTP235_Specification_Sheet.pdf,,,,,,,,,,,,,,,,,,No
,,,,,,53217964,Tools & Hardware,Power Tools,Cutting & Drilling Tools,9217964,TGP2-FA,TGP2-FA T-Glide Fence Professional,-- Unbranded --,-- No Unilog Brand --,-- No DIB Brand --,Saw Stop LLC (SAWST),Saw Stop LLC,Saw Stop LLC,,TGP2-FA,,Tools & Hardware>Power Tools>Cutting & Drilling Tools,"Saw Stop LLC, Cutting & Drilling Tool, TGP2-FA",CUTTING & DRILLING TOOL,Saw Stop LLC TGP2-FA Cutting & Drilling Tool,Saw Stop LLC Cutting & Drilling Tool,Cutting & Drilling Tool,,,,,,,,,,,,,,,,,,,,,,,,,,,Cutting & Drilling Tool,Model,TGP2-FA,,,,,,,,,,,,,,,,,,,,,,,,,,,,,,,,,,,,,,,,,,,,,,,,,,,,,,,,,,,,,,,,,,,,,,,,,,,,,,,,,,,,,,,,,,,,,,,,,,,,,,,,,,,,,,,,,,,,,,,,,,,,,,,,,,,,,,,,,,,,,,,,,,,,,,,,,,,,,,,,,,,,,,,,Saw_Stop_LLC_TGP2-FA.jpg,,,,,,,,,Saw_Stop_LLC_TGP2-FA_Specification_Sheet.pdf,,,,,,,,,,,,,,,,,,No
,,,,,,98103293,Tools & Hardware,Power Tools,Cutting & Drilling Tools,9103293,ATGI-FA,ATGI-FA T-Glide Advanced Fence Industrial,-- Unbranded --,-- No Unilog Brand --,-- No DIB Brand --,Saw Stop LLC (SAWST),Saw Stop LLC,Saw Stop LLC,,ATGI-FA,,Tools & Hardware>Power Tools>Cutting & Drilling Tools,"Saw Stop LLC, Cutting & Drilling Tool, ATGI-FA",CUTTING & DRILLING TOOL,Saw Stop LLC ATGI-FA Cutting & Drilling Tool,Saw Stop LLC Cutting & Drilling Tool,Cutting & Drilling Tool,,,,,,,,,,,,,,,,,,,,,,,,,,,Cutting & Drilling Tool,Model,ATGI-FA,,,,,,,,,,,,,,,,,,,,,,,,,,,,,,,,,,,,,,,,,,,,,,,,,,,,,,,,,,,,,,,,,,,,,,,,,,,,,,,,,,,,,,,,,,,,,,,,,,,,,,,,,,,,,,,,,,,,,,,,,,,,,,,,,,,,,,,,,,,,,,,,,,,,,,,,,,,,,,,,,,,,,,,,Saw_Stop_LLC_ATGI-FA.jpg,,,,,,,,,Saw_Stop_LLC_ATGI-FA_Specification_Sheet.pdf,,,,,,,,,,,,,,,,,,No
,,,,,,72057445,Tools & Hardware,Power Tools,Cutting & Drilling Tools,1057445,ATGP-FA,ATGP-FA T-Glide Advance Fence Professional,-- Unbranded --,-- No Unilog Brand --,-- No DIB Brand --,Saw Stop LLC (SAWST),Saw Stop LLC,Saw Stop LLC,,ATGP-FA,,Tools & Hardware>Power Tools>Cutting & Drilling Tools,"Saw Stop LLC, Cutting & Drilling Tool, ATGP-FA",CUTTING & DRILLING TOOL,Saw Stop LLC ATGP-FA Cutting & Drilling Tool,Saw Stop LLC Cutting & Drilling Tool,Cutting & Drilling Tool,,,,,,,,,,,,,,,,,,,,,,,,,,,Cutting & Drilling Tool,Model,ATGP-FA,,,,,,,,,,,,,,,,,,,,,,,,,,,,,,,,,,,,,,,,,,,,,,,,,,,,,,,,,,,,,,,,,,,,,,,,,,,,,,,,,,,,,,,,,,,,,,,,,,,,,,,,,,,,,,,,,,,,,,,,,,,,,,,,,,,,,,,,,,,,,,,,,,,,,,,,,,,,,,,,,,,,,,,,Saw_Stop_LLC_ATGP-FA.jpg,,,,,,,,,Saw_Stop_LLC_ATGP-FA_Specification_Sheet.pdf,,,,,,,,,,,,,,,,,,No
,,,,,,36364373,Tools & Hardware,Power Tools,Cutting & Drilling Tools,1364373,TGI2-FA,TGI2-FA T-Glide Fence Indudtrial,-- Unbranded --,-- No Unilog Brand --,-- No DIB Brand --,Saw Stop LLC (SAWST),Saw Stop LLC,Saw Stop LLC,,TGI2-FA,,Tools & Hardware>Power Tools>Cutting & Drilling Tools,"Saw Stop LLC, Cutting & Drilling Tool, TGI2-FA",CUTTING & DRILLING TOOL,Saw Stop LLC TGI2-FA Cutting & Drilling Tool,Saw Stop LLC Cutting & Drilling Tool,Cutting & Drilling Tool,,,,,,,,,,,,,,,,,,,,,,,,,,,Cutting & Drilling Tool,Model,TGI2-FA,,,,,,,,,,,,,,,,,,,,,,,,,,,,,,,,,,,,,,,,,,,,,,,,,,,,,,,,,,,,,,,,,,,,,,,,,,,,,,,,,,,,,,,,,,,,,,,,,,,,,,,,,,,,,,,,,,,,,,,,,,,,,,,,,,,,,,,,,,,,,,,,,,,,,,,,,,,,,,,,,,,,,,,,Saw_Stop_LLC_TGI2-FA.jpg,,,,,,,,,Saw_Stop_LLC_TGI2-FA_Specification_Sheet.pdf,,,,,,,,,,,,,,,,,,No
,,,,,,44005946,Tools & Hardware,Power Tools,Cutting & Drilling Tools,9005946,TGI2-T36A,"TGI2-T36A 36"" Table Assembly Industrial",-- Unbranded --,-- No Unilog Brand --,-- No DIB Brand --,Saw Stop LLC (SAWST),Saw Stop LLC,Saw Stop LLC,,TGI2-T36A,,Tools & Hardware>Power Tools>Cutting & Drilling Tools,"Saw Stop LLC, Cutting & Drilling Tool, TGI2-T36A",CUTTING & DRILLING TOOL 36A,Saw Stop LLC TGI2-T36A Cutting & Drilling Tool,"Saw Stop LLC Cutting & Drilling Tool, 36 A",Cutting & Drilling Tool,,,,,,,,,,,,,,,,,,,,,,,,,,,Cutting & Drilling Tool,Model,TGI2-T36A,,Amperage Rating,36,A,,,,,,,,,,,,,,,,,,,,,,,,,,,,,,,,,,,,,,,,,,,,,,,,,,,,,,,,,,,,,,,,,,,,,,,,,,,,,,,,,,,,,,,,,,,,,,,,,,,,,,,,,,,,,,,,,,,,,,,,,,,,,,,,,,,,,,,,,,,,,,,,,,,,,,,,,,,,,,,,,,,,Saw_Stop_LLC_TGI2-T36A.jpg,,,,,,,,,Saw_Stop_LLC_TGI2-T36A_Specification_Sheet.pdf,,,,,,,,,,,,,,,,,,No
,,,,,,70897277,Tools & Hardware,Power Tools,Cutting & Drilling Tools,8897277,KPTBPS100A,"KPTBPS100A Kreg 20V Ionic 6-1/2"" Plunge-Cut Track Saw Kit",-- Unbranded --,-- No Unilog Brand --,-- No DIB Brand --,Kreg Tool Company (KRETO),Kreg Tool Company,Kreg Tool Company,,KPTBPS100A,,Tools & Hardware>Power Tools>Cutting & Drilling Tools,"Kreg Tool Company, Cutting & Drilling Tool, KPTBPS100A",CUTTING & DRILLING TOOL 20V 100A,Kreg Tool Company KPTBPS100A Cutting & Drilling Tool,"Kreg Tool Company Cutting & Drilling Tool, 20 V, 100 A",Cutting & Drilling Tool,,,,,,,,,,,,,,,,,,,,,,,,,,,Cutting & Drilling Tool,Model,KPTBPS100A,,Voltage Rating,20,V,Amperage Rating,100,A,,,,,,,,,,,,,,,,,,,,,,,,,,,,,,,,,,,,,,,,,,,,,,,,,,,,,,,,,,,,,,,,,,,,,,,,,,,,,,,,,,,,,,,,,,,,,,,,,,,,,,,,,,,,,,,,,,,,,,,,,,,,,,,,,,,,,,,,,,,,,,,,,,,,,,,,,,,,,,,,,Kreg_Tool_Company_KPTBPS100A.jpg,,,,,,,,,Kreg_Tool_Company_KPTBPS100A_Specification_Sheet.pdf,,,,,,,,,,,,,,,,,,No
,,,,,,64463234,Building Materials,Decking & Building Products,Composite Decking & Trim,2463234,DCB606C,DCB606C Dewalt Flexvolt Starter Kit,-- Unbranded --,-- No Unilog Brand --,-- No DIB Brand --,Black & Decker/dewlt (2585),Black & Decker/dewlt,Black & Decker/dewlt,,DCB606C,,Building Materials>Decking & Building Products>Composite Decking,"Black & Decker/dewlt, Composite Decking & Trim, DCB606C",COMPOSITE DECKING & TRIM,Black & Decker/dewlt DCB606C Composite Decking & Trim,Black & Decker/dewlt Composite Decking & Trim,Composite Decking & Trim,,,,,,,,,,,,,,,,,,,,,,,,,,,Composite Decking & Trim,Model,DCB606C,,,,,,,,,,,,,,,,,,,,,,,,,,,,,,,,,,,,,,,,,,,,,,,,,,,,,,,,,,,,,,,,,,,,,,,,,,,,,,,,,,,,,,,,,,,,,,,,,,,,,,,,,,,,,,,,,,,,,,,,,,,,,,,,,,,,,,,,,,,,,,,,,,,,,,,,,,,,,,,,,,,,,,,,Black_AND_Decker/dewlt_DCB606C.jpg,,,,,,,,,Black_AND_Decker/dewlt_DCB606C_Specification_Sheet.pdf,,,,,,,,,,,,,,,,,,No
,,,,,,43298899,Tools & Industrial Hardware,Industrial Maintenance,General Supplies,8298899,BL1850BDC1,BL1850BDC1 Makita Starter Kit,-- Unbranded --,-- No Unilog Brand --,-- No DIB Brand --,Makita Usa Inc (5142),Makita Usa Inc,Makita Usa Inc,,BL1850BDC1,BL1850BDC2X1,Tools & Industrial Hardware>Industrial Maintenance>General Supplies,"Makita Usa Inc, General Supplie, BL1850BDC1",GENERAL SUPPLIE,Makita Usa Inc BL1850BDC1 General Supplie,Makita Usa Inc General Supplie,General Supplie,,,,,,,,,,,,,,,,,,,,,,,,,,,General Supplie,Model,BL1850BDC1,,,,,,,,,,,,,,,,,,,,,,,,,,,,,,,,,,,,,,,,,,,,,,,,,,,,,,,,,,,,,,,,,,,,,,,,,,,,,,,,,,,,,,,,,,,,,,,,,,,,,,,,,,,,,,,,,,,,,,,,,,,,,,,,,,,,,,,,,,,,,,,,,,,,,,,,,,,,,,,,,,,,,,,,Makita_Usa_Inc_BL1850BDC1.jpg,,,,,,,,,Makita_Usa_Inc_BL1850BDC1_Specification_Sheet.pdf,,,,,,,,,,,,,,,,,,No
,,,,,,44963952,Building Materials,Decking & Building Products,Composite Decking & Trim,9963952,DCB205C,DCB205C 20V Starter Kit,-- Unbranded --,-- No Unilog Brand --,DEWALT,Black & Decker/dewlt (2585),Black & Decker/dewlt,DEWALT®,,DCB205C,,Building Materials>Decking & Building Products>Composite Decking,"Black & Decker/dewlt, Composite Decking & Trim, DCB205C",COMPOSITE DECKING & TRIM 20V,DEWALT® DCB205C Composite Decking & Trim,"DEWALT® Composite Decking & Trim, 20 V",Composite Decking & Trim,,,,,,,,,,,,,,,,,,,,,,,,,,,Composite Decking & Trim,Model,DCB205C,,Voltage Rating,20,V,,,,,,,,,,,,,,,,,,,,,,,,,,,,,,,,,,,,,,,,,,,,,,,,,,,,,,,,,,,,,,,,,,,,,,,,,,,,,,,,,,,,,,,,,,,,,,,,,,,,,,,,,,,,,,,,,,,,,,,,,,,,,,,,,,,,,,,,,,,,,,,,,,,,,,,,,,,,,,,,,,,,DEWALT_DCB205C.jpg,,,,,,,,,DEWALT_DCB205C_Specification_Sheet.pdf,,,,,,,,,,,,,,,,,,No
,,,,,,42713501,Building Materials,Decking & Building Products,Composite Decking & Trim,7713501,DCB2108,DCB2108 Dewalt 20V 8Ah Battery - Max XR Powerpack,-- Unbranded --,-- No Unilog Brand --,DEWALT,Black & Decker/dewlt (2585),Black & Decker/dewlt,DEWALT®,,DCB2108,,Building Materials>Decking & Building Products>Composite Decking,"Black & Decker/dewlt, Composite Decking & Trim, DCB2108",COMPOSITE DECKING & TRIM 20V,DEWALT® DCB2108 Composite Decking & Trim,"DEWALT® Composite Decking & Trim, 20 V",Composite Decking & Trim,,,,,,,,,,,,,,,,,,,,,,,,,,,Composite Decking & Trim,Model,DCB2108,,Voltage Rating,20,V,,,,,,,,,,,,,,,,,,,,,,,,,,,,,,,,,,,,,,,,,,,,,,,,,,,,,,,,,,,,,,,,,,,,,,,,,,,,,,,,,,,,,,,,,,,,,,,,,,,,,,,,,,,,,,,,,,,,,,,,,,,,,,,,,,,,,,,,,,,,,,,,,,,,,,,,,,,,,,,,,,,,DEWALT_DCB2108.jpg,,,,,,,,,DEWALT_DCB2108_Specification_Sheet.pdf,,,,,,,,,,,,,,,,,,No
,,,,,,21754742,Building Materials,Decking & Building Products,Composite Decking & Trim,4754742,DCB2108-2,DCB2108-2 Dewalt 20V 8Ah 2pk - Battery Max XR Powerpack,-- Unbranded --,-- No Unilog Brand --,-- No DIB Brand --,Black & Decker/dewlt (2585),Black & Decker/dewlt,Black & Decker/dewlt,,DCB2108-2,,Building Materials>Decking & Building Products>Composite Decking,"Black & Decker/dewlt, Composite Decking & Trim, DCB2108-2",COMPOSITE DECKING & TRIM 20V,Black & Decker/dewlt DCB2108-2 Composite Decking & Trim,"Black & Decker/dewlt Composite Decking & Trim, 20 V",Composite Decking & Trim,,,,,,,,,,,,,,,,,,,,,,,,,,,Composite Decking & Trim,Model,DCB2108-2,,Voltage Rating,20,V,,,,,,,,,,,,,,,,,,,,,,,,,,,,,,,,,,,,,,,,,,,,,,,,,,,,,,,,,,,,,,,,,,,,,,,,,,,,,,,,,,,,,,,,,,,,,,,,,,,,,,,,,,,,,,,,,,,,,,,,,,,,,,,,,,,,,,,,,,,,,,,,,,,,,,,,,,,,,,,,,,,,Black_AND_Decker/dewlt_DCB2108-2.jpg,,,,,,,,,Black_AND_Decker/dewlt_DCB2108-2_Specification_Sheet.pdf,,,,,,,,,,,,,,,,,,No
,,,,,,49525108,Tools & Industrial Hardware,Industrial Maintenance,General Supplies,5525108,VB0212,VB0212 Senco 18V 2.0 AH Lithium Battery,-- Unbranded --,-- No Unilog Brand --,-- No DIB Brand --,Senco Products Inc (4650),Senco Products Inc,Senco Products Inc,,VB0212,,Tools & Industrial Hardware>Industrial Maintenance>General Supplies,"Senco Products Inc, General Supplie, VB0212",GENERAL SUPPLIE 18V,Senco Products Inc VB0212 General Supplie,"Senco Products Inc General Supplie, 18 V",General Supplie,,,,,,,,,,,,,,,,,,,,,,,,,,,General Supplie,Model,VB0212,,Voltage Rating,18,V,,,,,,,,,,,,,,,,,,,,,,,,,,,,,,,,,,,,,,,,,,,,,,,,,,,,,,,,,,,,,,,,,,,,,,,,,,,,,,,,,,,,,,,,,,,,,,,,,,,,,,,,,,,,,,,,,,,,,,,,,,,,,,,,,,,,,,,,,,,,,,,,,,,,,,,,,,,,,,,,,,,,Senco_Products_Inc_VB0212.jpg,,,,,,,,,Senco_Products_Inc_VB0212_Specification_Sheet.pdf,,,,,,,,,,,,,,,,,,No
,,,,,,37753533,Tools & Industrial Hardware,Industrial Maintenance,General Supplies,2753533,BCB2A20A,BCB2A20A Kreg 20V Battery/Charger Starter Kit,-- Unbranded --,-- No Unilog Brand --,-- No DIB Brand --,Kreg Tool Company (KRETO),Kreg Tool Company,Kreg Tool Company,,BCB2A20A,,Tools & Industrial Hardware>Industrial Maintenance>General Supplies,"Kreg Tool Company, General Supplie, BCB2A20A",GENERAL SUPPLIE 20V 20A,Kreg Tool Company BCB2A20A General Supplie,"Kreg Tool Company General Supplie, 20 V, 20 A",General Supplie,,,,,,,,,,,,,,,,,,,,,,,,,,,General Supplie,Model,BCB2A20A,,Voltage Rating,20,V,Amperage Rating,20,A,,,,,,,,,,,,,,,,,,,,,,,,,,,,,,,,,,,,,,,,,,,,,,,,,,,,,,,,,,,,,,,,,,,,,,,,,,,,,,,,,,,,,,,,,,,,,,,,,,,,,,,,,,,,,,,,,,,,,,,,,,,,,,,,,,,,,,,,,,,,,,,,,,,,,,,,,,,,,,,,,Kreg_Tool_Company_BCB2A20A.jpg,,,,,,,,,Kreg_Tool_Company_BCB2A20A_Specification_Sheet.pdf,,,,,,,,,,,,,,,,,,No
,,,,,,59937522,Tools & Industrial Hardware,Industrial Maintenance,General Supplies,6937522,BATT4A,BATT4A Kreg 20V 4ah Battery Pack,-- Unbranded --,-- No Unilog Brand --,-- No DIB Brand --,Kreg Tool Company (KRETO),Kreg Tool Company,Kreg Tool Company,,BATT4A,,Tools & Industrial Hardware>Industrial Maintenance>General Supplies,"Kreg Tool Company, General Supplie, BATT4A",GENERAL SUPPLIE 20V 4A,Kreg Tool Company BATT4A General Supplie,"Kreg Tool Company General Supplie, 20 V, 4 A",General Supplie,,,,,,,,,,,,,,,,,,,,,,,,,,,General Supplie,Model,BATT4A,,Voltage Rating,20,V,Amperage Rating,4,A,,,,,,,,,,,,,,,,,,,,,,,,,,,,,,,,,,,,,,,,,,,,,,,,,,,,,,,,,,,,,,,,,,,,,,,,,,,,,,,,,,,,,,,,,,,,,,,,,,,,,,,,,,,,,,,,,,,,,,,,,,,,,,,,,,,,,,,,,,,,,,,,,,,,,,,,,,,,,,,,,Kreg_Tool_Company_BATT4A.jpg,,,,,,,,,Kreg_Tool_Company_BATT4A_Specification_Sheet.pdf,,,,,,,,,,,,,,,,,,No
,,,,,,52369295,Tools & Industrial Hardware,Industrial Maintenance,General Supplies,8369295,BATT2A,BATT2A Kreg 20V 2ah Battery Pack,-- Unbranded --,-- No Unilog Brand --,-- No DIB Brand --,Kreg Tool Company (KRETO),Kreg Tool Company,Kreg Tool Company,,BATT2A,,Tools & Industrial Hardware>Industrial Maintenance>General Supplies,"Kreg Tool Company, General Supplie, BATT2A",GENERAL SUPPLIE 20V 2A,Kreg Tool Company BATT2A General Supplie,"Kreg Tool Company General Supplie, 20 V, 2 A",General Supplie,,,,,,,,,,,,,,,,,,,,,,,,,,,General Supplie,Model,BATT2A,,Voltage Rating,20,V,Amperage Rating,2,A,,,,,,,,,,,,,,,,,,,,,,,,,,,,,,,,,,,,,,,,,,,,,,,,,,,,,,,,,,,,,,,,,,,,,,,,,,,,,,,,,,,,,,,,,,,,,,,,,,,,,,,,,,,,,,,,,,,,,,,,,,,,,,,,,,,,,,,,,,,,,,,,,,,,,,,,,,,,,,,,,Kreg_Tool_Company_BATT2A.jpg,,,,,,,,,Kreg_Tool_Company_BATT2A_Specification_Sheet.pdf,,,,,,,,,,,,,,,,,,No
,,,,,,82605656,Tools & Industrial Hardware,Industrial Maintenance,General Supplies,2605656,BL1850BDC2X1,BL1850BDC2X1 Makita Starter Kit,-- Unbranded --,-- No Unilog Brand --,-- No DIB Brand --,Makita Usa Inc (5142),Makita Usa Inc,Makita Usa Inc,,BL1850BDC2X1,BL1850BDC1,Tools & Industrial Hardware>Industrial Maintenance>General Supplies,"Makita Usa Inc, General Supplie, BL1850BDC2X1",GENERAL SUPPLIE,Makita Usa Inc BL1850BDC2X1 General Supplie,Makita Usa Inc General Supplie,General Supplie,,,,,,,,,,,,,,,,,,,,,,,,,,,General Supplie,Model,BL1850BDC2X1,,,,,,,,,,,,,,,,,,,,,,,,,,,,,,,,,,,,,,,,,,,,,,,,,,,,,,,,,,,,,,,,,,,,,,,,,,,,,,,,,,,,,,,,,,,,,,,,,,,,,,,,,,,,,,,,,,,,,,,,,,,,,,,,,,,,,,,,,,,,,,,,,,,,,,,,,,,,,,,,,,,,,,,,Makita_Usa_Inc_BL1850BDC2X1.jpg,,,,,,,,,Makita_Usa_Inc_BL1850BDC2X1_Specification_Sheet.pdf,,,,,,,,,,,,,,,,,,No
,,,,,,45412101,Tools & Industrial Hardware,Industrial Maintenance,General Supplies,1412101,48-11-2422,48-11-2422 Milw M12 CP2.0 Battery Two Pack,-- Unbranded --,-- No Unilog Brand --,-- No DIB Brand --,Milwaukee Accessory (4031),Milwaukee Accessory,Milwaukee Accessory,,48-11-2422,,Tools & Industrial Hardware>Industrial Maintenance>General Supplies,"Milwaukee Accessory, General Supplie, 48-11-2422",GENERAL SUPPLIE,Milwaukee Accessory 48-11-2422 General Supplie,Milwaukee Accessory General Supplie,General Supplie,,,,,,,,,,,,,,,,,,,,,,,,,,,General Supplie,Model,48-11-2422,,,,,,,,,,,,,,,,,,,,,,,,,,,,,,,,,,,,,,,,,,,,,,,,,,,,,,,,,,,,,,,,,,,,,,,,,,,,,,,,,,,,,,,,,,,,,,,,,,,,,,,,,,,,,,,,,,,,,,,,,,,,,,,,,,,,,,,,,,,,,,,,,,,,,,,,,,,,,,,,,,,,,,,,Milwaukee_Accessory_48-11-2422.jpg,,,,,,,,,Milwaukee_Accessory_48-11-2422_Specification_Sheet.pdf,,,,,,,,,,,,,,,,,,No
,,,,,,37223146,Building Materials,Decking & Building Products,Composite Decking & Trim,2223146,DCB1104,DCB1104 Dewalt 12V/20V Charger - 4 Amp,-- Unbranded --,-- No Unilog Brand --,-- No DIB Brand --,Black & Decker/dewlt (2585),Black & Decker/dewlt,Black & Decker/dewlt,,DCB1104,,Building Materials>Decking & Building Products>Composite Decking,"Black & Decker/dewlt, Composite Decking & Trim, DCB1104",COMPOSITE DECKING & TRIM 12V 4A,Black & Decker/dewlt DCB1104 Composite Decking & Trim,"Black & Decker/dewlt Composite Decking & Trim, 12 V, 4 A",Composite Decking & Trim,,,,,,,,,,,,,,,,,,,,,,,,,,,Composite Decking & Trim,Model,DCB1104,,Voltage Rating,12,V,Amperage Rating,4,A,,,,,,,,,,,,,,,,,,,,,,,,,,,,,,,,,,,,,,,,,,,,,,,,,,,,,,,,,,,,,,,,,,,,,,,,,,,,,,,,,,,,,,,,,,,,,,,,,,,,,,,,,,,,,,,,,,,,,,,,,,,,,,,,,,,,,,,,,,,,,,,,,,,,,,,,,,,,,,,,,Black_AND_Decker/dewlt_DCB1104.jpg,,,,,,,,,Black_AND_Decker/dewlt_DCB1104_Specification_Sheet.pdf,,,,,,,,,,,,,,,,,,No
,,,,,,12414323,Tools & Industrial Hardware,Industrial Maintenance,General Supplies,4414323,48-59-1804,48-59-1804 Milw M18 and M12 Rapid Charger,-- Unbranded --,-- No Unilog Brand --,-- No DIB Brand --,Milwaukee Accessory (4031),Milwaukee Accessory,Milwaukee Accessory,,48-59-1804,,Tools & Industrial Hardware>Industrial Maintenance>General Supplies,"Milwaukee Accessory, General Supplie, 48-59-1804",GENERAL SUPPLIE,Milwaukee Accessory 48-59-1804 General Supplie,Milwaukee Accessory General Supplie,General Supplie,,,,,,,,,,,,,,,,,,,,,,,,,,,General Supplie,Model,48-59-1804,,,,,,,,,,,,,,,,,,,,,,,,,,,,,,,,,,,,,,,,,,,,,,,,,,,,,,,,,,,,,,,,,,,,,,,,,,,,,,,,,,,,,,,,,,,,,,,,,,,,,,,,,,,,,,,,,,,,,,,,,,,,,,,,,,,,,,,,,,,,,,,,,,,,,,,,,,,,,,,,,,,,,,,,Milwaukee_Accessory_48-59-1804.jpg,,,,,,,,,Milwaukee_Accessory_48-59-1804_Specification_Sheet.pdf,,,,,,,,,,,,,,,,,,No
,,,,,,84577590,Tools & Industrial Hardware,Industrial Maintenance,General Supplies,4577590,CRGR401A,CRGR401A Kreg 20V Fast Charger,-- Unbranded --,-- No Unilog Brand --,-- No DIB Brand --,Kreg Tool Company (KRETO),Kreg Tool Company,Kreg Tool Company,,CRGR401A,,Tools & Industrial Hardware>Industrial Maintenance>General Supplies,"Kreg Tool Company, General Supplie, CRGR401A",GENERAL SUPPLIE 20V 401A,Kreg Tool Company CRGR401A General Supplie,"Kreg Tool Company General Supplie, 20 V, 401 A",General Supplie,,,,,,,,,,,,,,,,,,,,,,,,,,,General Supplie,Model,CRGR401A,,Voltage Rating,20,V,Amperage Rating,401,A,,,,,,,,,,,,,,,,,,,,,,,,,,,,,,,,,,,,,,,,,,,,,,,,,,,,,,,,,,,,,,,,,,,,,,,,,,,,,,,,,,,,,,,,,,,,,,,,,,,,,,,,,,,,,,,,,,,,,,,,,,,,,,,,,,,,,,,,,,,,,,,,,,,,,,,,,,,,,,,,,Kreg_Tool_Company_CRGR401A.jpg,,,,,,,,,Kreg_Tool_Company_CRGR401A_Specification_Sheet.pdf,,,,,,,,,,,,,,,,,,No
,,,,,,81981454,Tools & Industrial Hardware,Industrial Maintenance,General Supplies,1981454,48-59-1211,48-59-1211 Milw Power Supply - Charger,-- Unbranded --,-- No Unilog Brand --,Milwaukee,Milwaukee Accessory (4031),Milwaukee Accessory,MILWAUKEE®,,48-59-1211,,Tools & Industrial Hardware>Industrial Maintenance>General Supplies,"Milwaukee Accessory, General Supplie, 48-59-1211",GENERAL SUPPLIE,MILWAUKEE® 48-59-1211 General Supplie,MILWAUKEE® General Supplie,General Supplie,,,,,,,,,,,,,,,,,,,,,,,,,,,General Supplie,Model,48-59-1211,,,,,,,,,,,,,,,,,,,,,,,,,,,,,,,,,,,,,,,,,,,,,,,,,,,,,,,,,,,,,,,,,,,,,,,,,,,,,,,,,,,,,,,,,,,,,,,,,,,,,,,,,,,,,,,,,,,,,,,,,,,,,,,,,,,,,,,,,,,,,,,,,,,,,,,,,,,,,,,,,,,,,,,,MILWAUKEE_48-59-1211.jpg,,,,,,,,,MILWAUKEE_48-59-1211_Specification_Sheet.pdf,,,,,,,,,,,,,,,,,,No
,,,,,,15074216,Tools & Industrial Hardware,Industrial Maintenance,General Supplies,7074216,2847-20,2847-20 Milw M18 Charger and Power Supply,-- Unbranded --,-- No Unilog Brand --,-- No DIB Brand --,Milwaukee Accessory (4031),Milwaukee Accessory,Milwaukee Accessory,,2847-20,,Tools & Industrial Hardware>Industrial Maintenance>General Supplies,"Milwaukee Accessory, General Supplie, 2847-20",GENERAL SUPPLIE,Milwaukee Accessory 2847-20 General Supplie,Milwaukee Accessory General Supplie,General Supplie,,,,,,,,,,,,,,,,,,,,,,,,,,,General Supplie,Model,2847-20,,,,,,,,,,,,,,,,,,,,,,,,,,,,,,,,,,,,,,,,,,,,,,,,,,,,,,,,,,,,,,,,,,,,,,,,,,,,,,,,,,,,,,,,,,,,,,,,,,,,,,,,,,,,,,,,,,,,,,,,,,,,,,,,,,,,,,,,,,,,,,,,,,,,,,,,,,,,,,,,,,,,,,,,Milwaukee_Accessory_2847-20.jpg,,,,,,,,,Milwaukee_Accessory_2847-20_Specification_Sheet.pdf,,,,,,,,,,,,,,,,,,No
,,,,,,92275178,Building Materials,Decking & Building Products,Composite Decking & Trim,3275178,DWV9401,DWV9401 Dewalt Paper Bag - 5pk,-- Unbranded --,-- No Unilog Brand --,-- No DIB Brand --,Black & Decker/dewlt (2585),Black & Decker/dewlt,Black & Decker/dewlt,,DWV9401,,Building Materials>Decking & Building Products>Composite Decking,"Black & Decker/dewlt, Composite Decking & Trim, DWV9401",COMPOSITE DECKING & TRIM,Black & Decker/dewlt DWV9401 Composite Decking & Trim,Black & Decker/dewlt Composite Decking & Trim,Composite Decking & Trim,,,,,,,,,,,,,,,,,,,,,,,,,,,Composite Decking & Trim,Model,DWV9401,,,,,,,,,,,,,,,,,,,,,,,,,,,,,,,,,,,,,,,,,,,,,,,,,,,,,,,,,,,,,,,,,,,,,,,,,,,,,,,,,,,,,,,,,,,,,,,,,,,,,,,,,,,,,,,,,,,,,,,,,,,,,,,,,,,,,,,,,,,,,,,,,,,,,,,,,,,,,,,,,,,,,,,,Black_AND_Decker/dewlt_DWV9401.jpg,,,,,,,,,Black_AND_Decker/dewlt_DWV9401_Specification_Sheet.pdf,,,,,,,,,,,,,,,,,,No
,,,,,,58120813,Tools & Industrial Hardware,Industrial Maintenance,General Supplies,5120813,578512,578512 Festool Dust Extractor-CT MIDI I HEPA,-- Unbranded --,-- No Unilog Brand --,-- No DIB Brand --,Festool USA (FESTO),Festool USA,Festool USA,,578512,,Tools & Industrial Hardware>Industrial Maintenance>General Supplies,"Festool USA, General Supplie, 578512",GENERAL SUPPLIE,Festool USA 578512 General Supplie,Festool USA General Supplie,General Supplie,,,,,,,,,,,,,,,,,,,,,,,,,,,General Supplie,Model,578512,,,,,,,,,,,,,,,,,,,,,,,,,,,,,,,,,,,,,,,,,,,,,,,,,,,,,,,,,,,,,,,,,,,,,,,,,,,,,,,,,,,,,,,,,,,,,,,,,,,,,,,,,,,,,,,,,,,,,,,,,,,,,,,,,,,,,,,,,,,,,,,,,,,,,,,,,,,,,,,,,,,,,,,,Festool_USA_578512.jpg,,,,,,,,,Festool_USA_578512_Specification_Sheet.pdf,,,,,,,,,,,,,,,,,,No
,,,,,,66043899,Tools & Industrial Hardware,Industrial Maintenance,General Supplies,4043899,577871,577871 Festool Dust Extractor - CT 26,-- Unbranded --,-- No Unilog Brand --,-- No DIB Brand --,Festool USA (FESTO),Festool USA,Festool USA,,577871,,Tools & Industrial Hardware>Industrial Maintenance>General Supplies,"Festool USA, General Supplie, 577871",GENERAL SUPPLIE,Festool USA 577871 General Supplie,Festool USA General Supplie,General Supplie,,,,,,,,,,,,,,,,,,,,,,,,,,,General Supplie,Model,577871,,,,,,,,,,,,,,,,,,,,,,,,,,,,,,,,,,,,,,,,,,,,,,,,,,,,,,,,,,,,,,,,,,,,,,,,,,,,,,,,,,,,,,,,,,,,,,,,,,,,,,,,,,,,,,,,,,,,,,,,,,,,,,,,,,,,,,,,,,,,,,,,,,,,,,,,,,,,,,,,,,,,,,,,Festool_USA_577871.jpg,,,,,,,,,Festool_USA_577871_Specification_Sheet.pdf,,,,,,,,,,,,,,,,,,No
,,,,,,19047581,Tools & Industrial Hardware,Industrial Maintenance,General Supplies,2047581,577874,577874 Festool Dust Extractor - CT 36,-- Unbranded --,-- No Unilog Brand --,-- No DIB Brand --,Festool USA (FESTO),Festool USA,Festool USA,,577874,,Tools & Industrial Hardware>Industrial Maintenance>General Supplies,"Festool USA, General Supplie, 577874",GENERAL SUPPLIE,Festool USA 577874 General Supplie,Festool USA General Supplie,General Supplie,,,,,,,,,,,,,,,,,,,,,,,,,,,General Supplie,Model,577874,,,,,,,,,,,,,,,,,,,,,,,,,,,,,,,,,,,,,,,,,,,,,,,,,,,,,,,,,,,,,,,,,,,,,,,,,,,,,,,,,,,,,,,,,,,,,,,,,,,,,,,,,,,,,,,,,,,,,,,,,,,,,,,,,,,,,,,,,,,,,,,,,,,,,,,,,,,,,,,,,,,,,,,,Festool_USA_577874.jpg,,,,,,,,,Festool_USA_577874_Specification_Sheet.pdf,,,,,,,,,,,,,,,,,,No
,,,,,,82033478,Tools & Industrial Hardware,Industrial Maintenance,General Supplies,2033478,577876,577876 Festool Dust Extractor - CT 48,-- Unbranded --,-- No Unilog Brand --,-- No DIB Brand --,Festool USA (FESTO),Festool USA,Festool USA,,577876,,Tools & Industrial Hardware>Industrial Maintenance>General Supplies,"Festool USA, General Supplie, 577876",GENERAL SUPPLIE,Festool USA 577876 General Supplie,Festool USA General Supplie,General Supplie,,,,,,,,,,,,,,,,,,,,,,,,,,,General Supplie,Model,577876,,,,,,,,,,,,,,,,,,,,,,,,,,,,,,,,,,,,,,,,,,,,,,,,,,,,,,,,,,,,,,,,,,,,,,,,,,,,,,,,,,,,,,,,,,,,,,,,,,,,,,,,,,,,,,,,,,,,,,,,,,,,,,,,,,,,,,,,,,,,,,,,,,,,,,,,,,,,,,,,,,,,,,,,Festool_USA_577876.jpg,,,,,,,,,Festool_USA_577876_Specification_Sheet.pdf,,,,,,,,,,,,,,,,,,No
,,,,,,59295622,Tools & Industrial Hardware,Industrial Maintenance,General Supplies,6295622,578441,578441 Festool Dust Extractor-CT 15 HEPA,-- Unbranded --,-- No Unilog Brand --,-- No DIB Brand --,Festool USA (FESTO),Festool USA,Festool USA,,578441,,Tools & Industrial Hardware>Industrial Maintenance>General Supplies,"Festool USA, General Supplie, 578441",GENERAL SUPPLIE,Festool USA 578441 General Supplie,Festool USA General Supplie,General Supplie,,,,,,,,,,,,,,,,,,,,,,,,,,,General Supplie,Model,578441,,,,,,,,,,,,,,,,,,,,,,,,,,,,,,,,,,,,,,,,,,,,,,,,,,,,,,,,,,,,,,,,,,,,,,,,,,,,,,,,,,,,,,,,,,,,,,,,,,,,,,,,,,,,,,,,,,,,,,,,,,,,,,,,,,,,,,,,,,,,,,,,,,,,,,,,,,,,,,,,,,,,,,,,Festool_USA_578441.jpg,,,,,,,,,Festool_USA_578441_Specification_Sheet.pdf,,,,,,,,,,,,,,,,,,No
,,,,,,89105788,Tools & Hardware,Power Tools,Cutting & Drilling Tools,9105788,DCK225D2,DCK225D2 Dewalt Impact/Drill - Kit,-- Unbranded --,-- No Unilog Brand --,DEWALT,Black & Decker/dewlt (2585),Black & Decker/dewlt,DEWALT®,,DCK225D2,,Tools & Hardware>Power Tools>Cutting & Drilling Tools,"Black & Decker/dewlt, Cutting & Drilling Tool, DCK225D2",CUTTING & DRILLING TOOL,DEWALT® DCK225D2 Cutting & Drilling Tool,DEWALT® Cutting & Drilling Tool,Cutting & Drilling Tool,,,,,,,,,,,,,,,,,,,,,,,,,,,Cutting & Drilling Tool,Model,DCK225D2,,,,,,,,,,,,,,,,,,,,,,,,,,,,,,,,,,,,,,,,,,,,,,,,,,,,,,,,,,,,,,,,,,,,,,,,,,,,,,,,,,,,,,,,,,,,,,,,,,,,,,,,,,,,,,,,,,,,,,,,,,,,,,,,,,,,,,,,,,,,,,,,,,,,,,,,,,,,,,,,,,,,,,,,DEWALT_DCK225D2.jpg,,,,,,,,,DEWALT_DCK225D2_Specification_Sheet.pdf,,,,,,,,,,,,,,,,,,No
,,,,,,68157771,Building Materials,Decking & Building Products,Composite Decking & Trim,6157771,DCK2101QQ2,Dewalt DCK2101QQ2 20V 2Pc Kit,-- Unbranded --,-- No Unilog Brand --,-- No DIB Brand --,Black & Decker/dewlt (2585),Black & Decker/dewlt,Black & Decker/dewlt,,DCK2101QQ2,,Building Materials>Decking & Building Products>Composite Decking,"Black & Decker/dewlt, Composite Decking & Trim, DCK2101QQ2",COMPOSITE DECKING & TRIM 20V,Black & Decker/dewlt DCK2101QQ2 Composite Decking & Trim,"Black & Decker/dewlt Composite Decking & Trim, 20 V",Composite Decking & Trim,,,,,,,,,,,,,,,,,,,,,,,,,,,Composite Decking & Trim,Model,DCK2101QQ2,,Voltage Rating,20,V,,,,,,,,,,,,,,,,,,,,,,,,,,,,,,,,,,,,,,,,,,,,,,,,,,,,,,,,,,,,,,,,,,,,,,,,,,,,,,,,,,,,,,,,,,,,,,,,,,,,,,,,,,,,,,,,,,,,,,,,,,,,,,,,,,,,,,,,,,,,,,,,,,,,,,,,,,,,,,,,,,,,Black_AND_Decker/dewlt_DCK2101QQ2.jpg,,,,,,,,,Black_AND_Decker/dewlt_DCK2101QQ2_Specification_Sheet.pdf,,,,,,,,,,,,,,,,,,No
,,,,,,32797632,Tools & Industrial Hardware,Industrial Maintenance,General Supplies,6797632,4000-2/32,4000-2/32 DREMEL ROTARY TOOL,-- Unbranded --,-- No Unilog Brand --,Dremel,Robt Bosch Tool Corp (6564),Robt Bosch Tool Corp,Dremel,,4000-2/32,,Tools & Industrial Hardware>Industrial Maintenance>General Supplies,"Robt Bosch Tool Corp, General Supplie, 4000-2/32",GENERAL SUPPLIE,Dremel 4000-2/32 General Supplie,Dremel General Supplie,General Supplie,,,,,,,,,,,,,,,,,,,,,,,,,,,General Supplie,Model,4000-2/32,,,,,,,,,,,,,,,,,,,,,,,,,,,,,,,,,,,,,,,,,,,,,,,,,,,,,,,,,,,,,,,,,,,,,,,,,,,,,,,,,,,,,,,,,,,,,,,,,,,,,,,,,,,,,,,,,,,,,,,,,,,,,,,,,,,,,,,,,,,,,,,,,,,,,,,,,,,,,,,,,,,,,,,,Dremel_4000-2/32.jpg,,,,,,,,,Dremel_4000-2/32_Specification_Sheet.pdf,,,,,,,,,,,,,,,,,,No
,,,,,,39509754,Tools & Industrial Hardware,Industrial Maintenance,General Supplies,4509754,3100-1/15,3100-1/15 Dremel Rotary Tool - Kit 15pc,-- Unbranded --,-- No Unilog Brand --,Dremel,Robt Bosch Tool Corp (6564),Robt Bosch Tool Corp,Dremel,,3100-1/15,,Tools & Industrial Hardware>Industrial Maintenance>General Supplies,"Robt Bosch Tool Corp, General Supplie, 3100-1/15",GENERAL SUPPLIE,Dremel 3100-1/15 General Supplie,Dremel General Supplie,General Supplie,,,,,,,,,,,,,,,,,,,,,,,,,,,General Supplie,Model,3100-1/15,,,,,,,,,,,,,,,,,,,,,,,,,,,,,,,,,,,,,,,,,,,,,,,,,,,,,,,,,,,,,,,,,,,,,,,,,,,,,,,,,,,,,,,,,,,,,,,,,,,,,,,,,,,,,,,,,,,,,,,,,,,,,,,,,,,,,,,,,,,,,,,,,,,,,,,,,,,,,,,,,,,,,,,,Dremel_3100-1/15.jpg,,,,,,,,,Dremel_3100-1/15_Specification_Sheet.pdf,,,,,,,,,,,,,,,,,,No
,,,,,,27035395,Tools & Industrial Hardware,Industrial Maintenance,General Supplies,1035395,T-90043,T-90043 Deep Medium Organizer,-- Unbranded --,-- No Unilog Brand --,-- No DIB Brand --,Makita Usa Inc (5142),Makita Usa Inc,Makita Usa Inc,,T-90043,,Tools & Industrial Hardware>Industrial Maintenance>General Supplies,"Makita Usa Inc, General Supplie, T-90043",GENERAL SUPPLIE,Makita Usa Inc T-90043 General Supplie,Makita Usa Inc General Supplie,General Supplie,,,,,,,,,,,,,,,,,,,,,,,,,,,General Supplie,Model,T-90043,,,,,,,,,,,,,,,,,,,,,,,,,,,,,,,,,,,,,,,,,,,,,,,,,,,,,,,,,,,,,,,,,,,,,,,,,,,,,,,,,,,,,,,,,,,,,,,,,,,,,,,,,,,,,,,,,,,,,,,,,,,,,,,,,,,,,,,,,,,,,,,,,,,,,,,,,,,,,,,,,,,,,,,,Makita_Usa_Inc_T-90043.jpg,,,,,,,,,Makita_Usa_Inc_T-90043_Specification_Sheet.pdf,,,,,,,,,,,,,,,,,,No
,,,,,,80336419,Tools & Industrial Hardware,Industrial Maintenance,General Supplies,9336419,T-90059,T-90059 Low Profile Medium - Organizer,-- Unbranded --,-- No Unilog Brand --,-- No DIB Brand --,Makita Usa Inc (5142),Makita Usa Inc,Makita Usa Inc,,T-90059,,Tools & Industrial Hardware>Industrial Maintenance>General Supplies,"Makita Usa Inc, General Supplie, T-90059",GENERAL SUPPLIE,Makita Usa Inc T-90059 General Supplie,Makita Usa Inc General Supplie,General Supplie,,,,,,,,,,,,,,,,,,,,,,,,,,,General Supplie,Model,T-90059,,,,,,,,,,,,,,,,,,,,,,,,,,,,,,,,,,,,,,,,,,,,,,,,,,,,,,,,,,,,,,,,,,,,,,,,,,,,,,,,,,,,,,,,,,,,,,,,,,,,,,,,,,,,,,,,,,,,,,,,,,,,,,,,,,,,,,,,,,,,,,,,,,,,,,,,,,,,,,,,,,,,,,,,Makita_Usa_Inc_T-90059.jpg,,,,,,,,,Makita_Usa_Inc_T-90059_Specification_Sheet.pdf,,,,,,,,,,,,,,,,,,No
,,,,,,54749644,Tools & Industrial Hardware,Industrial Maintenance,General Supplies,1749644,T-90065,T-90065 Deep Compact Organizer,-- Unbranded --,-- No Unilog Brand --,-- No DIB Brand --,Makita Usa Inc (5142),Makita Usa Inc,Makita Usa Inc,,T-90065,,Tools & Industrial Hardware>Industrial Maintenance>General Supplies,"Makita Usa Inc, General Supplie, T-90065",GENERAL SUPPLIE,Makita Usa Inc T-90065 General Supplie,Makita Usa Inc General Supplie,General Supplie,,,,,,,,,,,,,,,,,,,,,,,,,,,General Supplie,Model,T-90065,,,,,,,,,,,,,,,,,,,,,,,,,,,,,,,,,,,,,,,,,,,,,,,,,,,,,,,,,,,,,,,,,,,,,,,,,,,,,,,,,,,,,,,,,,,,,,,,,,,,,,,,,,,,,,,,,,,,,,,,,,,,,,,,,,,,,,,,,,,,,,,,,,,,,,,,,,,,,,,,,,,,,,,,Makita_Usa_Inc_T-90065.jpg,,,,,,,,,Makita_Usa_Inc_T-90065_Specification_Sheet.pdf,,,,,,,,,,,,,,,,,,No
,,,,,,26468750,Tools & Industrial Hardware,Industrial Maintenance,General Supplies,9468750,10047VS,10047VS Oliver 3HP 230V 1PH Shaper 1-1/4 Spindle,-- Unbranded --,-- No Unilog Brand --,-- No DIB Brand --,Oliver Machinery Company (OLIMA),Oliver Machinery Company,Oliver Machinery Company,,10047VS,,Tools & Industrial Hardware>Industrial Maintenance>General Supplies,"Oliver Machinery Company, General Supplie, 10047VS",GENERAL SUPPLIE 230V,Oliver Machinery Company 10047VS General Supplie,"Oliver Machinery Company General Supplie, 230 V",General Supplie,,,,,,,,,,,,,,,,,,,,,,,,,,,General Supplie,Model,10047VS,,Voltage Rating,230,V,,,,,,,,,,,,,,,,,,,,,,,,,,,,,,,,,,,,,,,,,,,,,,,,,,,,,,,,,,,,,,,,,,,,,,,,,,,,,,,,,,,,,,,,,,,,,,,,,,,,,,,,,,,,,,,,,,,,,,,,,,,,,,,,,,,,,,,,,,,,,,,,,,,,,,,,,,,,,,,,,,,,Oliver_Machinery_Company_10047VS.jpg,,,,,,,,,Oliver_Machinery_Company_10047VS_Specification_Sheet.pdf,,,,,,,,,,,,,,,,,,No
,,,,,,21449463,Tools & Industrial Hardware,Industrial Maintenance,General Supplies,4449463,MAG:2044-230-1,2044-230-1 Stock Feeder 4-Roll - Steff,-- Unbranded --,-- No Unilog Brand --,-- No DIB Brand --,J&G Machinery (JGMAC),J&G Machinery,J&G Machinery,,MAG:2044-230-1,,Tools & Industrial Hardware>Industrial Maintenance>General Supplies,"J&G Machinery, General Supplie, MAG:2044-230-1",GENERAL SUPPLIE,J&G Machinery MAG:2044-230-1 General Supplie,J&G Machinery General Supplie,General Supplie,,,,,,,,,,,,,,,,,,,,,,,,,,,General Supplie,Model,MAG:2044-230-1,,,,,,,,,,,,,,,,,,,,,,,,,,,,,,,,,,,,,,,,,,,,,,,,,,,,,,,,,,,,,,,,,,,,,,,,,,,,,,,,,,,,,,,,,,,,,,,,,,,,,,,,,,,,,,,,,,,,,,,,,,,,,,,,,,,,,,,,,,,,,,,,,,,,,,,,,,,,,,,,,,,,,,,,JANDG_Machinery_MAG:2044-230-1.jpg,,,,,,,,,JANDG_Machinery_MAG:2044-230-1_Specification_Sheet.pdf,,,,,,,,,,,,,,,,,,No
,,,,,,22671018,Tools & Industrial Hardware,Industrial Maintenance,General Supplies,5671018,XTP242,"42"" XTP XTENDER PRO Fence - XTP242",-- Unbranded --,-- No Unilog Brand --,-- No DIB Brand --,Bow Products (BOWPR),Bow Products,Bow Products,,XTP242,,Tools & Industrial Hardware>Industrial Maintenance>General Supplies,"Bow Products, General Supplie, XTP242",GENERAL SUPPLIE,Bow Products XTP242 General Supplie,Bow Products General Supplie,General Supplie,,,,,,,,,,,,,,,,,,,,,,,,,,,General Supplie,Model,XTP242,,,,,,,,,,,,,,,,,,,,,,,,,,,,,,,,,,,,,,,,,,,,,,,,,,,,,,,,,,,,,,,,,,,,,,,,,,,,,,,,,,,,,,,,,,,,,,,,,,,,,,,,,,,,,,,,,,,,,,,,,,,,,,,,,,,,,,,,,,,,,,,,,,,,,,,,,,,,,,,,,,,,,,,,Bow_Products_XTP242.jpg,,,,,,,,,Bow_Products_XTP242_Specification_Sheet.pdf,,,,,,,,,,,,,,,,,,No
,,,,,,48418261,Tools & Hardware,Power Tools,Cutting & Drilling Tools,4418261,AAS-P,AAS-P Align-A-Saw Plate Only,-- Unbranded --,-- No Unilog Brand --,-- No DIB Brand --,Woodpeckers Inc (WOODP),Woodpeckers Inc,Woodpeckers Inc,,AAS-P,,Tools & Hardware>Power Tools>Cutting & Drilling Tools,"Woodpeckers Inc, Cutting & Drilling Tool, AAS-P",CUTTING & DRILLING TOOL,Woodpeckers Inc AAS-P Cutting & Drilling Tool,Woodpeckers Inc Cutting & Drilling Tool,Cutting & Drilling Tool,,,,,,,,,,,,,,,,,,,,,,,,,,,Cutting & Drilling Tool,Model,AAS-P,,,,,,,,,,,,,,,,,,,,,,,,,,,,,,,,,,,,,,,,,,,,,,,,,,,,,,,,,,,,,,,,,,,,,,,,,,,,,,,,,,,,,,,,,,,,,,,,,,,,,,,,,,,,,,,,,,,,,,,,,,,,,,,,,,,,,,,,,,,,,,,,,,,,,,,,,,,,,,,,,,,,,,,,Woodpeckers_Inc_AAS-P.jpg,,,,,,,,,Woodpeckers_Inc_AAS-P_Specification_Sheet.pdf,,,,,,,,,,,,,,,,,,No
,,,,,,90365067,Lighting & Electrical,Lighting,Lamps & Bulbs,1365067,SSCMS,SSCMS Stealthstop Miter Sled,-- Unbranded --,-- No Unilog Brand --,-- No DIB Brand --,Woodpeckers Inc (WOODP),Woodpeckers Inc,Woodpeckers Inc,,SSCMS,,Lighting & Electrical>Lighting>Lamps & Fixtures,"Woodpeckers Inc, Lamps & Bulb, SSCMS",LAMPS & BULB,Woodpeckers Inc SSCMS Lamps & Bulb,Woodpeckers Inc Lamps & Bulb,Lamps & Bulb,,,,,,,,,,,,,,,,,,,,,,,,,,,Lamps & Bulb,Model,SSCMS,,,,,,,,,,,,,,,,,,,,,,,,,,,,,,,,,,,,,,,,,,,,,,,,,,,,,,,,,,,,,,,,,,,,,,,,,,,,,,,,,,,,,,,,,,,,,,,,,,,,,,,,,,,,,,,,,,,,,,,,,,,,,,,,,,,,,,,,,,,,,,,,,,,,,,,,,,,,,,,,,,,,,,,,Woodpeckers_Inc_SSCMS.jpg,,,,,,,,,Woodpeckers_Inc_SSCMS_Specification_Sheet.pdf,,,,,,,,,,,,,,,,,,No
,,,,,,68741229,Tools & Industrial Hardware,Industrial Maintenance,General Supplies,6741229,4225.201,"4225.201 Oliver 6"" HH Jointer Paralleogram",-- Unbranded --,-- No Unilog Brand --,-- No DIB Brand --,Oliver Machinery Company (OLIMA),Oliver Machinery Company,Oliver Machinery Company,,4225.201,,Tools & Industrial Hardware>Industrial Maintenance>General Supplies,"Oliver Machinery Company, General Supplie, 4225.201",GENERAL SUPPLIE,Oliver Machinery Company 4225.201 General Supplie,Oliver Machinery Company General Supplie,General Supplie,,,,,,,,,,,,,,,,,,,,,,,,,,,General Supplie,Model,4225.201,,,,,,,,,,,,,,,,,,,,,,,,,,,,,,,,,,,,,,,,,,,,,,,,,,,,,,,,,,,,,,,,,,,,,,,,,,,,,,,,,,,,,,,,,,,,,,,,,,,,,,,,,,,,,,,,,,,,,,,,,,,,,,,,,,,,,,,,,,,,,,,,,,,,,,,,,,,,,,,,,,,,,,,,Oliver_Machinery_Company_4225.201.jpg,,,,,,,,,Oliver_Machinery_Company_4225.201_Specification_Sheet.pdf,,,,,,,,,,,,,,,,,,No
,,,,,,10077775,Tools & Industrial Hardware,Industrial Maintenance,General Supplies,2077775,KC-426C,"KC-426C 12"" Portable Planer",-- Unbranded --,-- No Unilog Brand --,-- No DIB Brand --,King Canada Inc (KINCA),King Canada Inc,King Canada Inc,,KC-426C,,Tools & Industrial Hardware>Industrial Maintenance>General Supplies,"King Canada Inc, General Supplie, KC-426C",GENERAL SUPPLIE,King Canada Inc KC-426C General Supplie,King Canada Inc General Supplie,General Supplie,,,,,,,,,,,,,,,,,,,,,,,,,,,General Supplie,Model,KC-426C,,,,,,,,,,,,,,,,,,,,,,,,,,,,,,,,,,,,,,,,,,,,,,,,,,,,,,,,,,,,,,,,,,,,,,,,,,,,,,,,,,,,,,,,,,,,,,,,,,,,,,,,,,,,,,,,,,,,,,,,,,,,,,,,,,,,,,,,,,,,,,,,,,,,,,,,,,,,,,,,,,,,,,,,King_Canada_Inc_KC-426C.jpg,,,,,,,,,King_Canada_Inc_KC-426C_Specification_Sheet.pdf,,,,,,,,,,,,,,,,,,No
,,,,,,82650000,Tools & Industrial Hardware,Industrial Maintenance,General Supplies,2650000,10045.201,"10045.201 Oliver 13"" Benchtop Planer 2HP,115V 1Ph",-- Unbranded --,-- No Unilog Brand --,-- No DIB Brand --,Oliver Machinery Company (OLIMA),Oliver Machinery Company,Oliver Machinery Company,,10045.201,,Tools & Industrial Hardware>Industrial Maintenance>General Supplies,"Oliver Machinery Company, General Supplie, 10045.201",GENERAL SUPPLIE 115V,Oliver Machinery Company 10045.201 General Supplie,"Oliver Machinery Company General Supplie, 115 V",General Supplie,,,,,,,,,,,,,,,,,,,,,,,,,,,General Supplie,Model,10045.201,,Voltage Rating,115,V,,,,,,,,,,,,,,,,,,,,,,,,,,,,,,,,,,,,,,,,,,,,,,,,,,,,,,,,,,,,,,,,,,,,,,,,,,,,,,,,,,,,,,,,,,,,,,,,,,,,,,,,,,,,,,,,,,,,,,,,,,,,,,,,,,,,,,,,,,,,,,,,,,,,,,,,,,,,,,,,,,,,Oliver_Machinery_Company_10045.201.jpg,,,,,,,,,Oliver_Machinery_Company_10045.201_Specification_Sheet.pdf,,,,,,,,,,,,,,,,,,No
,,,,,,37053607,Tools & Industrial Hardware,Industrial Maintenance,General Supplies,2053607,10014.201,"10014.201 Oliver 15"" Planer 3HP 1Ph 220V",-- Unbranded --,-- No Unilog Brand --,-- No DIB Brand --,Oliver Machinery Company (OLIMA),Oliver Machinery Company,Oliver Machinery Company,,10014.201,,Tools & Industrial Hardware>Industrial Maintenance>General Supplies,"Oliver Machinery Company, General Supplie, 10014.201",GENERAL SUPPLIE 220V,Oliver Machinery Company 10014.201 General Supplie,"Oliver Machinery Company General Supplie, 220 V",General Supplie,,,,,,,,,,,,,,,,,,,,,,,,,,,General Supplie,Model,10014.201,,Voltage Rating,220,V,,,,,,,,,,,,,,,,,,,,,,,,,,,,,,,,,,,,,,,,,,,,,,,,,,,,,,,,,,,,,,,,,,,,,,,,,,,,,,,,,,,,,,,,,,,,,,,,,,,,,,,,,,,,,,,,,,,,,,,,,,,,,,,,,,,,,,,,,,,,,,,,,,,,,,,,,,,,,,,,,,,,Oliver_Machinery_Company_10014.201.jpg,,,,,,,,,Oliver_Machinery_Company_10014.201_Specification_Sheet.pdf,,,,,,,,,,,,,,,,,,No
,,,,,,65814564,Tools & Industrial Hardware,Industrial Maintenance,General Supplies,3814564,4430.201,"4430.201 Oliver 20"" Planer 5HP 1Ph 230V",-- Unbranded --,-- No Unilog Brand --,-- No DIB Brand --,Oliver Machinery Company (OLIMA),Oliver Machinery Company,Oliver Machinery Company,,4430.201,,Tools & Industrial Hardware>Industrial Maintenance>General Supplies,"Oliver Machinery Company, General Supplie, 4430.201",GENERAL SUPPLIE 230V,Oliver Machinery Company 4430.201 General Supplie,"Oliver Machinery Company General Supplie, 230 V",General Supplie,,,,,,,,,,,,,,,,,,,,,,,,,,,General Supplie,Model,4430.201,,Voltage Rating,230,V,,,,,,,,,,,,,,,,,,,,,,,,,,,,,,,,,,,,,,,,,,,,,,,,,,,,,,,,,,,,,,,,,,,,,,,,,,,,,,,,,,,,,,,,,,,,,,,,,,,,,,,,,,,,,,,,,,,,,,,,,,,,,,,,,,,,,,,,,,,,,,,,,,,,,,,,,,,,,,,,,,,,Oliver_Machinery_Company_4430.201.jpg,,,,,,,,,Oliver_Machinery_Company_4430.201_Specification_Sheet.pdf,,,,,,,,,,,,,,,,,,No
,,,,,,55715084,Tools & Industrial Hardware,Industrial Maintenance,General Supplies,2715084,10055.201,"10055.201 Oliver 15"" Benchtop Planer 2.5HP 1Ph 230V",-- Unbranded --,-- No Unilog Brand --,-- No DIB Brand --,Oliver Machinery Company (OLIMA),Oliver Machinery Company,Oliver Machinery Company,,10055.201,,Tools & Industrial Hardware>Industrial Maintenance>General Supplies,"Oliver Machinery Company, General Supplie, 10055.201",GENERAL SUPPLIE 230V,Oliver Machinery Company 10055.201 General Supplie,"Oliver Machinery Company General Supplie, 230 V",General Supplie,,,,,,,,,,,,,,,,,,,,,,,,,,,General Supplie,Model,10055.201,,Voltage Rating,230,V,,,,,,,,,,,,,,,,,,,,,,,,,,,,,,,,,,,,,,,,,,,,,,,,,,,,,,,,,,,,,,,,,,,,,,,,,,,,,,,,,,,,,,,,,,,,,,,,,,,,,,,,,,,,,,,,,,,,,,,,,,,,,,,,,,,,,,,,,,,,,,,,,,,,,,,,,,,,,,,,,,,,Oliver_Machinery_Company_10055.201.jpg,,,,,,,,,Oliver_Machinery_Company_10055.201_Specification_Sheet.pdf,,,,,,,,,,,,,,,,,,No
,,,,,,97936828,Tools & Hardware,Power Tools,Cutting & Drilling Tools,8936828,T27417,T27417 Grizzly OscillatingEdge - Belt and Spindle Sander,-- Unbranded --,-- No Unilog Brand --,-- No DIB Brand --,Woodstock Intl (3658),Woodstock Intl,Woodstock Intl,,T27417,,Tools & Hardware>Power Tools>Cutting & Drilling Tools,"Woodstock Intl, Cutting & Drilling Tool, T27417",CUTTING & DRILLING TOOL,Woodstock Intl T27417 Cutting & Drilling Tool,Woodstock Intl Cutting & Drilling Tool,Cutting & Drilling Tool,,,,,,,,,,,,,,,,,,,,,,,,,,,Cutting & Drilling Tool,Model,T27417,,,,,,,,,,,,,,,,,,,,,,,,,,,,,,,,,,,,,,,,,,,,,,,,,,,,,,,,,,,,,,,,,,,,,,,,,,,,,,,,,,,,,,,,,,,,,,,,,,,,,,,,,,,,,,,,,,,,,,,,,,,,,,,,,,,,,,,,,,,,,,,,,,,,,,,,,,,,,,,,,,,,,,,,Woodstock_Intl_T27417.jpg,,,,,,,,,Woodstock_Intl_T27417_Specification_Sheet.pdf,,,,,,,,,,,,,,,,,,No
